Problem97.C5D3B.partnerApex_center_false_of_minimal_u3	lean/RVOL/P97/C5D3BC2LargeCapInterior.lean	1507	theorem partnerApex_center_false_of_minimal_u3 {D : CounterexampleData} {i : Fin 2} {x : ℝ²} {B : Finset ℝ²} (hM44 : D.IsM44) (hU2 : U2Statement D) (hmin : D.Minimal) (hU3 : U3ShortCapSaturation D) (K : U5QAllowedK4Class D x B) (hx : x = partnerApex D i) : False
Problem97.C5D3B.rowCrossingLeft_empty_of_rowCircle_mec	lean/RVOL/P97/C5D3BPacket.lean	1063	theorem rowCrossingLeft_empty_of_rowCircle_mec {D : CounterexampleData} {q v1 v3 qs w u : ℝ²} (row : C5D3BTerminalPacket D q v1 v3 qs w u) (M : CircumscribedMECPacket D.A D.packet.triangle) {x y h : ℝ} (hh_pos : 0 < h) (hv3Coord : v3 = normalizedPoint 0 0) (hqCoord : q = normalizedPoint 1 0) (hv1Coord : v1 = normalizedPoint ((1 : ℝ) / 2) h) (hqsCoord : qs = normalizedPoint ((1 : ℝ) / 2) (-h)) (huCoord : u = normalizedPoint x y) (hcenter : M.center = normalizedPoint 0 0) (hradius : M.radius = 1) (hleft : 0 < signedArea2 v1 qs u) : False
Problem97.C5D3BEndpointCutInputs.fixedLaneLeft_empty_of_uIndex_rowCircle_mec	lean/RVOL/P97/C5D3BPacket.lean	1939	theorem fixedLaneLeft_empty_of_uIndex_rowCircle_mec {D : CounterexampleData} {q v1 v3 qs w u : ℝ²} (P : C5D3BEndpointCutInputs D q v1 v3 qs w u) (M : CircumscribedMECPacket D.A D.packet.triangle) {x y h : ℝ} (hh_pos : 0 < h) (hfirst : P.setup.oriented.endpoints.C1Block.L.points (CGN.firstIndex P.setup.oriented.endpoints.C1Block.Hord.hm) = C5D3B.normalizedPoint ((1 : ℝ) / 2) h) (hlast : P.setup.oriented.endpoints.C1Block.L.points (CGN.lastIndex P.setup.oriented.endpoints.C1Block.Hord.hm) = C5D3B.normalizedPoint ((1 : ℝ) / 2) (-h)) (hv3Coord : v3 = C5D3B.normalizedPoint 0 0) (hqCoord : q = C5D3B.normalizedPoint 1 0) (huCoord : u = C5D3B.normalizedPoint x y) (hcenter : M.center = C5D3B.normalizedPoint 0 0) (hradius : M.radius = 1) : False
Problem97.C5D3B.qAllowedSelected_w_center_q_anchor_mem_v3_false	lean/RVOL/P97/C5D3BPacket.lean	13115	theorem qAllowedSelected_w_center_q_anchor_mem_v3_false {D : CounterexampleData} {q v1 v3 qs w u s t a : ℝ²} (P : C5D3BSameSideTerminalPacket D q v1 v3 qs w u) (H : U5QAllowedAuditSupport D q v3 ({v1, qs, w} : Finset ℝ²) u) {hs : s ∈ U5BoundedAuditCenters D q v3 ({v1, qs, w} : Finset ℝ²) u H.a0 H.a1} (hsw : s = w) (haq : a = q) (hsPair : ((H.selected_classes s hs).1 ∩ (({q, w, H.a0, H.a1} : Finset ℝ²).erase s)) = ({t, a} : Finset ℝ²)) (hv3B : v3 ∈ (H.selected_classes s hs).1) : False
Problem97.C5D3B.qAllowedSelected_w_center_q_anchor_v3_pair_false	lean/RVOL/P97/C5D3BPacket.lean	13159	theorem qAllowedSelected_w_center_q_anchor_v3_pair_false {D : CounterexampleData} {q v1 v3 qs w u s t a r b : ℝ²} (P : C5D3BSameSideTerminalPacket D q v1 v3 qs w u) (H : U5QAllowedAuditSupport D q v3 ({v1, qs, w} : Finset ℝ²) u) {hs : s ∈ U5BoundedAuditCenters D q v3 ({v1, qs, w} : Finset ℝ²) u H.a0 H.a1} (hsw : s = w) (haq : a = q) (hB : (H.selected_classes s hs).1 = ({t, a} : Finset ℝ²) ∪ ({r, b} : Finset ℝ²)) (hv3pair : v3 ∈ ({r, b} : Finset ℝ²)) : False
Problem97.C5D3B.qAllowedSelected_full_w_center_common_v3_false	lean/RVOL/P97/C5D3BPacket.lean	16080	theorem qAllowedSelected_full_w_center_common_v3_false {D : CounterexampleData} {q v1 v3 qs w u s t r : ℝ²} (P : C5D3BSameSideTerminalPacket D q v1 v3 qs w u) (H : U5QAllowedAuditSupport D q v3 ({v1, qs, w} : Finset ℝ²) u) {hs : s ∈ U5BoundedAuditCenters D q v3 ({v1, qs, w} : Finset ℝ²) u H.a0 H.a1} {ht : t ∈ U5BoundedAuditCenters D q v3 ({v1, qs, w} : Finset ℝ²) u H.a0 H.a1} (htw : t = w) (htfull : ((H.selected_classes t ht).1 ∩ (({q, w, H.a0, H.a1} : Finset ℝ²).erase t)) = (({q, w, H.a0, H.a1} : Finset ℝ²).erase t)) (hr : r ∈ (((H.selected_classes s hs).1 ∩ (H.selected_classes t ht).1) ∩ ({v3, v1, qs, u} : Finset ℝ²))) (hrv3 : r = v3) : False
Problem97.C5D3B.qAllowedSelected_w_center_q_anchor_crossing_pair_false	lean/RVOL/P97/C5D3BPacket.lean	17966	theorem qAllowedSelected_w_center_q_anchor_crossing_pair_false {D : CounterexampleData} {q v1 v3 qs w u s t a r b : ℝ²} (P : C5D3BSameSideTerminalPacket D q v1 v3 qs w u) (H : U5QAllowedAuditSupport D q v3 ({v1, qs, w} : Finset ℝ²) u) {hs : s ∈ U5BoundedAuditCenters D q v3 ({v1, qs, w} : Finset ℝ²) u H.a0 H.a1} (hsw : s = w) (haq : a = q) (hB : (H.selected_classes s hs).1 = ({t, a} : Finset ℝ²) ∪ ({r, b} : Finset ℝ²)) (hcross : (b = v1 ∧ r = qs) ∨ (b = qs ∧ r = v1)) : False
Problem97.C5D3B.qAllowedSelected_full_center_q_anchor_common_crossing_false	lean/RVOL/P97/C5D3BPacket.lean	18639	theorem qAllowedSelected_full_center_q_anchor_common_crossing_false {D : CounterexampleData} {q v1 v3 qs w u s t r : ℝ²} (P : C5D3BSameSideTerminalPacket D q v1 v3 qs w u) (H : U5QAllowedAuditSupport D q v3 ({v1, qs, w} : Finset ℝ²) u) {ht : t ∈ U5BoundedAuditCenters D q v3 ({v1, qs, w} : Finset ℝ²) u H.a0 H.a1} (htrow : t ∈ ({w, H.a0, H.a1} : Finset ℝ²)) (hst : s ≠ t) (htfull : ((H.selected_classes t ht).1 ∩ (({q, w, H.a0, H.a1} : Finset ℝ²).erase t)) = (({q, w, H.a0, H.a1} : Finset ℝ²).erase t)) (hsw : s = w) (hrcross : r = v1 ∨ r = qs) (htrw : dist t r = dist t w) : False
Problem97.C5D3B.rowCircleTailQAnchorAlignedCells_false	lean/RVOL/P97/C5D3BPacket.lean	28876	theorem rowCircleTailQAnchorAlignedCells_false {D : CounterexampleData} {q v1 v3 qs w u s t a b r : ℝ²} (P : C5D3BSameSideTerminalPacket D q v1 v3 qs w u) {H : U5QAllowedAuditSupport D q v3 ({v1, qs, w} : Finset ℝ²) u} {hs : s ∈ U5BoundedAuditCenters D q v3 ({v1, qs, w} : Finset ℝ²) u H.a0 H.a1} {ht : t ∈ U5BoundedAuditCenters D q v3 ({v1, qs, w} : Finset ℝ²) u H.a0 H.a1} (hcell : C5D3B.rowCircleTailQAnchorAlignedCells D q v1 v3 qs w u s t a b r H hs ht) : False
Problem97.C5D3B.qAllowedSelected_exact_pair_w_q_anchor_crossing_false	lean/RVOL/P97/C5D3BPacket.lean	31140	theorem qAllowedSelected_exact_pair_w_q_anchor_crossing_false {D : CounterexampleData} {q v1 v3 qs w u s t a r : ℝ²} (P : C5D3BSameSideTerminalPacket D q v1 v3 qs w u) (H : U5QAllowedAuditSupport D q v3 ({v1, qs, w} : Finset ℝ²) u) (hs : s ∈ U5BoundedAuditCenters D q v3 ({v1, qs, w} : Finset ℝ²) u H.a0 H.a1) (ht : t ∈ U5BoundedAuditCenters D q v3 ({v1, qs, w} : Finset ℝ²) u H.a0 H.a1) (hsrow : s ∈ ({w, H.a0, H.a1} : Finset ℝ²)) (hstwo : (((H.selected_classes s hs).1) ∩ (({q, w, H.a0, H.a1} : Finset ℝ²).erase s)).card = 2) (haA : a ∈ ({q, w, H.a0, H.a1} : Finset ℝ²)) (hsProfile : ((H.selected_classes s hs).1 ∩ (({q, w, H.a0, H.a1} : Finset ℝ²).erase s)) = ({t, a} : Finset ℝ²)) (hInter : (H.selected_classes s hs).1 ∩ (H.selected_classes t ht).1 = ({a, r} : Finset ℝ²)) (hr : r ∈ (((H.selected_classes s hs).1 ∩ (H.selected_classes t ht).1) ∩ ({v3, v1, qs, u} : Finset ℝ²))) (hsw : s = w) (haq : a = q) (hr_cross : r = v1 ∨ r = qs) : False
Problem97.C5D3B.rowCircleTailCommonUClassRecordCells_v3_false	lean/RVOL/P97/C5D3BPacket.lean	33002	theorem rowCircleTailCommonUClassRecordCells_v3_false {D : CounterexampleData} {q v1 v3 qs w u s t a b r : ℝ²} (P : C5D3BSameSideTerminalPacket D q v1 v3 qs w u) {H : U5QAllowedAuditSupport D q v3 ({v1, qs, w} : Finset ℝ²) u} {hs : s ∈ U5BoundedAuditCenters D q v3 ({v1, qs, w} : Finset ℝ²) u H.a0 H.a1} {ht : t ∈ U5BoundedAuditCenters D q v3 ({v1, qs, w} : Finset ℝ²) u H.a0 H.a1} (hcell : C5D3B.rowCircleTailCommonUClassRecordCells D q v1 v3 qs w u s t a b r H hs ht) (hbv3 : b = v3) : False
Problem97.C5D3B.rowCircleTailCommonUClassRecordCells_non_v3_false	lean/RVOL/P97/C5D3BPacket.lean	33292	theorem rowCircleTailCommonUClassRecordCells_non_v3_false {D : CounterexampleData} {q v1 v3 qs w u s t a b r : ℝ²} (P : C5D3BSameSideTerminalPacket D q v1 v3 qs w u) {H : U5QAllowedAuditSupport D q v3 ({v1, qs, w} : Finset ℝ²) u} {hs : s ∈ U5BoundedAuditCenters D q v3 ({v1, qs, w} : Finset ℝ²) u H.a0 H.a1} {ht : t ∈ U5BoundedAuditCenters D q v3 ({v1, qs, w} : Finset ℝ²) u H.a0 H.a1} (hcell : C5D3B.rowCircleTailCommonUClassRecordCells D q v1 v3 qs w u s t a b r H hs ht) (hbCases : b = v1 ∨ b = qs) : False
Problem97.C5D3B.qAllowedSelected_common_u_non_v3_false_cells	lean/RVOL/P97/C5D3BPacket.lean	33705	theorem qAllowedSelected_common_u_non_v3_false_cells {D : CounterexampleData} {q v1 v3 qs w u s t r : ℝ²} (P : C5D3BSameSideTerminalPacket D q v1 v3 qs w u) (H : U5QAllowedAuditSupport D q v3 ({v1, qs, w} : Finset ℝ²) u) (hs : s ∈ U5BoundedAuditCenters D q v3 ({v1, qs, w} : Finset ℝ²) u H.a0 H.a1) (ht : t ∈ U5BoundedAuditCenters D q v3 ({v1, qs, w} : Finset ℝ²) u H.a0 H.a1) (hsrow : s ∈ ({w, H.a0, H.a1} : Finset ℝ²)) (htrow : t ∈ ({w, H.a0, H.a1} : Finset ℝ²)) (hst : s ≠ t) (hstwo : (((H.selected_classes s hs).1) ∩ (({q, w, H.a0, H.a1} : Finset ℝ²).erase s)).card = 2) (htfull : ((H.selected_classes t ht).1 ∩ (({q, w, H.a0, H.a1} : Finset ℝ²).erase t)) = (({q, w, H.a0, H.a1} : Finset ℝ²).erase t)) (hr : r ∈ (((H.selected_classes s hs).1 ∩ (H.selected_classes t ht).1) ∩ ({v3, v1, qs, u} : Finset ℝ²))) (hsw : s = w) : False
Problem97.C5D3B.qAllowedSelected_two_full_common_two_side_w_overlap_false	lean/RVOL/P97/C5D3BPacket.lean	33857	theorem qAllowedSelected_two_full_common_two_side_w_overlap_false {D : CounterexampleData} {q v1 v3 qs w u s t : ℝ²} (P : C5D3BSameSideTerminalPacket D q v1 v3 qs w u) (H : U5QAllowedAuditSupport D q v3 ({v1, qs, w} : Finset ℝ²) u) (hs : s ∈ U5BoundedAuditCenters D q v3 ({v1, qs, w} : Finset ℝ²) u H.a0 H.a1) (ht : t ∈ U5BoundedAuditCenters D q v3 ({v1, qs, w} : Finset ℝ²) u H.a0 H.a1) (hsrow : s ∈ ({w, H.a0, H.a1} : Finset ℝ²)) (htrow : t ∈ ({w, H.a0, H.a1} : Finset ℝ²)) (hst : s ≠ t) (hstwo : (((H.selected_classes s hs).1) ∩ (({q, w, H.a0, H.a1} : Finset ℝ²).erase s)).card = 2) (htfull : ((H.selected_classes t ht).1 ∩ (({q, w, H.a0, H.a1} : Finset ℝ²).erase t)) = (({q, w, H.a0, H.a1} : Finset ℝ²).erase t)) (htB : t ∈ (H.selected_classes s hs).1) (hinter : ((H.selected_classes s hs).1 ∩ (H.selected_classes t ht).1).card = 2) (hsw : s = w) : False
Problem97.C5D3B.boundedSelected_no_common_carrier_two_offCarrier	lean/RVOL/P97/C5D3BPacket.lean	34101	theorem boundedSelected_no_common_carrier_two_offCarrier {D : CounterexampleData} {q p u x s t r a b : ℝ²} {T : Finset ℝ²} (H : U5BoundedAuditSupport D q p T u) (hs : s ∈ U5BoundedAuditCenters D q p T u H.a0 H.a1) (ht : t ∈ U5BoundedAuditCenters D q p T u H.a0 H.a1) (hst : s ≠ t) (hrCarrier : r ∈ insert x T) (haOff : a ∉ insert x T) (hbOff : b ∉ insert x T) (hab : a ≠ b) (hr₁ : r ∈ (H.selected_classes s hs).1) (hr₂ : r ∈ (H.selected_classes t ht).1) (ha₁ : a ∈ (H.selected_classes s hs).1) (ha₂ : a ∈ (H.selected_classes t ht).1) (hb₁ : b ∈ (H.selected_classes s hs).1) (hb₂ : b ∈ (H.selected_classes t ht).1) : False
Problem97.C5D3B.qAllowedSelected_no_common_carrier_two_offCarrier	lean/RVOL/P97/C5D3BPacket.lean	34151	theorem qAllowedSelected_no_common_carrier_two_offCarrier {D : CounterexampleData} {q p u x s t r a b : ℝ²} {T : Finset ℝ²} (H : U5QAllowedAuditSupport D q p T u) (hs : s ∈ U5BoundedAuditCenters D q p T u H.a0 H.a1) (ht : t ∈ U5BoundedAuditCenters D q p T u H.a0 H.a1) (hst : s ≠ t) (hrCarrier : r ∈ insert x T) (haOff : a ∉ insert x T) (hbOff : b ∉ insert x T) (hab : a ≠ b) (hr₁ : r ∈ (H.selected_classes s hs).1) (hr₂ : r ∈ (H.selected_classes t ht).1) (ha₁ : a ∈ (H.selected_classes s hs).1) (ha₂ : a ∈ (H.selected_classes t ht).1) (hb₁ : b ∈ (H.selected_classes s hs).1) (hb₂ : b ∈ (H.selected_classes t ht).1) : False
Problem97.U1Depth5.CriticalSourceRows.record001QTTwoCenteredSourcePlacements_absurd	lean/RVOL/P97/U1Depth5Prefix.lean	1666	theorem record001QTTwoCenteredSourcePlacements_absurd {D : CounterexampleData} {baseP baseQ baseT1 baseT2 baseT3 selectedU : Plane} (R : CriticalSourceRows D baseQ baseT1 baseT2 baseT3 selectedU) (hbase : List.Pairwise (fun x y : Plane => x ≠ y) [baseP, baseQ, baseT1, baseT2, baseT3, selectedU]) (hfix_f1_q_0 : selectedU = (R.rowAt CriticalSource.q).slotPoint 0) (hfix_p_q_1 : baseP = (R.rowAt CriticalSource.q).slotPoint 1) (hfix_t1_q_2 : baseT1 = (R.rowAt CriticalSource.q).slotPoint 2) (hfix_t2_q_3 : baseT2 = (R.rowAt CriticalSource.q).slotPoint 3) (_hfix_f1_t1_0 : selectedU = (R.rowAt CriticalSource.t1).slotPoint 0) (_hfix_p_t1_1 : baseP = (R.rowAt CriticalSource.t1).slotPoint 1) (_hfix_q_t1_2 : baseQ = (R.rowAt CriticalSource.t1).slotPoint 2) (_hfix_t3_t1_3 : baseT3 = (R.rowAt CriticalSource.t1).slotPoint 3) : False
Problem97.U1Depth5SourceUnitGenerated.false_of_f1t2_extra_omit3_of_packet_label_centered_rows	lean/RVOL/P97/U1Depth5QT3PilotRecord001F1T2Omit3.lean	378	theorem false_of_f1t2_extra_omit3_of_packet_label_centered_rows {D : CounterexampleData} {baseP baseQ baseT1 baseT2 baseT3 selectedU : U1Depth5.Plane} (hfixed : U3FixedTriplePacket D baseQ baseP baseT1 baseT2 baseT3) (packet : U1Depth5.RowSlotLabelPacket D baseP baseQ baseT1 baseT2 baseT3 selectedU) (centered : U1Depth5.Record001QTTwoCenteredRows D baseP baseQ baseT1 baseT2 baseT3 selectedU) (hrow_12 : dist (packet.point U1Depth5.q) (packet.point U1Depth5.p) = dist (packet.point U1Depth5.q) (packet.point U1Depth5.f1)) (hrow_20 : dist (packet.point U1Depth5.t2) (packet.point U1Depth5.f5) = dist (packet.point U1Depth5.t2) (packet.point U1Depth5.f2)) (hrow_21 : dist (packet.point U1Depth5.t2) (packet.point U1Depth5.p) = dist (packet.point U1Depth5.t2) (packet.point U1Depth5.f2)) (hrow_22 : dist (packet.point U1Depth5.t2) (packet.point U1Depth5.q) = dist (packet.point U1Depth5.t2) (packet.point U1Depth5.f2)) (hrow_24 : dist (packet.point U1Depth5.t3) (packet.point U1Depth5.f2) = dist (packet.point U1Depth5.t3) (packet.point U1Depth5.f1)) (hrow_25 : dist (packet.point U1Depth5.t3) (packet.point U1Depth5.p) = dist (packet.point U1Depth5.t3) (packet.point U1Depth5.f1)) (hrow_26 : dist (packet.point U1Depth5.t3) (packet.point U1Depth5.t1) = dist (packet.point U1Depth5.t3) (packet.point U1Depth5.f1)) (hextra_f1_t2 : dist (packet.point U1Depth5.f1) (packet.point U1Depth5.t2) = dist (packet.point U1Depth5.f1) (packet.point U1Depth5.f2)) : False
Problem97.U1Depth5SourceUnitGenerated.false_of_record001_manifest_label_centered_rows	lean/RVOL/P97/U1Depth5QT3PilotRecord001F1T2Omit3.lean	456	theorem false_of_record001_manifest_label_centered_rows {D : CounterexampleData} (packet : U1Depth5.ManifestLabelPacket D) (hfixed : U3FixedTriplePacket D packet.baseQ packet.baseP packet.baseT1 packet.baseT2 packet.baseT3) (centered : U1Depth5.PacketLabelCenteredRows D packet.baseQ packet.baseT1 packet.baseT2 packet.baseT3 packet.selectedU) (hfix_f1_q_0 : packet.selectedU = centered.qRow.slotPoint 0) (hfix_p_q_1 : packet.baseP = centered.qRow.slotPoint 1) (hfix_t1_q_2 : packet.baseT1 = centered.qRow.slotPoint 2) (hfix_t2_q_3 : packet.baseT2 = centered.qRow.slotPoint 3) (hfix_f1_t1_0 : packet.selectedU = centered.t1Row.slotPoint 0) (hfix_p_t1_1 : packet.baseP = centered.t1Row.slotPoint 1) (hfix_q_t1_2 : packet.baseQ = centered.t1Row.slotPoint 2) (hfix_t3_t1_3 : packet.baseT3 = centered.t1Row.slotPoint 3) (hfix_f2_t2_0 : packet.f2Point = centered.t2Row.slotPoint 0) (hfix_f5_t2_1 : packet.f5Point = centered.t2Row.slotPoint 1) (hfix_p_t2_2 : packet.baseP = centered.t2Row.slotPoint 2) (hfix_q_t2_3 : packet.baseQ = centered.t2Row.slotPoint 3) (hfix_f1_t3_0 : packet.selectedU = centered.t3Row.slotPoint 0) (hfix_f2_t3_1 : packet.f2Point = centered.t3Row.slotPoint 1) (hfix_p_t3_2 : packet.baseP = centered.t3Row.slotPoint 2) (hfix_t1_t3_3 : packet.baseT1 = centered.t3Row.slotPoint 3) (hfix_f2_f1_0 : packet.f2Point = centered.uRow.slotPoint 0) (hfix_f3_f1_1 : packet.f3Point = centered.uRow.slotPoint 1) (hfix_f4_f1_2 : packet.f4Point = centered.uRow.slotPoint 2) (hfix_p_f1_3 : packet.baseP = centered.uRow.slotPoint 3) : False
Problem97.U1Depth5SourceUnitGenerated.false_of_record001_manifest_label_centered_slots	lean/RVOL/P97/U1Depth5QT3PilotRecord001F1T2Omit3.lean	596	theorem false_of_record001_manifest_label_centered_slots {D : CounterexampleData} {baseP baseQ baseT1 baseT2 baseT3 selectedU : U1Depth5.Plane} (hfixed : U3FixedTriplePacket D baseQ baseP baseT1 baseT2 baseT3) (selectedU_mem : selectedU ∈ D.A) (centered : U1Depth5.PacketLabelCenteredRows D baseQ baseT1 baseT2 baseT3 selectedU) (hlabels : List.Pairwise (fun x y : U1Depth5.Plane => x ≠ y) [baseP, baseQ, baseT1, baseT2, baseT3, selectedU, centered.t2Row.slotPoint 0, centered.uRow.slotPoint 1, centered.uRow.slotPoint 2, centered.t2Row.slotPoint 1]) (hfix_f1_q_0 : selectedU = centered.qRow.slotPoint 0) (hfix_p_q_1 : baseP = centered.qRow.slotPoint 1) (hfix_t1_q_2 : baseT1 = centered.qRow.slotPoint 2) (hfix_t2_q_3 : baseT2 = centered.qRow.slotPoint 3) (hfix_f1_t1_0 : selectedU = centered.t1Row.slotPoint 0) (hfix_p_t1_1 : baseP = centered.t1Row.slotPoint 1) (hfix_q_t1_2 : baseQ = centered.t1Row.slotPoint 2) (hfix_t3_t1_3 : baseT3 = centered.t1Row.slotPoint 3) (hfix_p_t2_2 : baseP = centered.t2Row.slotPoint 2) (hfix_q_t2_3 : baseQ = centered.t2Row.slotPoint 3) (hfix_f1_t3_0 : selectedU = centered.t3Row.slotPoint 0) (hfix_f2_t3_1 : centered.t2Row.slotPoint 0 = centered.t3Row.slotPoint 1) (hfix_p_t3_2 : baseP = centered.t3Row.slotPoint 2) (hfix_t1_t3_3 : baseT1 = centered.t3Row.slotPoint 3) (hfix_f2_f1_0 : centered.t2Row.slotPoint 0 = centered.uRow.slotPoint 0) (hfix_p_f1_3 : baseP = centered.uRow.slotPoint 3) : False
Problem97.false_of_t2Row_center_p_q_not_named	lean/RVOL/P97/U1LargeCapRouteBTail.lean	656	theorem false_of_t2Row_center_p_q_not_named {D : CounterexampleData} {p q t1 t2 t3 u : ℝ²} (hlocalNoQFree : U3LocalizedNoQFreePacket D q p) {rows : U1Depth5.CriticalSourceRows D q t1 t2 t3 u} (hcenter : rows.t2Row.center = p) (hq_not_named : ¬ (q = rows.t2Row.selected.l1 ∨ q = rows.t2Row.selected.l2 ∨ q = rows.t2Row.selected.l3 ∨ q = rows.t2Row.selected.l4)) : False
Problem97.U5AuditLabel.route_equilateralCircumcenter	lean/RVOL/P97/U5FiniteExtraction.lean	1213	theorem route_equilateralCircumcenter {D : CounterexampleData} {Λ : PointLabeling} {P : IndexPattern} {Bt1 Bt2 Bt3 Bu Ba0 Ba1 : Finset ℝ²} (Kt1 : U5QDeletedK4Class D (Λ.point q) (Λ.point t1) Bt1) (Kt2 : U5QDeletedK4Class D (Λ.point q) (Λ.point t2) Bt2) (Kt3 : U5QDeletedK4Class D (Λ.point q) (Λ.point t3) Bt3) (Ku : U5QDeletedK4Class D (Λ.point q) (Λ.point u) Bu) (Ka0 : U5QDeletedK4Class D (Λ.point q) (Λ.point a0) Ba0) (Ka1 : U5QDeletedK4Class D (Λ.point q) (Λ.point a1) Ba1) (h1 : choice t1 P.i1 = labelMask (classLabels Λ.point Bt1)) (h2 : choice t2 P.i2 = labelMask (classLabels Λ.point Bt2)) (h3 : choice t3 P.i3 = labelMask (classLabels Λ.point Bt3)) (hu : choice u P.iu = labelMask (classLabels Λ.point Bu)) (h0 : choice a0 P.ia0 = labelMask (classLabels Λ.point Ba0)) (h1a : choice a1 P.ia1 = labelMask (classLabels Λ.point Ba1)) (hr_pos : 0 < dist (Λ.point p) (Λ.point q)) (ht1_radius : dist (Λ.point p) (Λ.point t1) = dist (Λ.point p) (Λ.point q)) (ht2_radius : dist (Λ.point p) (Λ.point t2) = dist (Λ.point p) (Λ.point q)) (ht3_radius : dist (Λ.point p) (Λ.point t3) = dist (Λ.point p) (Λ.point q)) (hu_off : dist (Λ.point p) (Λ.point u) ≠ dist (Λ.point p) (Λ.point q)) (ha0_off : dist (Λ.point p) (Λ.point a0) ≠ dist (Λ.point p) (Λ.point q)) (ha1_off : dist (Λ.point p) (Λ.point a1) ≠ dist (Λ.point p) (Λ.point q)) (hobs : equilateralCircumcenterIncompatibility P.i1 P.i2 P.i3 P.iu P.ia0 P.ia1 = true) : False
Problem97.U5QCriticalTripleClass.two_triple_centers_adjacent_incompatibility	lean/RVOL/P97/U5GlobalIncidenceKernels.lean	377	theorem U5QCriticalTripleClass.two_triple_centers_adjacent_incompatibility {D : CounterexampleData} {q p t₁ t₂ : ℝ²} {T B₁ B₂ : Finset ℝ²} (htriple : U5DangerousTriple D q p T) (ht₁ : t₁ ∈ T) (ht₂ : t₂ ∈ T) (K₁ : U5QCriticalTripleClass D q t₁ B₁) (K₂ : U5QCriticalTripleClass D q t₂ B₂) (hpB₁ : p ∈ B₁) (hpB₂ : p ∈ B₂) (hadj : t₂ ∈ B₁ ∨ t₁ ∈ B₂) : False
Problem97.U5QCriticalTripleClass.two_triple_centers_third_common_incompatibility	lean/RVOL/P97/U5GlobalIncidenceKernels.lean	421	theorem U5QCriticalTripleClass.two_triple_centers_third_common_incompatibility {D : CounterexampleData} {q p t₁ t₂ t₃ : ℝ²} {T B₁ B₂ : Finset ℝ²} (htriple : U5DangerousTriple D q p T) (_ht₁ : t₁ ∈ T) (_ht₂ : t₂ ∈ T) (ht₃ : t₃ ∈ T) (ht₁₂ : t₁ ≠ t₂) (K₁ : U5QCriticalTripleClass D q t₁ B₁) (K₂ : U5QCriticalTripleClass D q t₂ B₂) (hpB₁ : p ∈ B₁) (hpB₂ : p ∈ B₂) (ht₃B₁ : t₃ ∈ B₁) (ht₃B₂ : t₃ ∈ B₂) : False
Problem97.u5_qcritical_aux_center_metric_incompatibility	lean/RVOL/P97/U5GlobalIncidenceKernels.lean	771	theorem u5_qcritical_aux_center_metric_incompatibility {p q t₁ t₂ t₃ a : ℝ²} {r : ℝ} (hr : 0 < r) (hpq : dist p q = r) (hpt₁ : dist p t₁ = r) (hpt₂ : dist p t₂ = r) (hpt₃ : dist p t₃ = r) (ht₁q : dist t₁ q = r) (ht₁t₂ : dist t₁ t₂ = r) (ht₂t₃ : dist t₂ t₃ = r) (hq_ne_t₂ : q ≠ t₂) (ht₁_ne_t₃ : t₁ ≠ t₃) (hapq : dist a p = dist a q) (ht₃a : dist t₃ a = r) : False
Problem97.U5QCriticalTripleClass.qcritical_exact_exact_aux_center_incompatibility	lean/RVOL/P97/U5GlobalIncidenceKernels.lean	867	theorem U5QCriticalTripleClass.qcritical_exact_exact_aux_center_incompatibility {D : CounterexampleData} {q p t₁ t₂ t₃ a : ℝ²} {T B₁ B₂ B₃ Ba : Finset ℝ²} (htriple : U5DangerousTriple D q p T) (ht₁ : t₁ ∈ T) (ht₂ : t₂ ∈ T) (ht₃ : t₃ ∈ T) (ht₁_ne_t₃ : t₁ ≠ t₃) (K₁ : U5QCriticalTripleClass D q t₁ B₁) (K₂ : U5QDeletedK4Class D q t₂ B₂) (K₃ : U5QDeletedK4Class D q t₃ B₃) (Ka : U5QCriticalTripleClass D q a Ba) (hpB₁ : p ∈ B₁) (ht₂B₁ : t₂ ∈ B₁) (hpB₂ : p ∈ B₂) (ht₃B₂ : t₃ ∈ B₂) (hpB₃ : p ∈ B₃) (haB₃ : a ∈ B₃) (hpBa : p ∈ Ba) : False
Problem97.u5_qcritical_collinear_aux_center_metric_incompatibility	lean/RVOL/P97/U5GlobalIncidenceKernels.lean	1080	theorem u5_qcritical_collinear_aux_center_metric_incompatibility {p q t₁ t₂ u a : ℝ²} {r : ℝ} (hr : 0 < r) (hpq : dist p q = r) (hpt₁ : dist p t₁ = r) (hpt₂ : dist p t₂ = r) (ht₁q : dist t₁ q = r) (ht₁t₂ : dist t₁ t₂ = r) (ht₁u : dist t₁ u = r) (ht₂u : dist t₂ u = r) (hq_ne_t₂ : q ≠ t₂) (hp_ne_u : p ≠ u) (hat₁q : dist a t₁ = dist a q) (hauq : dist a u = dist a q) : False
Problem97.U5QCriticalTripleClass.qcritical_exact_selected_center_incompatibility	lean/RVOL/P97/U5GlobalIncidenceKernels.lean	1400	theorem U5QCriticalTripleClass.qcritical_exact_selected_center_incompatibility {D : CounterexampleData} {q p t₁ t₂ u : ℝ²} {T B₁ B₂ Bu : Finset ℝ²} (htriple : U5DangerousTriple D q p T) (hsel : U5SelectedCandidateSkeleton D q p T u) (ht₁ : t₁ ∈ T) (ht₂ : t₂ ∈ T) (K₁ : U5QCriticalTripleClass D q t₁ B₁) (K₂ : U5QDeletedK4Class D q t₂ B₂) (Ku : U5QCriticalTripleClass D q u Bu) (hpB₁ : p ∈ B₁) (ht₂B₁ : t₂ ∈ B₁) (huB₁ : u ∈ B₁) (hpB₂ : p ∈ B₂) (huB₂ : u ∈ B₂) (ht₂Bu : t₂ ∈ Bu) : False
Problem97.u5_equilateral_circumcenter_on_p_circle_metric_incompatibility	lean/RVOL/P97/U5GlobalIncidenceKernels.lean	2104	theorem u5_equilateral_circumcenter_on_p_circle_metric_incompatibility {p a b c x : ℝ²} {r : ℝ} (hr : 0 < r) (hpa : dist p a = r) (hpb : dist p b = r) (hpc : dist p c = r) (hab_eq_hac : dist a b = dist a c) (hab_eq_hbc : dist a b = dist b c) (hab_pos : 0 < dist a b) (hxpa : dist x p = dist x a) (hxpb : dist x p = dist x b) (hx_off : dist p x ≠ r) : False
Problem97.u5_equilateral_circumcenter_on_p_circle_incompatibility	lean/RVOL/P97/U5GlobalIncidenceKernels.lean	2184	theorem u5_equilateral_circumcenter_on_p_circle_incompatibility {D : CounterexampleData} {q p a b c x : ℝ²} {Bx : Finset ℝ²} (hr_pos : 0 < dist p q) (ha_radius : dist p a = dist p q) (hb_radius : dist p b = dist p q) (hc_radius : dist p c = dist p q) (hab_eq_hac : dist a b = dist a c) (hab_eq_hbc : dist a b = dist b c) (hab_pos : 0 < dist a b) (hx_off : dist p x ≠ dist p q) (Kx : U5QDeletedK4Class D q x Bx) (hpBx : p ∈ Bx) (haBx : a ∈ Bx) (hbBx : b ∈ Bx) : False
Problem97.u5_qcritical_antipodal_aux_center_metric_incompatibility	lean/RVOL/P97/U5GlobalIncidenceQCriticalAntipodalAux.lean	35	theorem u5_qcritical_antipodal_aux_center_metric_incompatibility {p q t₁ t₂ t₃ x : ℝ²} {r : ℝ} (hr : 0 < r) (hpq : dist p q = r) (hpt₁ : dist p t₁ = r) (hpt₂ : dist p t₂ = r) (hpt₃ : dist p t₃ = r) (ht₁q : dist t₁ q = r) (ht₁t₂ : dist t₁ t₂ = r) (ht₂t₃ : dist t₂ t₃ = r) (hq_ne_t₂ : q ≠ t₂) (ht₁_ne_t₃ : t₁ ≠ t₃) (hxpq : dist x p = dist x q) (hxt₃q : dist x t₃ = dist x q) : False
Problem97.U5QCriticalTripleClass.qcritical_antipodal_aux_center_incompatibility	lean/RVOL/P97/U5GlobalIncidenceQCriticalAntipodalAux.lean	124	theorem U5QCriticalTripleClass.qcritical_antipodal_aux_center_incompatibility {D : CounterexampleData} {q p t₁ t₂ t₃ x : ℝ²} {T B₁ B₂ Bx : Finset ℝ²} (htriple : U5DangerousTriple D q p T) (ht₁ : t₁ ∈ T) (ht₂ : t₂ ∈ T) (ht₃ : t₃ ∈ T) (ht₁_ne_t₃ : t₁ ≠ t₃) (K₁ : U5QCriticalTripleClass D q t₁ B₁) (K₂ : U5QDeletedK4Class D q t₂ B₂) (Kx : U5QCriticalTripleClass D q x Bx) (hpB₁ : p ∈ B₁) (ht₂B₁ : t₂ ∈ B₁) (hpB₂ : p ∈ B₂) (ht₃B₂ : t₃ ∈ B₂) (hpBx : p ∈ Bx) (ht₃Bx : t₃ ∈ Bx) : False
Problem97.u5_antipodal_aux_center_coord_incompatibility	lean/RVOL/P97/U5GlobalIncidenceQCriticalAntipodalAuxScalar.lean	18	theorem u5_antipodal_aux_center_coord_incompatibility {q0 q1 c0 c1 x0 x1 R : ℝ} (hR : 0 < R) (hqc0 : q0 + c0 = 0) (hqc1 : q1 + c1 = 0) (hxqdot : x0 * q0 + x1 * q1 = R / 2) (hdist_coord : (c0 - x0) ^ 2 + (c1 - x1) ^ 2 = (q0 - x0) ^ 2 + (q1 - x1) ^ 2) : False
Problem97.u5_chain_antipodal_aux_center_coord_incompatibility	lean/RVOL/P97/U5GlobalIncidenceQCriticalAntipodalAuxScalar.lean	40	theorem u5_chain_antipodal_aux_center_coord_incompatibility {q0 q1 a0 a1 b0 b1 c0 c1 x0 x1 R : ℝ} (hR : 0 < R) (hqq : q0 ^ 2 + q1 ^ 2 = R) (haa : a0 ^ 2 + a1 ^ 2 = R) (hbb : b0 ^ 2 + b1 ^ 2 = R) (hcc : c0 ^ 2 + c1 ^ 2 = R) (hqadot : q0 * a0 + q1 * a1 = R / 2) (habdot : a0 * b0 + a1 * b1 = R / 2) (hbcdot : b0 * c0 + b1 * c1 = R / 2) (hxqdot : x0 * q0 + x1 * q1 = R / 2) (hQ2_ne_R : q0 * b0 + q1 * b1 ≠ R) (hA3_ne_R : a0 * c0 + a1 * c1 ≠ R) (hdist_coord : (c0 - x0) ^ 2 + (c1 - x1) ^ 2 = (q0 - x0) ^ 2 + (q1 - x1) ^ 2) : False
Problem97.u5_qcritical_exact_circumcenter_antipodal_metric_incompatibility	lean/RVOL/P97/U5GlobalIncidenceQCriticalExactCircumcenter.lean	30	theorem u5_qcritical_exact_circumcenter_antipodal_metric_incompatibility {p q t₁ t₂ t₃ x : ℝ²} {r : ℝ} (hr : 0 < r) (hpq : dist p q = r) (hpt₁ : dist p t₁ = r) (hpt₂ : dist p t₂ = r) (hpt₃ : dist p t₃ = r) (ht₁q : dist t₁ q = r) (ht₁t₂ : dist t₁ t₂ = r) (ht₂t₃ : dist t₂ t₃ = r) (hq_ne_t₂ : q ≠ t₂) (ht₁_ne_t₃ : t₁ ≠ t₃) (hxp_t₁ : dist x p = dist x t₁) (hxp_t₂ : dist x p = dist x t₂) (ht₃xq : dist t₃ x = dist t₃ q) : False
Problem97.U5QCriticalTripleClass.qcritical_exact_circumcenter_antipodal_incompatibility	lean/RVOL/P97/U5GlobalIncidenceQCriticalExactCircumcenter.lean	145	theorem U5QCriticalTripleClass.qcritical_exact_circumcenter_antipodal_incompatibility {D : CounterexampleData} {q p t₁ t₂ t₃ x : ℝ²} {T B₁ B₂ B₃ Bx : Finset ℝ²} (htriple : U5DangerousTriple D q p T) (ht₁ : t₁ ∈ T) (ht₂ : t₂ ∈ T) (ht₃ : t₃ ∈ T) (ht₁_ne_t₃ : t₁ ≠ t₃) (K₁ : U5QCriticalTripleClass D q t₁ B₁) (K₂ : U5QDeletedK4Class D q t₂ B₂) (K₃ : U5QCriticalTripleClass D q t₃ B₃) (Kx : U5QDeletedK4Class D q x Bx) (hpB₁ : p ∈ B₁) (ht₂B₁ : t₂ ∈ B₁) (hpB₂ : p ∈ B₂) (ht₃B₂ : t₃ ∈ B₂) (hxB₃ : x ∈ B₃) (hpBx : p ∈ Bx) (ht₁Bx : t₁ ∈ Bx) (ht₂Bx : t₂ ∈ Bx) : False
Problem97.u5_qcritical_exact_circumcenter_antipodal_coord_incompatibility	lean/RVOL/P97/U5GlobalIncidenceQCriticalExactCircumcenterScalar.lean	19	theorem u5_qcritical_exact_circumcenter_antipodal_coord_incompatibility {q0 q1 a0 a1 b0 b1 c0 c1 d0 d1 R T : ℝ} (hR : 0 < R) (hqq : q0 ^ 2 + q1 ^ 2 = R) (haa : a0 ^ 2 + a1 ^ 2 = R) (hbb : b0 ^ 2 + b1 ^ 2 = R) (hcc : c0 ^ 2 + c1 ^ 2 = R) (hT : d0 ^ 2 + d1 ^ 2 = T) (hqadot : q0 * a0 + q1 * a1 = R / 2) (habdot : a0 * b0 + a1 * b1 = R / 2) (hbcdot : b0 * c0 + b1 * c1 = R / 2) (hdadot : d0 * a0 + d1 * a1 = R / 2) (hdbdot : d0 * b0 + d1 * b1 = R / 2) (hQ2_ne_R : q0 * b0 + q1 * b1 ≠ R) (hA3_ne_R : a0 * c0 + a1 * c1 ≠ R) (hdist_coord : (c0 - d0) ^ 2 + (c1 - d1) ^ 2 = (c0 - q0) ^ 2 + (c1 - q1) ^ 2) : False
Problem97.U5QCriticalTripleClass.qcritical_exact_selected_aux_circumcenter_mid_radius_incompatibility	lean/RVOL/P97/U5GlobalIncidenceQCriticalExactSelectedAuxCircumcenterMidRadius.lean	23	theorem U5QCriticalTripleClass.qcritical_exact_selected_aux_circumcenter_mid_radius_incompatibility {D : CounterexampleData} {q p t₁ t₂ d : ℝ²} {T B₁ B₂ Bd : Finset ℝ²} (htriple : U5DangerousTriple D q p T) (ht₁ : t₁ ∈ T) (ht₂ : t₂ ∈ T) (K₁ : U5QCriticalTripleClass D q t₁ B₁) (K₂ : U5QDeletedK4Class D q t₂ B₂) (Kd : U5QCriticalTripleClass D q d Bd) (hpB₁ : p ∈ B₁) (ht₂B₁ : t₂ ∈ B₁) (hpB₂ : p ∈ B₂) (hdB₂ : d ∈ B₂) (hpBd : p ∈ Bd) (ht₁Bd : t₁ ∈ Bd) : False
Problem97.u5_qcritical_exact_selected_aux_circumcenter_mid_radius_metric_incompatibility	lean/RVOL/P97/U5GlobalIncidenceQCriticalExactSelectedAuxCircumcenterMidRadiusMetric.lean	28	theorem u5_qcritical_exact_selected_aux_circumcenter_mid_radius_metric_incompatibility {p q t₁ t₂ d : ℝ²} {r : ℝ} (hr : 0 < r) (hpq : dist p q = r) (hpt₁ : dist p t₁ = r) (hpt₂ : dist p t₂ = r) (ht₁q : dist t₁ q = r) (ht₁t₂ : dist t₁ t₂ = r) (hdt₂ : dist d t₂ = r) (hdpq : dist d p = dist d q) (hdt₁q : dist d t₁ = dist d q) (hq_ne_t₂ : q ≠ t₂) : False
Problem97.u5_qcritical_exact_selected_aux_circumcenter_mid_radius_coord_incompatibility	lean/RVOL/P97/U5GlobalIncidenceQCriticalExactSelectedAuxCircumcenterMidRadiusScalar.lean	22	theorem u5_qcritical_exact_selected_aux_circumcenter_mid_radius_coord_incompatibility {q0 q1 a0 a1 b0 b1 d0 d1 R T : ℝ} (hR : 0 < R) (hqq : q0 ^ 2 + q1 ^ 2 = R) (haa : a0 ^ 2 + a1 ^ 2 = R) (hbb : b0 ^ 2 + b1 ^ 2 = R) (hT : d0 ^ 2 + d1 ^ 2 = T) (hqadot : q0 * a0 + q1 * a1 = R / 2) (habdot : a0 * b0 + a1 * b1 = R / 2) (hqddot : q0 * d0 + q1 * d1 = R / 2) (haddot : a0 * d0 + a1 * d1 = R / 2) (hbd_sq : (d0 - b0) ^ 2 + (d1 - b1) ^ 2 = R) (hQ2_ne_R : q0 * b0 + q1 * b1 ≠ R) : False
Problem97.u5_qcritical_exact_selected_aux_right_collision_coord_incompatibility	lean/RVOL/P97/U5GlobalIncidenceQCriticalExactSelectedAuxRightCollisionScalar.lean	22	theorem u5_qcritical_exact_selected_aux_right_collision_coord_incompatibility {q0 q1 a0 a1 b0 b1 c0 c1 d0 d1 u0 u1 R S T : ℝ} (hR : 0 < R) (hqq : q0 ^ 2 + q1 ^ 2 = R) (haa : a0 ^ 2 + a1 ^ 2 = R) (hbb : b0 ^ 2 + b1 ^ 2 = R) (hcc : c0 ^ 2 + c1 ^ 2 = R) (hS : u0 ^ 2 + u1 ^ 2 = S) (hT : d0 ^ 2 + d1 ^ 2 = T) (hqadot : q0 * a0 + q1 * a1 = R / 2) (habdot : a0 * b0 + a1 * b1 = R / 2) (hqudot : q0 * u0 + q1 * u1 = 0) (haudot : a0 * u0 + a1 * u1 = S / 2) (hbd_sq : (d0 - b0) ^ 2 + (d1 - b1) ^ 2 = R) (hdu_selected_sq : (u0 - d0) ^ 2 + (u1 - d1) ^ 2 = R) (hdu_center_sq : (u0 - d0) ^ 2 + (u1 - d1) ^ 2 = T) (hdc_center_sq : (c0 - d0) ^ 2 + (c1 - d1) ^ 2 = T) (hcdq_eq : (d0 - c0) ^ 2 + (d1 - c1) ^ 2 = (q0 - c0) ^ 2 + (q1 - c1) ^ 2) (hcuq_eq : (u0 - c0) ^ 2 + (u1 - c1) ^ 2 = (q0 - c0) ^ 2 + (q1 - c1) ^ 2) (hSpos : 0 < S) (hQ2_ne_R : q0 * b0 + q1 * b1 ≠ R) : False
Problem97.u5_qcritical_exact_selected_circumcenter_metric_incompatibility	lean/RVOL/P97/U5GlobalIncidenceQCriticalExactSelectedCircumcenter.lean	34	theorem u5_qcritical_exact_selected_circumcenter_metric_incompatibility {p q t₁ t₂ t₃ x : ℝ²} {r : ℝ} (hr : 0 < r) (hpq : dist p q = r) (hpt₁ : dist p t₁ = r) (hpt₂ : dist p t₂ = r) (hpt₃ : dist p t₃ = r) (ht₁q : dist t₁ q = r) (ht₁t₂ : dist t₁ t₂ = r) (ht₂t₃ : dist t₂ t₃ = r) (hq_ne_t₂ : q ≠ t₂) (ht₁_ne_t₃ : t₁ ≠ t₃) (hx_ne_p : x ≠ p) (hxp_t₂ : dist x p = dist x t₂) (hxp_t₃ : dist x p = dist x t₃) (ht₁xq : dist t₁ x = dist t₁ q) : False
Problem97.U5QCriticalTripleClass.qcritical_exact_selected_circumcenter_incompatibility	lean/RVOL/P97/U5GlobalIncidenceQCriticalExactSelectedCircumcenter.lean	165	theorem U5QCriticalTripleClass.qcritical_exact_selected_circumcenter_incompatibility {D : CounterexampleData} {q p t₁ t₂ t₃ x : ℝ²} {T B₁ B₂ Bx : Finset ℝ²} (htriple : U5DangerousTriple D q p T) (ht₁ : t₁ ∈ T) (ht₂ : t₂ ∈ T) (ht₃ : t₃ ∈ T) (ht₁_ne_t₃ : t₁ ≠ t₃) (hx_mem : x ∈ (D.skeleton q).erase p) (K₁ : U5QCriticalTripleClass D q t₁ B₁) (K₂ : U5QDeletedK4Class D q t₂ B₂) (Kx : U5QDeletedK4Class D q x Bx) (hpB₁ : p ∈ B₁) (ht₂B₁ : t₂ ∈ B₁) (hxB₁ : x ∈ B₁) (hpB₂ : p ∈ B₂) (ht₃B₂ : t₃ ∈ B₂) (hpBx : p ∈ Bx) (ht₂Bx : t₂ ∈ Bx) (ht₃Bx : t₃ ∈ Bx) : False
Problem97.U5QCriticalTripleClass.qcritical_exact_selected_right_exact_center_incompatibility	lean/RVOL/P97/U5GlobalIncidenceQCriticalExactSelectedRightExactCenter.lean	27	theorem U5QCriticalTripleClass.qcritical_exact_selected_right_exact_center_incompatibility {D : CounterexampleData} {q p t₁ t₂ t₃ u : ℝ²} {T B₁ B₂ B₃ : Finset ℝ²} (htriple : U5DangerousTriple D q p T) (ht₁ : t₁ ∈ T) (ht₂ : t₂ ∈ T) (ht₃ : t₃ ∈ T) (ht₁_ne_t₃ : t₁ ≠ t₃) (hu_mem : u ∈ (D.skeleton q).erase p) (K₁ : U5QCriticalTripleClass D q t₁ B₁) (K₂ : U5QDeletedK4Class D q t₂ B₂) (K₃ : U5QDeletedK4Class D q t₃ B₃) (hpB₁ : p ∈ B₁) (ht₂B₁ : t₂ ∈ B₁) (huB₁ : u ∈ B₁) (hpB₂ : p ∈ B₂) (huB₂ : u ∈ B₂) (ht₁B₃ : t₁ ∈ B₃) (ht₂B₃ : t₂ ∈ B₃) (huB₃ : u ∈ B₃) : False
Problem97.u5_qcritical_exact_selected_right_exact_center_metric_incompatibility	lean/RVOL/P97/U5GlobalIncidenceQCriticalExactSelectedRightExactCenterMetric.lean	30	theorem u5_qcritical_exact_selected_right_exact_center_metric_incompatibility {p q t₁ t₂ t₃ u : ℝ²} {r : ℝ} (hr : 0 < r) (hpq : dist p q = r) (hpt₁ : dist p t₁ = r) (hpt₂ : dist p t₂ = r) (hpt₃ : dist p t₃ = r) (ht₁q : dist t₁ q = r) (ht₁t₂ : dist t₁ t₂ = r) (hq_ne_t₂ : q ≠ t₂) (ht₁_ne_t₃ : t₁ ≠ t₃) (hu_ne_p : u ≠ p) (ht₁uq : dist t₁ u = dist t₁ q) (ht₂u : dist t₂ u = r) (ht₃t₁t₂ : dist t₃ t₁ = dist t₃ t₂) (ht₃t₁u : dist t₃ t₁ = dist t₃ u) : False
Problem97.u5_qcritical_exact_selected_right_exact_center_coord_incompatibility	lean/RVOL/P97/U5GlobalIncidenceQCriticalExactSelectedRightExactCenterScalar.lean	21	theorem u5_qcritical_exact_selected_right_exact_center_coord_incompatibility {q0 q1 a0 a1 b0 b1 c0 c1 u0 u1 R S : ℝ} (hR : 0 < R) (hqq : q0 ^ 2 + q1 ^ 2 = R) (haa : a0 ^ 2 + a1 ^ 2 = R) (hbb : b0 ^ 2 + b1 ^ 2 = R) (hcc : c0 ^ 2 + c1 ^ 2 = R) (hS : u0 ^ 2 + u1 ^ 2 = S) (hqadot : q0 * a0 + q1 * a1 = R / 2) (habdot : a0 * b0 + a1 * b1 = R / 2) (hqudot : q0 * u0 + q1 * u1 = 0) (haudot : a0 * u0 + a1 * u1 = S / 2) (hcat₂_eq : (a0 - c0) ^ 2 + (a1 - c1) ^ 2 = (b0 - c0) ^ 2 + (b1 - c1) ^ 2) (hcatᵤ_eq : (a0 - c0) ^ 2 + (a1 - c1) ^ 2 = (u0 - c0) ^ 2 + (u1 - c1) ^ 2) (hA3_ne_R : a0 * c0 + a1 * c1 ≠ R) (hSpos : 0 < S) (hQ2_ne_R : q0 * b0 + q1 * b1 ≠ R) : False
Problem97.u5_two_qtransport_mutual_delayed_anchor_metric_incompatibility	lean/RVOL/P97/U5GlobalIncidenceQCriticalExactSelectedTwoTransportMutual.lean	29	theorem u5_two_qtransport_mutual_delayed_anchor_metric_incompatibility {p q t₁ t₂ t₃ u : ℝ²} {r : ℝ} (hr : 0 < r) (hpq : dist p q = r) (hpt₁ : dist p t₁ = r) (hpt₂ : dist p t₂ = r) (hpt₃ : dist p t₃ = r) (hq_ne_t₂ : q ≠ t₂) (ht₁p_t₁t₂ : dist t₁ p = dist t₁ t₂) (ht₁p_t₁u : dist t₁ p = dist t₁ u) (ht₂q_t₂t₃ : dist t₂ q = dist t₂ t₃) (ht₂q_t₂u : dist t₂ q = dist t₂ u) (ht₃q_t₃t₂ : dist t₃ q = dist t₃ t₂) (hup_ut₂ : dist u p = dist u t₂) : False
Problem97.U5QCriticalTripleClass.two_transport_mutual_delayed_anchor_incompatibility	lean/RVOL/P97/U5GlobalIncidenceQCriticalExactSelectedTwoTransportMutual.lean	173	theorem U5QCriticalTripleClass.two_transport_mutual_delayed_anchor_incompatibility {D : CounterexampleData} {q p t₁ t₂ t₃ u : ℝ²} {T B₁ B₂ B₃ Bu : Finset ℝ²} (htriple : U5DangerousTriple D q p T) (ht₁ : t₁ ∈ T) (ht₂ : t₂ ∈ T) (ht₃ : t₃ ∈ T) (K₁ : U5QDeletedK4Class D q t₁ B₁) (K₂ : U5QCriticalTripleClass D q t₂ B₂) (K₃ : U5QCriticalTripleClass D q t₃ B₃) (Ku : U5QDeletedK4Class D q u Bu) (hpB₁ : p ∈ B₁) (ht₂B₁ : t₂ ∈ B₁) (huB₁ : u ∈ B₁) (ht₃B₂ : t₃ ∈ B₂) (huB₂ : u ∈ B₂) (ht₂B₃ : t₂ ∈ B₃) (hpBu : p ∈ Bu) (ht₂Bu : t₂ ∈ Bu) : False
Problem97.u5_two_qtransport_mutual_delayed_anchor_coord_incompatibility	lean/RVOL/P97/U5GlobalIncidenceQCriticalExactSelectedTwoTransportMutualScalar.lean	26	theorem u5_two_qtransport_mutual_delayed_anchor_coord_incompatibility {q0 q1 a0 a1 b0 b1 c0 c1 u0 u1 R A U : ℝ} (hR : 0 < R) (hqq : q0 ^ 2 + q1 ^ 2 = R) (haa : a0 ^ 2 + a1 ^ 2 = R) (hbb : b0 ^ 2 + b1 ^ 2 = R) (hcc : c0 ^ 2 + c1 ^ 2 = R) (huu : u0 ^ 2 + u1 ^ 2 = U) (hqb : q0 * b0 + q1 * b1 = A) (hqc : q0 * c0 + q1 * c1 = A) (hbc : b0 * c0 + b1 * c1 = A) (hab : a0 * b0 + a1 * b1 = R / 2) (hau : a0 * u0 + a1 * u1 = U / 2) (hbu : b0 * u0 + b1 * u1 = R / 2) (hU : U = 2 * R - 2 * A) (hA_ne_R : A ≠ R) : False
Problem97.u5_two_qtransport_mutual_no_p_delayed_anchor_metric_incompatibility	lean/RVOL/P97/U5GlobalIncidenceQCriticalExactSelectedTwoTransportNoPDelayed.lean	29	theorem u5_two_qtransport_mutual_no_p_delayed_anchor_metric_incompatibility {p q t₂ t₃ u d : ℝ²} {r : ℝ} (hr : 0 < r) (hpq : dist p q = r) (hpt₂ : dist p t₂ = r) (hpt₃ : dist p t₃ = r) (hq_ne_t₂ : q ≠ t₂) (ht₂q_t₂t₃ : dist t₂ q = dist t₂ t₃) (ht₂q_t₂u : dist t₂ q = dist t₂ u) (ht₂q_t₂d : dist t₂ q = dist t₂ d) (ht₃q_t₃t₂ : dist t₃ q = dist t₃ t₂) (hdp_hdq : dist d p = dist d q) (hdp_hdu : dist d p = dist d u) (hut₂_hud : dist u t₂ = dist u d) : False
Problem97.U5QCriticalTripleClass.two_transport_mutual_no_p_delayed_anchor_incompatibility	lean/RVOL/P97/U5GlobalIncidenceQCriticalExactSelectedTwoTransportNoPDelayed.lean	195	theorem U5QCriticalTripleClass.two_transport_mutual_no_p_delayed_anchor_incompatibility {D : CounterexampleData} {q p t₂ t₃ u d : ℝ²} {T B₂ B₃ Bu Bd : Finset ℝ²} (htriple : U5DangerousTriple D q p T) (ht₂ : t₂ ∈ T) (ht₃ : t₃ ∈ T) (K₂ : U5QCriticalTripleClass D q t₂ B₂) (K₃ : U5QCriticalTripleClass D q t₃ B₃) (Ku : U5QDeletedK4Class D q u Bu) (Kd : U5QCriticalTripleClass D q d Bd) (ht₃B₂ : t₃ ∈ B₂) (huB₂ : u ∈ B₂) (hdB₂ : d ∈ B₂) (ht₂B₃ : t₂ ∈ B₃) (ht₂Bu : t₂ ∈ Bu) (hdBu : d ∈ Bu) (hpBd : p ∈ Bd) (huBd : u ∈ Bd) : False
Problem97.u5_two_qtransport_mutual_no_p_delayed_anchor_coord_incompatibility	lean/RVOL/P97/U5GlobalIncidenceQCriticalExactSelectedTwoTransportNoPDelayedScalar.lean	27	theorem u5_two_qtransport_mutual_no_p_delayed_anchor_coord_incompatibility {q0 q1 b0 b1 c0 c1 d0 d1 R A D : ℝ} (hR : 0 < R) (hqq : q0 ^ 2 + q1 ^ 2 = R) (hbb : b0 ^ 2 + b1 ^ 2 = R) (hcc : c0 ^ 2 + c1 ^ 2 = R) (hdd : d0 ^ 2 + d1 ^ 2 = D) (hqb : q0 * b0 + q1 * b1 = A) (hqc : q0 * c0 + q1 * c1 = A) (hbc : b0 * c0 + b1 * c1 = A) (hqd : q0 * d0 + q1 * d1 = R / 2) (hbd : b0 * d0 + b1 * d1 = (D - R + 2 * A) / 2) (hD : D = 2 * R - 2 * A) (hA_ne_R : A ≠ R) : False
Problem97.u5_two_qtransport_mutual_off_anchor_no_p_delayed_metric_incompatibility	lean/RVOL/P97/U5GlobalIncidenceQCriticalExactSelectedTwoTransportOffAnchor.lean	30	theorem u5_two_qtransport_mutual_off_anchor_no_p_delayed_metric_incompatibility {p q t₁ t₂ t₃ d e : ℝ²} {r : ℝ} (hr : 0 < r) (hpq : dist p q = r) (hpt₁ : dist p t₁ = r) (hpt₂ : dist p t₂ = r) (hpt₃ : dist p t₃ = r) (hq_ne_t₂ : q ≠ t₂) (ht₁p_t₁t₂ : dist t₁ p = dist t₁ t₂) (ht₂q_t₂t₃ : dist t₂ q = dist t₂ t₃) (ht₂q_t₂d : dist t₂ q = dist t₂ d) (ht₃q_t₃t₂ : dist t₃ q = dist t₃ t₂) (hdp_hdt₁ : dist d p = dist d t₁) (hdp_hde : dist d p = dist d e) (hep_het₁ : dist e p = dist e t₁) (hep_het₂ : dist e p = dist e t₂) (hep_hed : dist e p = dist e d) : False
Problem97.U5QCriticalTripleClass.two_transport_mutual_off_anchor_no_p_delayed_incompatibility	lean/RVOL/P97/U5GlobalIncidenceQCriticalExactSelectedTwoTransportOffAnchor.lean	222	theorem U5QCriticalTripleClass.two_transport_mutual_off_anchor_no_p_delayed_incompatibility {D : CounterexampleData} {q p t₁ t₂ t₃ d e : ℝ²} {T B₁ B₂ B₃ Bd Be : Finset ℝ²} (htriple : U5DangerousTriple D q p T) (ht₁ : t₁ ∈ T) (ht₂ : t₂ ∈ T) (ht₃ : t₃ ∈ T) (K₁ : U5QDeletedK4Class D q t₁ B₁) (K₂ : U5QCriticalTripleClass D q t₂ B₂) (K₃ : U5QCriticalTripleClass D q t₃ B₃) (Kd : U5QCriticalTripleClass D q d Bd) (Ke : U5QDeletedK4Class D q e Be) (hpB₁ : p ∈ B₁) (ht₂B₁ : t₂ ∈ B₁) (ht₃B₂ : t₃ ∈ B₂) (hdB₂ : d ∈ B₂) (ht₂B₃ : t₂ ∈ B₃) (hpBd : p ∈ Bd) (ht₁Bd : t₁ ∈ Bd) (heBd : e ∈ Bd) (hpBe : p ∈ Be) (ht₁Be : t₁ ∈ Be) (ht₂Be : t₂ ∈ Be) (hdBe : d ∈ Be) : False
Problem97.u5_two_qtransport_mutual_off_anchor_no_p_delayed_coord_incompatibility	lean/RVOL/P97/U5GlobalIncidenceQCriticalExactSelectedTwoTransportOffAnchorScalar.lean	109	theorem u5_two_qtransport_mutual_off_anchor_no_p_delayed_coord_incompatibility {q0 q1 a0 a1 b0 b1 c0 c1 d0 d1 e0 e1 R A D : ℝ} (hR : 0 < R) (hqq : q0 ^ 2 + q1 ^ 2 = R) (haa : a0 ^ 2 + a1 ^ 2 = R) (hbb : b0 ^ 2 + b1 ^ 2 = R) (hcc : c0 ^ 2 + c1 ^ 2 = R) (hdd : d0 ^ 2 + d1 ^ 2 = D) (hee : e0 ^ 2 + e1 ^ 2 = D) (hqb : q0 * b0 + q1 * b1 = A) (hqc : q0 * c0 + q1 * c1 = A) (hbc : b0 * c0 + b1 * c1 = A) (hab : a0 * b0 + a1 * b1 = R / 2) (had : a0 * d0 + a1 * d1 = R / 2) (hae : a0 * e0 + a1 * e1 = R / 2) (hbe : b0 * e0 + b1 * e1 = R / 2) (hbd : b0 * d0 + b1 * d1 = (D - R + 2 * A) / 2) (hA_ne_R : A ≠ R) : False
Problem97.u5_qcritical_circumcenter_antipodal_metric_incompatibility	lean/RVOL/P97/U5GlobalIncidenceQCriticalExtra.lean	34	theorem u5_qcritical_circumcenter_antipodal_metric_incompatibility {p q t₁ t₂ t₃ x : ℝ²} {r : ℝ} (hr : 0 < r) (hpq : dist p q = r) (hpt₁ : dist p t₁ = r) (hpt₂ : dist p t₂ = r) (hpt₃ : dist p t₃ = r) (ht₁q : dist t₁ q = r) (ht₁t₂ : dist t₁ t₂ = r) (ht₂t₃ : dist t₂ t₃ = r) (hq_ne_t₂ : q ≠ t₂) (ht₁_ne_t₃ : t₁ ≠ t₃) (hxpq : dist x p = dist x q) (hxt₁q : dist x t₁ = dist x q) (ht₃xq : dist t₃ x = dist t₃ q) : False
Problem97.U5QCriticalTripleClass.qcritical_circumcenter_antipodal_incompatibility	lean/RVOL/P97/U5GlobalIncidenceQCriticalExtra.lean	134	theorem U5QCriticalTripleClass.qcritical_circumcenter_antipodal_incompatibility {D : CounterexampleData} {q p t₁ t₂ t₃ x : ℝ²} {T B₁ B₂ B₃ Bx : Finset ℝ²} (htriple : U5DangerousTriple D q p T) (ht₁ : t₁ ∈ T) (ht₂ : t₂ ∈ T) (ht₃ : t₃ ∈ T) (ht₁_ne_t₃ : t₁ ≠ t₃) (K₁ : U5QCriticalTripleClass D q t₁ B₁) (K₂ : U5QDeletedK4Class D q t₂ B₂) (K₃ : U5QCriticalTripleClass D q t₃ B₃) (Kx : U5QCriticalTripleClass D q x Bx) (hpB₁ : p ∈ B₁) (ht₂B₁ : t₂ ∈ B₁) (hpB₂ : p ∈ B₂) (ht₃B₂ : t₃ ∈ B₂) (hxB₃ : x ∈ B₃) (hpBx : p ∈ Bx) (ht₁Bx : t₁ ∈ Bx) : False
Problem97.u5_circumcenter_antipodal_coord_incompatibility	lean/RVOL/P97/U5GlobalIncidenceQCriticalScalar.lean	22	theorem u5_circumcenter_antipodal_coord_incompatibility {q0 q1 a0 a1 b0 b1 c0 c1 x0 x1 R S : ℝ} (hR : 0 < R) (hqq : q0 ^ 2 + q1 ^ 2 = R) (haa : a0 ^ 2 + a1 ^ 2 = R) (hbb : b0 ^ 2 + b1 ^ 2 = R) (hcc : c0 ^ 2 + c1 ^ 2 = R) (hS : x0 ^ 2 + x1 ^ 2 = S) (hqadot : q0 * a0 + q1 * a1 = R / 2) (habdot : a0 * b0 + a1 * b1 = R / 2) (hbcdot : b0 * c0 + b1 * c1 = R / 2) (hxqdot : x0 * q0 + x1 * q1 = R / 2) (hxadot : x0 * a0 + x1 * a1 = R / 2) (hQ2_ne_R : q0 * b0 + q1 * b1 ≠ R) (hA3_ne_R : a0 * c0 + a1 * c1 ≠ R) (hdist_coord : (c0 - x0) ^ 2 + (c1 - x1) ^ 2 = (c0 - q0) ^ 2 + (c1 - q1) ^ 2) : False
Problem97.U5QCriticalTripleClass.two_triple_points_incompatibility	lean/RVOL/P97/U5GlobalIncidenceSupport.lean	130	theorem U5QCriticalTripleClass.two_triple_points_incompatibility {D : CounterexampleData} {q p center t₁ t₂ : ℝ²} {T B : Finset ℝ²} (htriple : U5DangerousTriple D q p T) (K : U5QCriticalTripleClass D q center B) (hcenter_ne_p : center ≠ p) (ht₁T : t₁ ∈ T) (ht₂T : t₂ ∈ T) (ht₁₂ : t₁ ≠ t₂) (ht₁B : t₁ ∈ B) (ht₂B : t₂ ∈ B) : False
Problem97.u5_qcritical_gramcert_pattern_incompatibility	lean/RVOL/P97/U5GramCertSound.lean	242	theorem u5_qcritical_gramcert_pattern_incompatibility {D : CounterexampleData} {q p t₁ t₂ t₃ u a₀ a₁ : ℝ²} {T : Finset ℝ²} {B : Fin 6 → Finset ℝ²} (htriple : U5DangerousTriple D q p T) (ht₁T : t₁ ∈ T) (ht₂T : t₂ ∈ T) (ht₃T : t₃ ∈ T) (ht₁₂ : t₁ ≠ t₂) (ht₁₃ : t₁ ≠ t₃) (ht₂₃ : t₂ ≠ t₃) (W : ∀ i : Fin 6, U5PropagationRowWitness D q (![p, q, t₁, t₂, t₃, u, a₀, a₁] (u5PatternRowCenter i)) (B i)) (P : Fin 6 → Finset (Fin 8)) (hmem : ∀ i : Fin 6, ∀ j ∈ P i, ![p, q, t₁, t₂, t₃, u, a₀, a₁] j ∈ B i) (cert : U5GramCertificate) (hchecker : u5GramCertChecker P cert = true) : False
Problem97.u5_qcritical_grampair_mutual_aux_metric_incompatibility	lean/RVOL/P97/U5QCriticalGramPairMutualAuxMetric.lean	47	theorem u5_qcritical_grampair_mutual_aux_metric_incompatibility {p q ti tj g e f : ℝ²} {r : ℝ} (hr : 0 < r) (hpq : dist p q = r) (hpti : dist p ti = r) (hptj : dist p tj = r) (hep_pos : 0 < dist e p) (heq : dist e p = dist e q) (hef : dist e p = dist e f) (hfq : dist f p = dist f q) (hfe : dist f p = dist f e) (hti_tj : dist ti p = dist ti tj) (hti_g : dist ti p = dist ti g) (htj_g : dist tj p = dist tj g) (hg_ef : dist g e = dist g f) (hg_eti : dist g e = dist g ti) : False
Problem97.U5QCriticalTripleClass.grampair_mutual_aux_pair_incompatibility	lean/RVOL/P97/U5QCriticalGramPairMutualAuxMetric.lean	223	theorem U5QCriticalTripleClass.grampair_mutual_aux_pair_incompatibility {D : CounterexampleData} {q p ti tj g e f : ℝ²} {T Bi Bj Bg Be Bf : Finset ℝ²} (htriple : U5DangerousTriple D q p T) (hti : ti ∈ T) (htj : tj ∈ T) (Wi : U5PropagationRowWitness D q ti Bi) (Wj : U5PropagationRowWitness D q tj Bj) (Wg : U5PropagationRowWitness D q g Bg) (Ke : U5QCriticalTripleClass D q e Be) (Kf : U5QCriticalTripleClass D q f Bf) (hpBi : p ∈ Bi) (htjBi : tj ∈ Bi) (hgBi : g ∈ Bi) (hpBj : p ∈ Bj) (hgBj : g ∈ Bj) (heBg : e ∈ Bg) (hfBg : f ∈ Bg) (htiBg : ti ∈ Bg) (hpBe : p ∈ Be) (hfBe : f ∈ Be) (hpBf : p ∈ Bf) (heBf : e ∈ Bf) : False
Problem97.u5_qcritical_grampair_mutual_aux_scalar_incompatibility	lean/RVOL/P97/U5QCriticalGramPairMutualAuxScalar.lean	28	theorem u5_qcritical_grampair_mutual_aux_scalar_incompatibility {R U W : ℝ} (hR : 0 < R) (hW : 0 < W) (hgramQEF : R * W * W + 2 * (R / 2) * (R / 2) * (W / 2) - R * (W / 2) ^ 2 - W * (R / 2) ^ 2 - W * (R / 2) ^ 2 = 0) (hgramTTG : R * R * U + 2 * (R / 2) * (U / 2) * (U / 2) - R * (U / 2) ^ 2 - R * (U / 2) ^ 2 - U * (R / 2) ^ 2 = 0) (hgramGEF : U * W * W + 2 * ((U + W - R) / 2) * ((U + W - R) / 2) * (W / 2) - U * (W / 2) ^ 2 - W * ((U + W - R) / 2) ^ 2 - W * ((U + W - R) / 2) ^ 2 = 0) : False
Problem97.u5_qcritical_mutual_no_p_exact_center_metric_incompatibility	lean/RVOL/P97/U5QCriticalMutualNoPExactCenter.lean	33	theorem u5_qcritical_mutual_no_p_exact_center_metric_incompatibility {p q a b u : ℝ²} {r : ℝ} (hr : 0 < r) (hpq : dist p q = r) (hpa : dist p a = r) (hpb : dist p b = r) (haq_hab : dist a q = dist a b) (hau_hab : dist a u = dist a b) (hbq_hba : dist b q = dist b a) (hbu_hba : dist b u = dist b a) (hup_hua : dist u p = dist u a) (hq_ne_b : q ≠ b) : False
Problem97.U5QCriticalTripleClass.mutual_no_p_exact_center_incompatibility	lean/RVOL/P97/U5QCriticalMutualNoPExactCenter.lean	127	theorem U5QCriticalTripleClass.mutual_no_p_exact_center_incompatibility {D : CounterexampleData} {q p a b u : ℝ²} {T Ba Bb Bu : Finset ℝ²} (htriple : U5DangerousTriple D q p T) (ha : a ∈ T) (hb : b ∈ T) (Ka : U5QCriticalTripleClass D q a Ba) (Kb : U5QCriticalTripleClass D q b Bb) (Ku : U5QDeletedK4Class D q u Bu) (hbBa : b ∈ Ba) (huBa : u ∈ Ba) (haBb : a ∈ Bb) (huBb : u ∈ Bb) (hpBu : p ∈ Bu) (haBu : a ∈ Bu) : False
Problem97.u5_qcritical_mutual_no_p_exact_center_coord_incompatibility	lean/RVOL/P97/U5QCriticalMutualNoPExactCenterScalar.lean	127	theorem u5_qcritical_mutual_no_p_exact_center_coord_incompatibility {q0 q1 a0 a1 b0 b1 u0 u1 R U X : ℝ} (hR : 0 < R) (hqq : q0 ^ 2 + q1 ^ 2 = R) (haa : a0 ^ 2 + a1 ^ 2 = R) (hbb : b0 ^ 2 + b1 ^ 2 = R) (huu : u0 ^ 2 + u1 ^ 2 = U) (haq_eq_hab : (a0 - q0) ^ 2 + (a1 - q1) ^ 2 = (a0 - b0) ^ 2 + (a1 - b1) ^ 2) (hbq_eq_hba : (b0 - q0) ^ 2 + (b1 - q1) ^ 2 = (b0 - a0) ^ 2 + (b1 - a1) ^ 2) (hau_eq_hab : (u0 - a0) ^ 2 + (u1 - a1) ^ 2 = (b0 - a0) ^ 2 + (b1 - a1) ^ 2) (hbu_eq_hba : (u0 - b0) ^ 2 + (u1 - b1) ^ 2 = (b0 - a0) ^ 2 + (b1 - a1) ^ 2) (hup_eq_hua : u0 ^ 2 + u1 ^ 2 = (u0 - a0) ^ 2 + (u1 - a1) ^ 2) (hq_ne_b : (b0 - q0) ^ 2 + (b1 - q1) ^ 2 ≠ 0) (hX : X = a0 * b0 + a1 * b1) : False
Problem97.u5_qcritical_propagation_pattern_incompatibility	lean/RVOL/P97/U5QCriticalPropagationSound.lean	244	theorem u5_qcritical_propagation_pattern_incompatibility {D : CounterexampleData} {q p t₁ t₂ t₃ u a₀ a₁ : ℝ²} {T : Finset ℝ²} {B : Fin 6 → Finset ℝ²} (htriple : U5DangerousTriple D q p T) (ht₁T : t₁ ∈ T) (ht₂T : t₂ ∈ T) (ht₃T : t₃ ∈ T) (ht₁₂ : t₁ ≠ t₂) (ht₁₃ : t₁ ≠ t₃) (ht₂₃ : t₂ ≠ t₃) (W : ∀ i : Fin 6, U5PropagationRowWitness D q (![p, q, t₁, t₂, t₃, u, a₀, a₁] (u5PatternRowCenter i)) (B i)) (P : Fin 6 → Finset (Fin 8)) (hmem : ∀ i : Fin 6, ∀ j ∈ P i, ![p, q, t₁, t₂, t₃, u, a₀, a₁] j ∈ B i) (hchecker : u5QCriticalPropagationChecker P = true) : False
