Problem97.U5QCriticalTripleClass.qcritical_exact_exact_aux_center_incompatibility	theorem U5QCriticalTripleClass.qcritical_exact_exact_aux_center_incompatibility {D : CounterexampleData} {q p t₁ t₂ t₃ a : ℝ²} {T B₁ B₂ B₃ Ba : Finset ℝ²} (htriple : U5DangerousTriple D q p T) (ht₁ : t₁ ∈ T) (ht₂ : t₂ ∈ T) (ht₃ : t₃ ∈ T) (ht₁_ne_t₃ : t₁ ≠ t₃) (K₁ : U5QCriticalTripleClass D q t₁ B₁) (K₂ : U5QDeletedK4Class D q t₂ B₂) (K₃ : U5QDeletedK4Class D q t₃ B₃) (Ka : U5QCriticalTripleClass D q a Ba) (hpB₁ : p ∈ B₁) (ht₂B₁ : t₂ ∈ B₁) (hpB₂ : p ∈ B₂) (ht₃B₂ : t₃ ∈ B₂) (hpB₃ : p ∈ B₃) (haB₃ : a ∈ B₃) (hpBa : p ∈ Ba) : False
Problem97.U5QCriticalTripleClass.qcritical_exact_qcritical_antipodal_incompatibility	theorem U5QCriticalTripleClass.qcritical_exact_qcritical_antipodal_incompatibility {D : CounterexampleData} {q p t₁ t₂ t₃ : ℝ²} {T B₁ B₂ B₃ : Finset ℝ²} (htriple : U5DangerousTriple D q p T) (ht₁ : t₁ ∈ T) (ht₂ : t₂ ∈ T) (ht₃ : t₃ ∈ T) (ht₁_ne_t₃ : t₁ ≠ t₃) (K₁ : U5QCriticalTripleClass D q t₁ B₁) (K₂ : U5QDeletedK4Class D q t₂ B₂) (K₃ : U5QCriticalTripleClass D q t₃ B₃) (hpB₁ : p ∈ B₁) (ht₂B₁ : t₂ ∈ B₁) (hpB₂ : p ∈ B₂) (ht₃B₂ : t₃ ∈ B₂) (ht₁B₃ : t₁ ∈ B₃) : False
Problem97.U5QCriticalTripleClass.qcritical_exact_aux_collinear_incompatibility	theorem U5QCriticalTripleClass.qcritical_exact_aux_collinear_incompatibility {D : CounterexampleData} {q p t₁ t₂ u a : ℝ²} {T B₁ B₂ Ba : Finset ℝ²} (htriple : U5DangerousTriple D q p T) (hsel : U5SelectedCandidateSkeleton D q p T u) (ht₁ : t₁ ∈ T) (ht₂ : t₂ ∈ T) (K₁ : U5QCriticalTripleClass D q t₁ B₁) (K₂ : U5QDeletedK4Class D q t₂ B₂) (Ka : U5QCriticalTripleClass D q a Ba) (hpB₁ : p ∈ B₁) (ht₂B₁ : t₂ ∈ B₁) (huB₁ : u ∈ B₁) (hpB₂ : p ∈ B₂) (huB₂ : u ∈ B₂) (ht₁Ba : t₁ ∈ Ba) (huBa : u ∈ Ba) : False
Problem97.U5QCriticalTripleClass.qcritical_exact_tail_radius_incompatibility	theorem U5QCriticalTripleClass.qcritical_exact_tail_radius_incompatibility {D : CounterexampleData} {q p t₁ t₂ t₃ u a : ℝ²} {T B₁ B₂ B₃ Bu Ba : Finset ℝ²} (htriple : U5DangerousTriple D q p T) (hsel : U5SelectedCandidateSkeleton D q p T u) (ht₁ : t₁ ∈ T) (ht₂ : t₂ ∈ T) (ht₃ : t₃ ∈ T) (K₁ : U5QCriticalTripleClass D q t₁ B₁) (K₂ : U5QDeletedK4Class D q t₂ B₂) (K₃ : U5QDeletedK4Class D q t₃ B₃) (Ku : U5QCriticalTripleClass D q u Bu) (Ka : U5QDeletedK4Class D q a Ba) (hpB₁ : p ∈ B₁) (ht₂B₁ : t₂ ∈ B₁) (huB₁ : u ∈ B₁) (hpB₂ : p ∈ B₂) (huB₂ : u ∈ B₂) (hpB₃ : p ∈ B₃) (haB₃ : a ∈ B₃) (haBu : a ∈ Bu) (ht₃Ba : t₃ ∈ Ba) (huBa : u ∈ Ba) : False
Problem97.U5QCriticalTripleClass.qcritical_exact_selected_center_incompatibility	theorem U5QCriticalTripleClass.qcritical_exact_selected_center_incompatibility {D : CounterexampleData} {q p t₁ t₂ u : ℝ²} {T B₁ B₂ Bu : Finset ℝ²} (htriple : U5DangerousTriple D q p T) (hsel : U5SelectedCandidateSkeleton D q p T u) (ht₁ : t₁ ∈ T) (ht₂ : t₂ ∈ T) (K₁ : U5QCriticalTripleClass D q t₁ B₁) (K₂ : U5QDeletedK4Class D q t₂ B₂) (Ku : U5QCriticalTripleClass D q u Bu) (hpB₁ : p ∈ B₁) (ht₂B₁ : t₂ ∈ B₁) (huB₁ : u ∈ B₁) (hpB₂ : p ∈ B₂) (huB₂ : u ∈ B₂) (ht₂Bu : t₂ ∈ Bu) : False
Problem97.U5QCriticalTripleClass.qcritical_exact_selected_antipodal_incompatibility	theorem U5QCriticalTripleClass.qcritical_exact_selected_antipodal_incompatibility {D : CounterexampleData} {q p t₁ t₂ t₃ u : ℝ²} {T B₁ B₂ Bu : Finset ℝ²} (htriple : U5DangerousTriple D q p T) (hsel : U5SelectedCandidateSkeleton D q p T u) (ht₁ : t₁ ∈ T) (ht₂ : t₂ ∈ T) (ht₃ : t₃ ∈ T) (ht₁_ne_t₃ : t₁ ≠ t₃) (K₁ : U5QCriticalTripleClass D q t₁ B₁) (K₂ : U5QDeletedK4Class D q t₂ B₂) (Ku : U5QDeletedK4Class D q u Bu) (hpB₁ : p ∈ B₁) (ht₂B₁ : t₂ ∈ B₁) (huB₁ : u ∈ B₁) (hpB₂ : p ∈ B₂) (ht₃B₂ : t₃ ∈ B₂) (huB₂ : u ∈ B₂) (ht₁Bu : t₁ ∈ Bu) (ht₃Bu : t₃ ∈ Bu) : False
Problem97.U5QCriticalTripleClass.qcritical_exact_exact_selected_antipodal_incompatibility	theorem U5QCriticalTripleClass.qcritical_exact_exact_selected_antipodal_incompatibility {D : CounterexampleData} {q p t₁ t₂ t₃ u : ℝ²} {T B₁ B₂ B₃ : Finset ℝ²} (htriple : U5DangerousTriple D q p T) (hsel : U5SelectedCandidateSkeleton D q p T u) (ht₁ : t₁ ∈ T) (ht₂ : t₂ ∈ T) (ht₃ : t₃ ∈ T) (ht₁_ne_t₃ : t₁ ≠ t₃) (K₁ : U5QCriticalTripleClass D q t₁ B₁) (K₂ : U5QDeletedK4Class D q t₂ B₂) (K₃ : U5QDeletedK4Class D q t₃ B₃) (hpB₁ : p ∈ B₁) (ht₂B₁ : t₂ ∈ B₁) (huB₁ : u ∈ B₁) (hpB₂ : p ∈ B₂) (ht₃B₂ : t₃ ∈ B₂) (huB₂ : u ∈ B₂) (hpB₃ : p ∈ B₃) (huB₃ : u ∈ B₃) : False
Problem97.U5QCriticalTripleClass.qcritical_antipodal_aux_center_incompatibility	theorem U5QCriticalTripleClass.qcritical_antipodal_aux_center_incompatibility {D : CounterexampleData} {q p t₁ t₂ t₃ x : ℝ²} {T B₁ B₂ Bx : Finset ℝ²} (htriple : U5DangerousTriple D q p T) (ht₁ : t₁ ∈ T) (ht₂ : t₂ ∈ T) (ht₃ : t₃ ∈ T) (ht₁_ne_t₃ : t₁ ≠ t₃) (K₁ : U5QCriticalTripleClass D q t₁ B₁) (K₂ : U5QDeletedK4Class D q t₂ B₂) (Kx : U5QCriticalTripleClass D q x Bx) (hpB₁ : p ∈ B₁) (ht₂B₁ : t₂ ∈ B₁) (hpB₂ : p ∈ B₂) (ht₃B₂ : t₃ ∈ B₂) (hpBx : p ∈ Bx) (ht₃Bx : t₃ ∈ Bx) : False
Problem97.U5QCriticalTripleClass.qcritical_aux_base_collision_incompatibility	theorem U5QCriticalTripleClass.qcritical_aux_base_collision_incompatibility {D : CounterexampleData} {q p t₁ t₂ t₃ x : ℝ²} {T B₁ B₂ B₃ Bx : Finset ℝ²} (htriple : U5DangerousTriple D q p T) (ht₁ : t₁ ∈ T) (ht₂ : t₂ ∈ T) (ht₃ : t₃ ∈ T) (ht₁_ne_t₃ : t₁ ≠ t₃) (hx_mem : x ∈ (D.skeleton q).erase p) (K₁ : U5QCriticalTripleClass D q t₁ B₁) (K₂ : U5QDeletedK4Class D q t₂ B₂) (K₃ : U5QDeletedK4Class D q t₃ B₃) (Kx : U5QCriticalTripleClass D q x Bx) (hpB₁ : p ∈ B₁) (ht₂B₁ : t₂ ∈ B₁) (hpB₂ : p ∈ B₂) (ht₃B₂ : t₃ ∈ B₂) (hpB₃ : p ∈ B₃) (hxB₃ : x ∈ B₃) (ht₃Bx : t₃ ∈ Bx) : False
Problem97.U5QCriticalTripleClass.qcritical_exact_collinear_tail_incompatibility	theorem U5QCriticalTripleClass.qcritical_exact_collinear_tail_incompatibility {D : CounterexampleData} {q p t₁ t₂ t₃ u a : ℝ²} {T B₁ B₂ Ba : Finset ℝ²} (htriple : U5DangerousTriple D q p T) (hsel : U5SelectedCandidateSkeleton D q p T u) (ht₁ : t₁ ∈ T) (ht₂ : t₂ ∈ T) (ht₃ : t₃ ∈ T) (ht₁_ne_t₃ : t₁ ≠ t₃) (K₁ : U5QCriticalTripleClass D q t₁ B₁) (K₂ : U5QDeletedK4Class D q t₂ B₂) (Ka : U5QDeletedK4Class D q a Ba) (hpB₁ : p ∈ B₁) (ht₂B₁ : t₂ ∈ B₁) (huB₁ : u ∈ B₁) (hpB₂ : p ∈ B₂) (ht₃B₂ : t₃ ∈ B₂) (huB₂ : u ∈ B₂) (ht₂Ba : t₂ ∈ Ba) (ht₃Ba : t₃ ∈ Ba) (huBa : u ∈ Ba) : False
Problem97.U5QCriticalTripleClass.qcritical_exact_aux_base_collision_incompatibility	theorem U5QCriticalTripleClass.qcritical_exact_aux_base_collision_incompatibility {D : CounterexampleData} {q p t₁ t₂ t₃ x : ℝ²} {T B₁ B₂ B₃ Bx : Finset ℝ²} (htriple : U5DangerousTriple D q p T) (ht₁ : t₁ ∈ T) (ht₂ : t₂ ∈ T) (ht₃ : t₃ ∈ T) (ht₁_ne_t₃ : t₁ ≠ t₃) (hx_mem : x ∈ (D.skeleton q).erase p) (K₁ : U5QCriticalTripleClass D q t₁ B₁) (K₂ : U5QDeletedK4Class D q t₂ B₂) (K₃ : U5QDeletedK4Class D q t₃ B₃) (Kx : U5QDeletedK4Class D q x Bx) (hpB₁ : p ∈ B₁) (ht₂B₁ : t₂ ∈ B₁) (hpB₂ : p ∈ B₂) (ht₃B₂ : t₃ ∈ B₂) (hpB₃ : p ∈ B₃) (hxB₃ : x ∈ B₃) (ht₁Bx : t₁ ∈ Bx) (ht₂Bx : t₂ ∈ Bx) : False
Problem97.U5QCriticalTripleClass.qcritical_exact_circumcenter_antipodal_incompatibility	theorem U5QCriticalTripleClass.qcritical_exact_circumcenter_antipodal_incompatibility {D : CounterexampleData} {q p t₁ t₂ t₃ x : ℝ²} {T B₁ B₂ B₃ Bx : Finset ℝ²} (htriple : U5DangerousTriple D q p T) (ht₁ : t₁ ∈ T) (ht₂ : t₂ ∈ T) (ht₃ : t₃ ∈ T) (ht₁_ne_t₃ : t₁ ≠ t₃) (K₁ : U5QCriticalTripleClass D q t₁ B₁) (K₂ : U5QDeletedK4Class D q t₂ B₂) (K₃ : U5QCriticalTripleClass D q t₃ B₃) (Kx : U5QDeletedK4Class D q x Bx) (hpB₁ : p ∈ B₁) (ht₂B₁ : t₂ ∈ B₁) (hpB₂ : p ∈ B₂) (ht₃B₂ : t₃ ∈ B₂) (hxB₃ : x ∈ B₃) (hpBx : p ∈ Bx) (ht₁Bx : t₁ ∈ Bx) (ht₂Bx : t₂ ∈ Bx) : False
Problem97.U5QCriticalTripleClass.qcritical_exact_selected_aux_circumcenter_mid_radius_incompatibility	theorem U5QCriticalTripleClass.qcritical_exact_selected_aux_circumcenter_mid_radius_incompatibility {D : CounterexampleData} {q p t₁ t₂ d : ℝ²} {T B₁ B₂ Bd : Finset ℝ²} (htriple : U5DangerousTriple D q p T) (ht₁ : t₁ ∈ T) (ht₂ : t₂ ∈ T) (K₁ : U5QCriticalTripleClass D q t₁ B₁) (K₂ : U5QDeletedK4Class D q t₂ B₂) (Kd : U5QCriticalTripleClass D q d Bd) (hpB₁ : p ∈ B₁) (ht₂B₁ : t₂ ∈ B₁) (hpB₂ : p ∈ B₂) (hdB₂ : d ∈ B₂) (hpBd : p ∈ Bd) (ht₁Bd : t₁ ∈ Bd) : False
Problem97.U5QCriticalTripleClass.qcritical_exact_selected_aux_equiangular_incompatibility	theorem U5QCriticalTripleClass.qcritical_exact_selected_aux_equiangular_incompatibility {D : CounterexampleData} {q p t₁ t₂ t₃ d : ℝ²} {T B₁ B₂ B₃ Bd : Finset ℝ²} (htriple : U5DangerousTriple D q p T) (ht₁ : t₁ ∈ T) (ht₂ : t₂ ∈ T) (ht₃ : t₃ ∈ T) (ht₁_ne_t₃ : t₁ ≠ t₃) (K₁ : U5QCriticalTripleClass D q t₁ B₁) (K₂ : U5QDeletedK4Class D q t₂ B₂) (K₃ : U5QDeletedK4Class D q t₃ B₃) (Kd : U5QCriticalTripleClass D q d Bd) (hpB₁ : p ∈ B₁) (ht₂B₁ : t₂ ∈ B₁) (hpB₂ : p ∈ B₂) (ht₃B₂ : t₃ ∈ B₂) (ht₁B₃ : t₁ ∈ B₃) (hdB₃ : d ∈ B₃) (hpBd : p ∈ Bd) (ht₁Bd : t₁ ∈ Bd) : False
Problem97.U5QCriticalTripleClass.qcritical_exact_selected_aux_exact_collision_incompatibility	theorem U5QCriticalTripleClass.qcritical_exact_selected_aux_exact_collision_incompatibility {D : CounterexampleData} {q p t₁ t₂ d u : ℝ²} {T B₁ B₂ Bd Bu : Finset ℝ²} (htriple : U5DangerousTriple D q p T) (ht₁ : t₁ ∈ T) (ht₂ : t₂ ∈ T) (hu_mem : u ∈ (D.skeleton q).erase p) (K₁ : U5QCriticalTripleClass D q t₁ B₁) (K₂ : U5QDeletedK4Class D q t₂ B₂) (Kd : U5QDeletedK4Class D q d Bd) (Ku : U5QDeletedK4Class D q u Bu) (hpB₁ : p ∈ B₁) (ht₂B₁ : t₂ ∈ B₁) (huB₁ : u ∈ B₁) (hpB₂ : p ∈ B₂) (huB₂ : u ∈ B₂) (hdB₂ : d ∈ B₂) (hpBd : p ∈ Bd) (ht₁Bd : t₁ ∈ Bd) (ht₁Bu : t₁ ∈ Bu) (hdBu : d ∈ Bu) : False
Problem97.U5QCriticalTripleClass.qcritical_exact_selected_aux_right_collision_incompatibility	theorem U5QCriticalTripleClass.qcritical_exact_selected_aux_right_collision_incompatibility {D : CounterexampleData} {q p t₁ t₂ t₃ d u : ℝ²} {T B₁ B₂ B₃ Bd Bu : Finset ℝ²} (htriple : U5DangerousTriple D q p T) (ht₁ : t₁ ∈ T) (ht₂ : t₂ ∈ T) (ht₃ : t₃ ∈ T) (hu_mem : u ∈ (D.skeleton q).erase p) (K₁ : U5QCriticalTripleClass D q t₁ B₁) (K₂ : U5QDeletedK4Class D q t₂ B₂) (K₃ : U5QCriticalTripleClass D q t₃ B₃) (Kd : U5QDeletedK4Class D q d Bd) (Ku : U5QDeletedK4Class D q u Bu) (hpB₁ : p ∈ B₁) (ht₂B₁ : t₂ ∈ B₁) (huB₁ : u ∈ B₁) (hpB₂ : p ∈ B₂) (huB₂ : u ∈ B₂) (hdB₂ : d ∈ B₂) (huB₃ : u ∈ B₃) (hdB₃ : d ∈ B₃) (hpBd : p ∈ Bd) (ht₃Bd : t₃ ∈ Bd) (huBd : u ∈ Bd) (ht₁Bu : t₁ ∈ Bu) (hdBu : d ∈ Bu) : False
Problem97.U5QCriticalTripleClass.qcritical_exact_selected_aux_right_radius_incompatibility	theorem U5QCriticalTripleClass.qcritical_exact_selected_aux_right_radius_incompatibility {D : CounterexampleData} {q p t₁ t₂ t₃ d u : ℝ²} {T B₁ B₂ B₃ Bd Bu : Finset ℝ²} (htriple : U5DangerousTriple D q p T) (ht₁ : t₁ ∈ T) (ht₂ : t₂ ∈ T) (ht₃ : t₃ ∈ T) (ht₁_ne_t₃ : t₁ ≠ t₃) (hu_mem : u ∈ (D.skeleton q).erase p) (K₁ : U5QCriticalTripleClass D q t₁ B₁) (K₂ : U5QDeletedK4Class D q t₂ B₂) (K₃ : U5QCriticalTripleClass D q t₃ B₃) (Kd : U5QDeletedK4Class D q d Bd) (Ku : U5QDeletedK4Class D q u Bu) (hpB₁ : p ∈ B₁) (ht₂B₁ : t₂ ∈ B₁) (huB₁ : u ∈ B₁) (hpB₂ : p ∈ B₂) (huB₂ : u ∈ B₂) (huB₃ : u ∈ B₃) (hdB₃ : d ∈ B₃) (ht₃Bd : t₃ ∈ Bd) (huBd : u ∈ Bd) (ht₁Bu : t₁ ∈ Bu) (hdBu : d ∈ Bu) : False
Problem97.U5QCriticalTripleClass.qcritical_exact_selected_circumcenter_incompatibility	theorem U5QCriticalTripleClass.qcritical_exact_selected_circumcenter_incompatibility {D : CounterexampleData} {q p t₁ t₂ t₃ x : ℝ²} {T B₁ B₂ Bx : Finset ℝ²} (htriple : U5DangerousTriple D q p T) (ht₁ : t₁ ∈ T) (ht₂ : t₂ ∈ T) (ht₃ : t₃ ∈ T) (ht₁_ne_t₃ : t₁ ≠ t₃) (hx_mem : x ∈ (D.skeleton q).erase p) (K₁ : U5QCriticalTripleClass D q t₁ B₁) (K₂ : U5QDeletedK4Class D q t₂ B₂) (Kx : U5QDeletedK4Class D q x Bx) (hpB₁ : p ∈ B₁) (ht₂B₁ : t₂ ∈ B₁) (hxB₁ : x ∈ B₁) (hpB₂ : p ∈ B₂) (ht₃B₂ : t₃ ∈ B₂) (hpBx : p ∈ Bx) (ht₂Bx : t₂ ∈ Bx) (ht₃Bx : t₃ ∈ Bx) : False
Problem97.U5QCriticalTripleClass.qcritical_exact_selected_equilateral_selected_tangent_incompatibility	theorem U5QCriticalTripleClass.qcritical_exact_selected_equilateral_selected_tangent_incompatibility {D : CounterexampleData} {q p t₁ t₂ t₃ u : ℝ²} {T B₁ B₂ B₃ Bu : Finset ℝ²} (htriple : U5DangerousTriple D q p T) (ht₁ : t₁ ∈ T) (ht₂ : t₂ ∈ T) (ht₃ : t₃ ∈ T) (ht₁_ne_t₃ : t₁ ≠ t₃) (hu_mem : u ∈ (D.skeleton q).erase p) (K₁ : U5QCriticalTripleClass D q t₁ B₁) (K₂ : U5QDeletedK4Class D q t₂ B₂) (K₃ : U5QCriticalTripleClass D q t₃ B₃) (Ku : U5QDeletedK4Class D q u Bu) (hpB₁ : p ∈ B₁) (ht₂B₁ : t₂ ∈ B₁) (hpB₂ : p ∈ B₂) (huB₂ : u ∈ B₂) (hpB₃ : p ∈ B₃) (ht₂Bu : t₂ ∈ Bu) (ht₃Bu : t₃ ∈ Bu) : False
Problem97.U5QCriticalTripleClass.qcritical_exact_selected_equilateral_tangent_incompatibility	theorem U5QCriticalTripleClass.qcritical_exact_selected_equilateral_tangent_incompatibility {D : CounterexampleData} {q p t₁ t₂ t₃ u d : ℝ²} {T B₁ B₃ Bu Bd : Finset ℝ²} (htriple : U5DangerousTriple D q p T) (ht₁ : t₁ ∈ T) (ht₂ : t₂ ∈ T) (ht₃ : t₃ ∈ T) (ht₁_ne_t₃ : t₁ ≠ t₃) (hd_mem : d ∈ (D.skeleton q).erase p) (K₁ : U5QCriticalTripleClass D q t₁ B₁) (K₃ : U5QCriticalTripleClass D q t₃ B₃) (Ku : U5QDeletedK4Class D q u Bu) (Kd : U5QDeletedK4Class D q d Bd) (hpB₁ : p ∈ B₁) (ht₂B₁ : t₂ ∈ B₁) (huB₁ : u ∈ B₁) (hpB₃ : p ∈ B₃) (ht₁Bu : t₁ ∈ Bu) (hdBu : d ∈ Bu) (ht₂Bd : t₂ ∈ Bd) (ht₃Bd : t₃ ∈ Bd) (huBd : u ∈ Bd) : False
Problem97.U5QCriticalTripleClass.qcritical_exact_selected_mid_aux_left_qcritical_right_exact_incompatibility	theorem U5QCriticalTripleClass.qcritical_exact_selected_mid_aux_left_qcritical_right_exact_incompatibility {D : CounterexampleData} {q p t₁ t₂ t₃ d : ℝ²} {T B₁ B₂ B₃ Bd : Finset ℝ²} (htriple : U5DangerousTriple D q p T) (ht₁ : t₁ ∈ T) (ht₂ : t₂ ∈ T) (ht₃ : t₃ ∈ T) (K₁ : U5QCriticalTripleClass D q t₁ B₁) (K₂ : U5QDeletedK4Class D q t₂ B₂) (K₃ : U5QDeletedK4Class D q t₃ B₃) (Kd : U5QCriticalTripleClass D q d Bd) (hpB₁ : p ∈ B₁) (ht₂B₁ : t₂ ∈ B₁) (hpB₂ : p ∈ B₂) (hdB₂ : d ∈ B₂) (ht₁B₃ : t₁ ∈ B₃) (ht₂B₃ : t₂ ∈ B₃) (hdB₃ : d ∈ B₃) (ht₁Bd : t₁ ∈ Bd) : False
Problem97.U5QCriticalTripleClass.qcritical_exact_selected_mid_aux_qcritical_collision_incompatibility	theorem U5QCriticalTripleClass.qcritical_exact_selected_mid_aux_qcritical_collision_incompatibility {D : CounterexampleData} {q p t₁ t₂ d : ℝ²} {T B₁ B₂ Bd : Finset ℝ²} (htriple : U5DangerousTriple D q p T) (ht₁ : t₁ ∈ T) (ht₂ : t₂ ∈ T) (ht₁_ne_d : t₁ ≠ d) (K₁ : U5QCriticalTripleClass D q t₁ B₁) (K₂ : U5QDeletedK4Class D q t₂ B₂) (Kd : U5QCriticalTripleClass D q d Bd) (hpB₁ : p ∈ B₁) (ht₂B₁ : t₂ ∈ B₁) (hpB₂ : p ∈ B₂) (hdB₂ : d ∈ B₂) (hpBd : p ∈ Bd) : False
Problem97.U5QCriticalTripleClass.qcritical_exact_outer_aux_eq_mid_incompatibility	theorem U5QCriticalTripleClass.qcritical_exact_outer_aux_eq_mid_incompatibility {D : CounterexampleData} {q p t₁ t₂ u e : ℝ²} {T B₁ B₂ Bu Be : Finset ℝ²} (htriple : U5DangerousTriple D q p T) (ht₁ : t₁ ∈ T) (ht₂ : t₂ ∈ T) (hu_mem : u ∈ (D.skeleton q).erase p) (K₁ : U5QCriticalTripleClass D q t₁ B₁) (K₂ : U5QDeletedK4Class D q t₂ B₂) (Ku : U5QDeletedK4Class D q u Bu) (Ke : U5QDeletedK4Class D q e Be) (hpB₁ : p ∈ B₁) (ht₂B₁ : t₂ ∈ B₁) (huB₁ : u ∈ B₁) (heB₂ : e ∈ B₂) (ht₁Bu : t₁ ∈ Bu) (ht₂Bu : t₂ ∈ Bu) (hpBe : p ∈ Be) (ht₁Be : t₁ ∈ Be) (huBe : u ∈ Be) : False
Problem97.U5QCriticalTripleClass.qcritical_exact_outer_no_base_aux_eq_mid_incompatibility	theorem U5QCriticalTripleClass.qcritical_exact_outer_no_base_aux_eq_mid_incompatibility {D : CounterexampleData} {q p t₁ t₂ t₃ u e : ℝ²} {T B₁ B₂ Bu Be : Finset ℝ²} (htriple : U5DangerousTriple D q p T) (ht₁ : t₁ ∈ T) (ht₂ : t₂ ∈ T) (ht₃ : t₃ ∈ T) (ht₁_ne_t₃ : t₁ ≠ t₃) (hu_mem : u ∈ (D.skeleton q).erase p) (K₁ : U5QCriticalTripleClass D q t₁ B₁) (K₂ : U5QDeletedK4Class D q t₂ B₂) (Ku : U5QDeletedK4Class D q u Bu) (Ke : U5QDeletedK4Class D q e Be) (hpB₁ : p ∈ B₁) (ht₂B₁ : t₂ ∈ B₁) (huB₁ : u ∈ B₁) (hpB₂ : p ∈ B₂) (ht₃B₂ : t₃ ∈ B₂) (heB₂ : e ∈ B₂) (ht₁Bu : t₁ ∈ Bu) (ht₂Bu : t₂ ∈ Bu) (ht₁Be : t₁ ∈ Be) (ht₃Be : t₃ ∈ Be) (huBe : u ∈ Be) : False
Problem97.U5QCriticalTripleClass.qcritical_exact_outer_right_aux_eq_mid_incompatibility	theorem U5QCriticalTripleClass.qcritical_exact_outer_right_aux_eq_mid_incompatibility {D : CounterexampleData} {q p t₁ t₂ t₃ u e : ℝ²} {T B₁ B₂ Bu Be : Finset ℝ²} (htriple : U5DangerousTriple D q p T) (ht₁ : t₁ ∈ T) (ht₂ : t₂ ∈ T) (ht₃ : t₃ ∈ T) (ht₁_ne_t₃ : t₁ ≠ t₃) (hu_mem : u ∈ (D.skeleton q).erase p) (K₁ : U5QCriticalTripleClass D q t₁ B₁) (K₂ : U5QDeletedK4Class D q t₂ B₂) (Ku : U5QDeletedK4Class D q u Bu) (Ke : U5QDeletedK4Class D q e Be) (hpB₁ : p ∈ B₁) (ht₂B₁ : t₂ ∈ B₁) (huB₁ : u ∈ B₁) (hpB₂ : p ∈ B₂) (ht₃B₂ : t₃ ∈ B₂) (heB₂ : e ∈ B₂) (ht₁Bu : t₁ ∈ Bu) (ht₂Bu : t₂ ∈ Bu) (hpBe : p ∈ Be) (ht₃Be : t₃ ∈ Be) (huBe : u ∈ Be) : False
Problem97.U5QCriticalTripleClass.qcritical_exact_selected_qcritical_aux_radius_incompatibility	theorem U5QCriticalTripleClass.qcritical_exact_selected_qcritical_aux_radius_incompatibility {D : CounterexampleData} {q p t₁ t₂ t₃ u d : ℝ²} {T B₁ B₂ B₃ Bu Bd : Finset ℝ²} (htriple : U5DangerousTriple D q p T) (ht₁ : t₁ ∈ T) (ht₂ : t₂ ∈ T) (ht₃ : t₃ ∈ T) (ht₁_ne_t₃ : t₁ ≠ t₃) (K₁ : U5QCriticalTripleClass D q t₁ B₁) (K₂ : U5QDeletedK4Class D q t₂ B₂) (K₃ : U5QDeletedK4Class D q t₃ B₃) (Ku : U5QCriticalTripleClass D q u Bu) (Kd : U5QDeletedK4Class D q d Bd) (hpB₁ : p ∈ B₁) (ht₂B₁ : t₂ ∈ B₁) (huB₁ : u ∈ B₁) (hpB₂ : p ∈ B₂) (ht₃B₂ : t₃ ∈ B₂) (ht₁B₃ : t₁ ∈ B₃) (huB₃ : u ∈ B₃) (hdB₃ : d ∈ B₃) (ht₂Bu : t₂ ∈ Bu) (hdBu : d ∈ Bu) (hpBd : p ∈ Bd) (ht₃Bd : t₃ ∈ Bd) (huBd : u ∈ Bd) : False
Problem97.U5QCriticalTripleClass.qcritical_exact_selected_qcritical_aux_radius_qcritical_incompatibility	theorem U5QCriticalTripleClass.qcritical_exact_selected_qcritical_aux_radius_qcritical_incompatibility {D : CounterexampleData} {q p t₁ t₂ t₃ u d : ℝ²} {T B₁ B₂ B₃ Bu Bd : Finset ℝ²} (htriple : U5DangerousTriple D q p T) (ht₁ : t₁ ∈ T) (ht₂ : t₂ ∈ T) (ht₃ : t₃ ∈ T) (ht₁_ne_t₃ : t₁ ≠ t₃) (K₁ : U5QCriticalTripleClass D q t₁ B₁) (K₂ : U5QDeletedK4Class D q t₂ B₂) (K₃ : U5QDeletedK4Class D q t₃ B₃) (Ku : U5QCriticalTripleClass D q u Bu) (Kd : U5QCriticalTripleClass D q d Bd) (hpB₁ : p ∈ B₁) (ht₂B₁ : t₂ ∈ B₁) (huB₁ : u ∈ B₁) (hpB₂ : p ∈ B₂) (ht₃B₂ : t₃ ∈ B₂) (ht₁B₃ : t₁ ∈ B₃) (huB₃ : u ∈ B₃) (hdB₃ : d ∈ B₃) (ht₂Bu : t₂ ∈ Bu) (hdBu : d ∈ Bu) (ht₃Bd : t₃ ∈ Bd) (huBd : u ∈ Bd) : False
Problem97.U5QCriticalTripleClass.qcritical_exact_selected_qcritical_left_right_mid_incompatibility	theorem U5QCriticalTripleClass.qcritical_exact_selected_qcritical_left_right_mid_incompatibility {D : CounterexampleData} {q p t₁ t₂ t₃ u : ℝ²} {T B₁ B₂ B₃ Bu : Finset ℝ²} (htriple : U5DangerousTriple D q p T) (ht₁ : t₁ ∈ T) (ht₂ : t₂ ∈ T) (ht₃ : t₃ ∈ T) (ht₁_ne_t₃ : t₁ ≠ t₃) (hu_mem : u ∈ (D.skeleton q).erase p) (K₁ : U5QCriticalTripleClass D q t₁ B₁) (K₂ : U5QDeletedK4Class D q t₂ B₂) (K₃ : U5QDeletedK4Class D q t₃ B₃) (Ku : U5QCriticalTripleClass D q u Bu) (hpB₁ : p ∈ B₁) (ht₂B₁ : t₂ ∈ B₁) (huB₁ : u ∈ B₁) (hpB₂ : p ∈ B₂) (ht₃B₂ : t₃ ∈ B₂) (ht₂B₃ : t₂ ∈ B₃) (huB₃ : u ∈ B₃) (ht₁Bu : t₁ ∈ Bu) : False
Problem97.U5QCriticalTripleClass.qcritical_exact_selected_qcritical_mid_aux_exact_base_incompatibility	theorem U5QCriticalTripleClass.qcritical_exact_selected_qcritical_mid_aux_exact_base_incompatibility {D : CounterexampleData} {q p t₁ t₂ d : ℝ²} {T B₁ B₂ Bd : Finset ℝ²} (htriple : U5DangerousTriple D q p T) (ht₁ : t₁ ∈ T) (ht₂ : t₂ ∈ T) (K₁ : U5QCriticalTripleClass D q t₁ B₁) (K₂ : U5QCriticalTripleClass D q t₂ B₂) (Kd : U5QDeletedK4Class D q d Bd) (hpB₁ : p ∈ B₁) (ht₂B₁ : t₂ ∈ B₁) (hdB₂ : d ∈ B₂) (hpBd : p ∈ Bd) (ht₁Bd : t₁ ∈ Bd) (ht₂Bd : t₂ ∈ Bd) : False
Problem97.U5QCriticalTripleClass.qcritical_exact_selected_qcritical_mid_right_exact_left_incompatibility	theorem U5QCriticalTripleClass.qcritical_exact_selected_qcritical_mid_right_exact_left_incompatibility {D : CounterexampleData} {q p t₁ t₂ t₃ : ℝ²} {T B₁ B₂ B₃ : Finset ℝ²} (htriple : U5DangerousTriple D q p T) (ht₁ : t₁ ∈ T) (ht₂ : t₂ ∈ T) (ht₃ : t₃ ∈ T) (K₁ : U5QCriticalTripleClass D q t₁ B₁) (K₂ : U5QCriticalTripleClass D q t₂ B₂) (K₃ : U5QDeletedK4Class D q t₃ B₃) (hpB₁ : p ∈ B₁) (ht₂B₁ : t₂ ∈ B₁) (ht₃B₂ : t₃ ∈ B₂) (hpB₃ : p ∈ B₃) (ht₁B₃ : t₁ ∈ B₃) : False
Problem97.U5QCriticalTripleClass.qcritical_exact_selected_qcritical_mid_selected_aux_exact_incompatibility	theorem U5QCriticalTripleClass.qcritical_exact_selected_qcritical_mid_selected_aux_exact_incompatibility {D : CounterexampleData} {q p t₁ t₂ u d : ℝ²} {T B₁ B₂ Bu Bd : Finset ℝ²} (htriple : U5DangerousTriple D q p T) (ht₁ : t₁ ∈ T) (ht₂ : t₂ ∈ T) (K₁ : U5QCriticalTripleClass D q t₁ B₁) (K₂ : U5QCriticalTripleClass D q t₂ B₂) (Ku : U5QCriticalTripleClass D q u Bu) (Kd : U5QDeletedK4Class D q d Bd) (hpB₁ : p ∈ B₁) (ht₂B₁ : t₂ ∈ B₁) (huB₁ : u ∈ B₁) (huB₂ : u ∈ B₂) (hdB₂ : d ∈ B₂) (ht₂Bu : t₂ ∈ Bu) (ht₁Bd : t₁ ∈ Bd) (ht₂Bd : t₂ ∈ Bd) (huBd : u ∈ Bd) : False
Problem97.U5QCriticalTripleClass.qcritical_exact_selected_qcritical_right_aux_equiangular_incompatibility	theorem U5QCriticalTripleClass.qcritical_exact_selected_qcritical_right_aux_equiangular_incompatibility {D : CounterexampleData} {q p t₁ t₂ t₃ u d : ℝ²} {T B₁ B₂ B₃ Bu Bd : Finset ℝ²} (htriple : U5DangerousTriple D q p T) (ht₁ : t₁ ∈ T) (ht₂ : t₂ ∈ T) (ht₃ : t₃ ∈ T) (hu_mem : u ∈ (D.skeleton q).erase p) (K₁ : U5QCriticalTripleClass D q t₁ B₁) (K₂ : U5QDeletedK4Class D q t₂ B₂) (K₃ : U5QCriticalTripleClass D q t₃ B₃) (Ku : U5QDeletedK4Class D q u Bu) (Kd : U5QCriticalTripleClass D q d Bd) (hpB₁ : p ∈ B₁) (ht₂B₁ : t₂ ∈ B₁) (huB₁ : u ∈ B₁) (hpB₂ : p ∈ B₂) (huB₂ : u ∈ B₂) (ht₁B₃ : t₁ ∈ B₃) (hdB₃ : d ∈ B₃) (hpBu : p ∈ Bu) (hdBu : d ∈ Bu) (ht₃Bd : t₃ ∈ Bd) (huBd : u ∈ Bd) : False
Problem97.U5QCriticalTripleClass.qcritical_exact_selected_qcritical_right_mid_incompatibility	theorem U5QCriticalTripleClass.qcritical_exact_selected_qcritical_right_mid_incompatibility {D : CounterexampleData} {q p t₁ t₂ t₃ u : ℝ²} {T B₁ B₂ B₃ Bu : Finset ℝ²} (htriple : U5DangerousTriple D q p T) (ht₁ : t₁ ∈ T) (ht₂ : t₂ ∈ T) (ht₃ : t₃ ∈ T) (ht₁_ne_t₃ : t₁ ≠ t₃) (K₁ : U5QCriticalTripleClass D q t₁ B₁) (K₂ : U5QDeletedK4Class D q t₂ B₂) (K₃ : U5QDeletedK4Class D q t₃ B₃) (Ku : U5QCriticalTripleClass D q u Bu) (hpB₁ : p ∈ B₁) (ht₂B₁ : t₂ ∈ B₁) (hpB₂ : p ∈ B₂) (ht₃B₂ : t₃ ∈ B₂) (ht₂B₃ : t₂ ∈ B₃) (huB₃ : u ∈ B₃) (hpBu : p ∈ Bu) : False
Problem97.U5QCriticalTripleClass.qcritical_exact_selected_qcritical_right_pair_incompatibility	theorem U5QCriticalTripleClass.qcritical_exact_selected_qcritical_right_pair_incompatibility {D : CounterexampleData} {q p t₁ t₂ t₃ u : ℝ²} {T B₁ B₂ B₃ Bu : Finset ℝ²} (htriple : U5DangerousTriple D q p T) (ht₁ : t₁ ∈ T) (ht₂ : t₂ ∈ T) (ht₃ : t₃ ∈ T) (ht₁_ne_t₃ : t₁ ≠ t₃) (K₁ : U5QCriticalTripleClass D q t₁ B₁) (K₂ : U5QDeletedK4Class D q t₂ B₂) (K₃ : U5QDeletedK4Class D q t₃ B₃) (Ku : U5QCriticalTripleClass D q u Bu) (hpB₁ : p ∈ B₁) (ht₂B₁ : t₂ ∈ B₁) (huB₁ : u ∈ B₁) (hpB₂ : p ∈ B₂) (ht₃B₂ : t₃ ∈ B₂) (ht₁B₃ : t₁ ∈ B₃) (huB₃ : u ∈ B₃) (hpBu : p ∈ Bu) : False
Problem97.U5QCriticalTripleClass.qcritical_exact_selected_qcritical_right_right_mid_incompatibility	theorem U5QCriticalTripleClass.qcritical_exact_selected_qcritical_right_right_mid_incompatibility {D : CounterexampleData} {q p t₁ t₂ t₃ u : ℝ²} {T B₁ B₂ B₃ Bu : Finset ℝ²} (htriple : U5DangerousTriple D q p T) (ht₁ : t₁ ∈ T) (ht₂ : t₂ ∈ T) (ht₃ : t₃ ∈ T) (ht₁_ne_t₃ : t₁ ≠ t₃) (hu_mem : u ∈ (D.skeleton q).erase p) (K₁ : U5QCriticalTripleClass D q t₁ B₁) (K₂ : U5QDeletedK4Class D q t₂ B₂) (K₃ : U5QDeletedK4Class D q t₃ B₃) (Ku : U5QCriticalTripleClass D q u Bu) (hpB₁ : p ∈ B₁) (ht₂B₁ : t₂ ∈ B₁) (hpB₂ : p ∈ B₂) (ht₃B₂ : t₃ ∈ B₂) (ht₂B₃ : t₂ ∈ B₃) (huB₃ : u ∈ B₃) (ht₃Bu : t₃ ∈ Bu) : False
Problem97.U5QCriticalTripleClass.qcritical_exact_selected_right_base_incompatibility	theorem U5QCriticalTripleClass.qcritical_exact_selected_right_base_incompatibility {D : CounterexampleData} {q p t₁ t₂ t₃ x : ℝ²} {T B₁ B₂ B₃ Bx : Finset ℝ²} (htriple : U5DangerousTriple D q p T) (ht₁ : t₁ ∈ T) (ht₂ : t₂ ∈ T) (ht₃ : t₃ ∈ T) (ht₁_ne_t₃ : t₁ ≠ t₃) (K₁ : U5QCriticalTripleClass D q t₁ B₁) (K₂ : U5QDeletedK4Class D q t₂ B₂) (K₃ : U5QCriticalTripleClass D q t₃ B₃) (Kx : U5QDeletedK4Class D q x Bx) (hpB₁ : p ∈ B₁) (ht₂B₁ : t₂ ∈ B₁) (hxB₁ : x ∈ B₁) (hpB₂ : p ∈ B₂) (ht₃B₂ : t₃ ∈ B₂) (hxB₃ : x ∈ B₃) (hpBx : p ∈ Bx) (ht₂Bx : t₂ ∈ Bx) : False
Problem97.U5QCriticalTripleClass.qcritical_exact_selected_right_exact_center_incompatibility	theorem U5QCriticalTripleClass.qcritical_exact_selected_right_exact_center_incompatibility {D : CounterexampleData} {q p t₁ t₂ t₃ u : ℝ²} {T B₁ B₂ B₃ : Finset ℝ²} (htriple : U5DangerousTriple D q p T) (ht₁ : t₁ ∈ T) (ht₂ : t₂ ∈ T) (ht₃ : t₃ ∈ T) (ht₁_ne_t₃ : t₁ ≠ t₃) (hu_mem : u ∈ (D.skeleton q).erase p) (K₁ : U5QCriticalTripleClass D q t₁ B₁) (K₂ : U5QDeletedK4Class D q t₂ B₂) (K₃ : U5QDeletedK4Class D q t₃ B₃) (hpB₁ : p ∈ B₁) (ht₂B₁ : t₂ ∈ B₁) (huB₁ : u ∈ B₁) (hpB₂ : p ∈ B₂) (huB₂ : u ∈ B₂) (ht₁B₃ : t₁ ∈ B₃) (ht₂B₃ : t₂ ∈ B₃) (huB₃ : u ∈ B₃) : False
Problem97.U5QCriticalTripleClass.qcritical_exact_selected_right_exact_selected_qcritical_incompatibility	theorem U5QCriticalTripleClass.qcritical_exact_selected_right_exact_selected_qcritical_incompatibility {D : CounterexampleData} {q p t₁ t₂ t₃ u : ℝ²} {T B₁ B₂ B₃ Bu : Finset ℝ²} (htriple : U5DangerousTriple D q p T) (ht₁ : t₁ ∈ T) (ht₂ : t₂ ∈ T) (ht₃ : t₃ ∈ T) (hu_mem : u ∈ (D.skeleton q).erase p) (K₁ : U5QCriticalTripleClass D q t₁ B₁) (K₂ : U5QDeletedK4Class D q t₂ B₂) (K₃ : U5QDeletedK4Class D q t₃ B₃) (Ku : U5QCriticalTripleClass D q u Bu) (hpB₁ : p ∈ B₁) (ht₂B₁ : t₂ ∈ B₁) (huB₁ : u ∈ B₁) (hpB₂ : p ∈ B₂) (huB₂ : u ∈ B₂) (ht₁B₃ : t₁ ∈ B₃) (ht₂B₃ : t₂ ∈ B₃) (ht₃Bu : t₃ ∈ Bu) : False
Problem97.U5QCriticalTripleClass.qcritical_exact_selected_right_mid_selected_radius_incompatibility	theorem U5QCriticalTripleClass.qcritical_exact_selected_right_mid_selected_radius_incompatibility {D : CounterexampleData} {q p t₁ t₂ t₃ u : ℝ²} {T B₁ B₂ B₃ : Finset ℝ²} (htriple : U5DangerousTriple D q p T) (ht₁ : t₁ ∈ T) (ht₂ : t₂ ∈ T) (ht₃ : t₃ ∈ T) (ht₁_ne_t₃ : t₁ ≠ t₃) (hu_mem : u ∈ (D.skeleton q).erase p) (K₁ : U5QCriticalTripleClass D q t₁ B₁) (K₂ : U5QDeletedK4Class D q t₂ B₂) (K₃ : U5QDeletedK4Class D q t₃ B₃) (hpB₁ : p ∈ B₁) (ht₂B₁ : t₂ ∈ B₁) (huB₁ : u ∈ B₁) (hpB₂ : p ∈ B₂) (huB₂ : u ∈ B₂) (ht₂B₃ : t₂ ∈ B₃) (huB₃ : u ∈ B₃) : False
Problem97.U5QCriticalTripleClass.qcritical_exact_selected_right_pair_incompatibility	theorem U5QCriticalTripleClass.qcritical_exact_selected_right_pair_incompatibility {D : CounterexampleData} {q p t₁ t₂ t₃ u : ℝ²} {T B₁ B₂ Bu : Finset ℝ²} (htriple : U5DangerousTriple D q p T) (ht₁ : t₁ ∈ T) (ht₂ : t₂ ∈ T) (ht₃ : t₃ ∈ T) (ht₁_ne_t₃ : t₁ ≠ t₃) (hu_mem : u ∈ (D.skeleton q).erase p) (K₁ : U5QCriticalTripleClass D q t₁ B₁) (K₂ : U5QDeletedK4Class D q t₂ B₂) (Ku : U5QDeletedK4Class D q u Bu) (hpB₁ : p ∈ B₁) (ht₂B₁ : t₂ ∈ B₁) (huB₁ : u ∈ B₁) (hpB₂ : p ∈ B₂) (ht₃B₂ : t₃ ∈ B₂) (ht₂Bu : t₂ ∈ Bu) (ht₃Bu : t₃ ∈ Bu) : False
Problem97.U5QCriticalTripleClass.qcritical_exact_selected_right_qcritical_aux_exact_qcritical_incompatibility	theorem U5QCriticalTripleClass.qcritical_exact_selected_right_qcritical_aux_exact_qcritical_incompatibility {D : CounterexampleData} {q p t₁ t₂ t₃ d e u : ℝ²} {T B₁ B₂ B₃ Bd Be Bu : Finset ℝ²} (htriple : U5DangerousTriple D q p T) (ht₁ : t₁ ∈ T) (ht₂ : t₂ ∈ T) (ht₃ : t₃ ∈ T) (hu_mem : u ∈ (D.skeleton q).erase p) (K₁ : U5QCriticalTripleClass D q t₁ B₁) (K₂ : U5QDeletedK4Class D q t₂ B₂) (K₃ : U5QCriticalTripleClass D q t₃ B₃) (Kd : U5QDeletedK4Class D q d Bd) (Ke : U5QCriticalTripleClass D q e Be) (Ku : U5QDeletedK4Class D q u Bu) (hpB₁ : p ∈ B₁) (ht₂B₁ : t₂ ∈ B₁) (huB₁ : u ∈ B₁) (hpB₂ : p ∈ B₂) (huB₂ : u ∈ B₂) (ht₂B₃ : t₂ ∈ B₃) (hdB₃ : d ∈ B₃) (hpBd : p ∈ Bd) (ht₃Bd : t₃ ∈ Bd) (heBd : e ∈ Bd) (hpBe : p ∈ Be) (ht₃Be : t₃ ∈ Be) (hdBe : d ∈ Be) (ht₁Bu : t₁ ∈ Bu) (ht₃Bu : t₃ ∈ Bu) (heBu : e ∈ Bu) : False
Problem97.U5QCriticalTripleClass.qcritical_exact_selected_right_qcritical_aux_exact_selected_outer_qcritical_incompatibility	theorem U5QCriticalTripleClass.qcritical_exact_selected_right_qcritical_aux_exact_selected_outer_qcritical_incompatibility {D : CounterexampleData} {q p t₁ t₂ t₃ d e u : ℝ²} {T B₁ B₂ B₃ Bd Be Bu : Finset ℝ²} (htriple : U5DangerousTriple D q p T) (ht₁ : t₁ ∈ T) (ht₂ : t₂ ∈ T) (ht₃ : t₃ ∈ T) (hu_mem : u ∈ (D.skeleton q).erase p) (K₁ : U5QCriticalTripleClass D q t₁ B₁) (K₂ : U5QDeletedK4Class D q t₂ B₂) (K₃ : U5QCriticalTripleClass D q t₃ B₃) (Kd : U5QDeletedK4Class D q d Bd) (Ke : U5QCriticalTripleClass D q e Be) (Ku : U5QDeletedK4Class D q u Bu) (hpB₁ : p ∈ B₁) (ht₂B₁ : t₂ ∈ B₁) (huB₁ : u ∈ B₁) (hpB₂ : p ∈ B₂) (huB₂ : u ∈ B₂) (ht₂B₃ : t₂ ∈ B₃) (ht₂Bd : t₂ ∈ Bd) (ht₃Bd : t₃ ∈ Bd) (huBd : u ∈ Bd) (heBd : e ∈ Bd) (hpBe : p ∈ Be) (ht₃Be : t₃ ∈ Be) (hdBe : d ∈ Be) (ht₁Bu : t₁ ∈ Bu) (ht₃Bu : t₃ ∈ Bu) (hdBu : d ∈ Bu) (heBu : e ∈ Bu) : False
Problem97.U5QCriticalTripleClass.qcritical_exact_selected_right_qcritical_aux_exact_selected_qcritical_incompatibility	theorem U5QCriticalTripleClass.qcritical_exact_selected_right_qcritical_aux_exact_selected_qcritical_incompatibility {D : CounterexampleData} {q p t₁ t₂ t₃ e u : ℝ²} {T B₁ B₂ B₃ Be Bu : Finset ℝ²} (htriple : U5DangerousTriple D q p T) (ht₁ : t₁ ∈ T) (ht₂ : t₂ ∈ T) (ht₃ : t₃ ∈ T) (hu_mem : u ∈ (D.skeleton q).erase p) (K₁ : U5QCriticalTripleClass D q t₁ B₁) (K₂ : U5QDeletedK4Class D q t₂ B₂) (K₃ : U5QCriticalTripleClass D q t₃ B₃) (Ke : U5QCriticalTripleClass D q e Be) (Ku : U5QDeletedK4Class D q u Bu) (hpB₁ : p ∈ B₁) (ht₂B₁ : t₂ ∈ B₁) (huB₁ : u ∈ B₁) (hpB₂ : p ∈ B₂) (huB₂ : u ∈ B₂) (ht₂B₃ : t₂ ∈ B₃) (ht₃Be : t₃ ∈ Be) (huBe : u ∈ Be) (ht₁Bu : t₁ ∈ Bu) (ht₃Bu : t₃ ∈ Bu) : False
Problem97.U5QCriticalTripleClass.qcritical_exact_selected_right_qcritical_aux_selected_qcritical_incompatibility	theorem U5QCriticalTripleClass.qcritical_exact_selected_right_qcritical_aux_selected_qcritical_incompatibility {D : CounterexampleData} {q p t₁ t₂ t₃ e u : ℝ²} {T B₁ B₂ B₃ Be Bu : Finset ℝ²} (htriple : U5DangerousTriple D q p T) (ht₁ : t₁ ∈ T) (ht₂ : t₂ ∈ T) (ht₃ : t₃ ∈ T) (hu_mem : u ∈ (D.skeleton q).erase p) (K₁ : U5QCriticalTripleClass D q t₁ B₁) (K₂ : U5QDeletedK4Class D q t₂ B₂) (K₃ : U5QCriticalTripleClass D q t₃ B₃) (Ke : U5QCriticalTripleClass D q e Be) (Ku : U5QDeletedK4Class D q u Bu) (hpB₁ : p ∈ B₁) (ht₂B₁ : t₂ ∈ B₁) (huB₁ : u ∈ B₁) (hpB₂ : p ∈ B₂) (huB₂ : u ∈ B₂) (ht₂B₃ : t₂ ∈ B₃) (ht₃Be : t₃ ∈ Be) (huBe : u ∈ Be) (ht₁Bu : t₁ ∈ Bu) (ht₃Bu : t₃ ∈ Bu) : False
Problem97.U5QCriticalTripleClass.qcritical_exact_selected_right_qcritical_collinear_incompatibility	theorem U5QCriticalTripleClass.qcritical_exact_selected_right_qcritical_collinear_incompatibility {D : CounterexampleData} {q p t₁ t₂ t₃ u : ℝ²} {T B₁ B₂ B₃ : Finset ℝ²} (htriple : U5DangerousTriple D q p T) (ht₁ : t₁ ∈ T) (ht₂ : t₂ ∈ T) (hu_mem : u ∈ (D.skeleton q).erase p) (K₁ : U5QCriticalTripleClass D q t₁ B₁) (K₂ : U5QDeletedK4Class D q t₂ B₂) (K₃ : U5QCriticalTripleClass D q t₃ B₃) (hpB₁ : p ∈ B₁) (ht₂B₁ : t₂ ∈ B₁) (huB₁ : u ∈ B₁) (hpB₂ : p ∈ B₂) (huB₂ : u ∈ B₂) (ht₁B₃ : t₁ ∈ B₃) (huB₃ : u ∈ B₃) : False
Problem97.U5QCriticalTripleClass.qcritical_exact_selected_right_qcritical_left_right_selected_incompatibility	theorem U5QCriticalTripleClass.qcritical_exact_selected_right_qcritical_left_right_selected_incompatibility {D : CounterexampleData} {q p t₁ t₂ t₃ d u : ℝ²} {T B₁ B₂ B₃ Bd Bu : Finset ℝ²} (htriple : U5DangerousTriple D q p T) (ht₁ : t₁ ∈ T) (ht₂ : t₂ ∈ T) (ht₃ : t₃ ∈ T) (hu_mem : u ∈ (D.skeleton q).erase p) (K₁ : U5QCriticalTripleClass D q t₁ B₁) (K₂ : U5QDeletedK4Class D q t₂ B₂) (K₃ : U5QCriticalTripleClass D q t₃ B₃) (Kd : U5QCriticalTripleClass D q d Bd) (Ku : U5QDeletedK4Class D q u Bu) (hpB₁ : p ∈ B₁) (ht₂B₁ : t₂ ∈ B₁) (huB₁ : u ∈ B₁) (hpB₂ : p ∈ B₂) (huB₂ : u ∈ B₂) (hdB₂ : d ∈ B₂) (ht₂B₃ : t₂ ∈ B₃) (hpBd : p ∈ Bd) (ht₃Bd : t₃ ∈ Bd) (ht₁Bu : t₁ ∈ Bu) (ht₃Bu : t₃ ∈ Bu) (hdBu : d ∈ Bu) : False
Problem97.U5QCriticalTripleClass.qcritical_exact_selected_right_qcritical_mid_incompatibility	theorem U5QCriticalTripleClass.qcritical_exact_selected_right_qcritical_mid_incompatibility {D : CounterexampleData} {q p t₁ t₂ t₃ u : ℝ²} {T B₁ B₂ B₃ Bu : Finset ℝ²} (htriple : U5DangerousTriple D q p T) (ht₁ : t₁ ∈ T) (ht₂ : t₂ ∈ T) (ht₃ : t₃ ∈ T) (hu_mem : u ∈ (D.skeleton q).erase p) (K₁ : U5QCriticalTripleClass D q t₁ B₁) (K₂ : U5QDeletedK4Class D q t₂ B₂) (K₃ : U5QCriticalTripleClass D q t₃ B₃) (Ku : U5QDeletedK4Class D q u Bu) (hpB₁ : p ∈ B₁) (ht₂B₁ : t₂ ∈ B₁) (huB₁ : u ∈ B₁) (hpB₂ : p ∈ B₂) (huB₂ : u ∈ B₂) (ht₁B₃ : t₁ ∈ B₃) (ht₂Bu : t₂ ∈ Bu) (ht₃Bu : t₃ ∈ Bu) : False
Problem97.U5QCriticalTripleClass.qcritical_exact_selected_right_qcritical_selected_aux_qcritical_incompatibility	theorem U5QCriticalTripleClass.qcritical_exact_selected_right_qcritical_selected_aux_qcritical_incompatibility {D : CounterexampleData} {q p t₁ t₂ t₃ e u : ℝ²} {T B₁ B₂ B₃ Be Bu : Finset ℝ²} (htriple : U5DangerousTriple D q p T) (ht₁ : t₁ ∈ T) (ht₂ : t₂ ∈ T) (ht₃ : t₃ ∈ T) (hu_mem : u ∈ (D.skeleton q).erase p) (K₁ : U5QCriticalTripleClass D q t₁ B₁) (K₂ : U5QDeletedK4Class D q t₂ B₂) (K₃ : U5QCriticalTripleClass D q t₃ B₃) (Ke : U5QCriticalTripleClass D q e Be) (Ku : U5QDeletedK4Class D q u Bu) (hpB₁ : p ∈ B₁) (ht₂B₁ : t₂ ∈ B₁) (huB₁ : u ∈ B₁) (hpB₂ : p ∈ B₂) (huB₂ : u ∈ B₂) (huB₃ : u ∈ B₃) (heB₃ : e ∈ B₃) (hpBe : p ∈ Be) (ht₃Be : t₃ ∈ Be) (_ht₁Bu : t₁ ∈ Bu) (ht₂Bu : t₂ ∈ Bu) (heBu : e ∈ Bu) : False
Problem97.U5QCriticalTripleClass.qcritical_exact_selected_right_qcritical_selected_radius_incompatibility	theorem U5QCriticalTripleClass.qcritical_exact_selected_right_qcritical_selected_radius_incompatibility {D : CounterexampleData} {q p t₁ t₂ t₃ u : ℝ²} {T B₁ B₂ B₃ Bu : Finset ℝ²} (htriple : U5DangerousTriple D q p T) (ht₁ : t₁ ∈ T) (ht₂ : t₂ ∈ T) (ht₃ : t₃ ∈ T) (hu_mem : u ∈ (D.skeleton q).erase p) (K₁ : U5QCriticalTripleClass D q t₁ B₁) (K₂ : U5QDeletedK4Class D q t₂ B₂) (K₃ : U5QCriticalTripleClass D q t₃ B₃) (Ku : U5QDeletedK4Class D q u Bu) (hpB₁ : p ∈ B₁) (ht₂B₁ : t₂ ∈ B₁) (huB₁ : u ∈ B₁) (hpB₂ : p ∈ B₂) (huB₂ : u ∈ B₂) (ht₂B₃ : t₂ ∈ B₃) (hpBu : p ∈ Bu) (ht₃Bu : t₃ ∈ Bu) : False
Problem97.U5QCriticalTripleClass.qcritical_exact_selected_selected_exact_aux_exact_incompatibility	theorem U5QCriticalTripleClass.qcritical_exact_selected_selected_exact_aux_exact_incompatibility {D : CounterexampleData} {q p t₁ t₂ t₃ u d : ℝ²} {T B₁ Bu Bd : Finset ℝ²} (htriple : U5DangerousTriple D q p T) (ht₁ : t₁ ∈ T) (ht₂ : t₂ ∈ T) (ht₃ : t₃ ∈ T) (K₁ : U5QCriticalTripleClass D q t₁ B₁) (Ku : U5QDeletedK4Class D q u Bu) (Kd : U5QDeletedK4Class D q d Bd) (hpB₁ : p ∈ B₁) (ht₂B₁ : t₂ ∈ B₁) (huB₁ : u ∈ B₁) (hpBu : p ∈ Bu) (ht₂Bu : t₂ ∈ Bu) (ht₃Bu : t₃ ∈ Bu) (hdBu : d ∈ Bu) (hpBd : p ∈ Bd) (ht₃Bd : t₃ ∈ Bd) (huBd : u ∈ Bd) : False
Problem97.U5QCriticalTripleClass.qcritical_exact_selected_selected_exact_aux_exact_tail_qcritical_incompatibility	theorem U5QCriticalTripleClass.qcritical_exact_selected_selected_exact_aux_exact_tail_qcritical_incompatibility {D : CounterexampleData} {q p t₁ t₂ t₃ u d e : ℝ²} {T B₁ B₂ B₃ Bu Bd Be : Finset ℝ²} (htriple : U5DangerousTriple D q p T) (ht₁ : t₁ ∈ T) (ht₂ : t₂ ∈ T) (ht₃ : t₃ ∈ T) (K₁ : U5QCriticalTripleClass D q t₁ B₁) (K₂ : U5QDeletedK4Class D q t₂ B₂) (K₃ : U5QDeletedK4Class D q t₃ B₃) (Ku : U5QDeletedK4Class D q u Bu) (Kd : U5QDeletedK4Class D q d Bd) (Ke : U5QCriticalTripleClass D q e Be) (hpB₁ : p ∈ B₁) (ht₂B₁ : t₂ ∈ B₁) (hpB₂ : p ∈ B₂) (heB₂ : e ∈ B₂) (ht₁B₃ : t₁ ∈ B₃) (ht₂B₃ : t₂ ∈ B₃) (hdB₃ : d ∈ B₃) (hdBu : d ∈ Bu) (heBu : e ∈ Bu) (hpBd : p ∈ Bd) (ht₁Bd : t₁ ∈ Bd) (ht₃Bd : t₃ ∈ Bd) (huBd : u ∈ Bd) (ht₃Be : t₃ ∈ Be) (huBe : u ∈ Be) (hdBe : d ∈ Be) : False
Problem97.U5QCriticalTripleClass.qcritical_exact_selected_aux_left_tail_exact_tail_qcritical_incompatibility	theorem U5QCriticalTripleClass.qcritical_exact_selected_aux_left_tail_exact_tail_qcritical_incompatibility {D : CounterexampleData} {q p t₁ t₂ t₃ d e : ℝ²} {T B₁ B₂ B₃ Bd Be : Finset ℝ²} (htriple : U5DangerousTriple D q p T) (ht₁ : t₁ ∈ T) (ht₂ : t₂ ∈ T) (ht₃ : t₃ ∈ T) (K₁ : U5QCriticalTripleClass D q t₁ B₁) (K₂ : U5QDeletedK4Class D q t₂ B₂) (K₃ : U5QDeletedK4Class D q t₃ B₃) (Kd : U5QDeletedK4Class D q d Bd) (Ke : U5QCriticalTripleClass D q e Be) (hpB₁ : p ∈ B₁) (ht₂B₁ : t₂ ∈ B₁) (hpB₂ : p ∈ B₂) (hdB₂ : d ∈ B₂) (heB₂ : e ∈ B₂) (ht₁B₃ : t₁ ∈ B₃) (ht₂B₃ : t₂ ∈ B₃) (hdB₃ : d ∈ B₃) (ht₁Bd : t₁ ∈ Bd) (ht₃Bd : t₃ ∈ Bd) (heBd : e ∈ Bd) (ht₃Be : t₃ ∈ Be) (hdBe : d ∈ Be) : False
Problem97.U5QCriticalTripleClass.qcritical_exact_selected_selected_exact_aux_qcritical_incompatibility	theorem U5QCriticalTripleClass.qcritical_exact_selected_selected_exact_aux_qcritical_incompatibility {D : CounterexampleData} {q p t₁ t₂ t₃ u d : ℝ²} {T B₁ B₂ B₃ Bu Bd : Finset ℝ²} (htriple : U5DangerousTriple D q p T) (ht₁ : t₁ ∈ T) (ht₂ : t₂ ∈ T) (ht₃ : t₃ ∈ T) (K₁ : U5QCriticalTripleClass D q t₁ B₁) (K₂ : U5QDeletedK4Class D q t₂ B₂) (K₃ : U5QDeletedK4Class D q t₃ B₃) (Ku : U5QDeletedK4Class D q u Bu) (Kd : U5QCriticalTripleClass D q d Bd) (hpB₁ : p ∈ B₁) (ht₂B₁ : t₂ ∈ B₁) (hpB₂ : p ∈ B₂) (hdB₂ : d ∈ B₂) (ht₂B₃ : t₂ ∈ B₃) (huB₃ : u ∈ B₃) (hdB₃ : d ∈ B₃) (hpBu : p ∈ Bu) (ht₂Bu : t₂ ∈ Bu) (ht₃Bu : t₃ ∈ Bu) (hdBu : d ∈ Bu) (ht₁Bd : t₁ ∈ Bd) (huBd : u ∈ Bd) : False
Problem97.U5QCriticalTripleClass.qcritical_exact_selected_selected_exact_aux_right_tail_qcritical_incompatibility	theorem U5QCriticalTripleClass.qcritical_exact_selected_selected_exact_aux_right_tail_qcritical_incompatibility {D : CounterexampleData} {q p t₁ t₂ t₃ u d e : ℝ²} {T B₁ B₂ B₃ Bu Bd Be : Finset ℝ²} (htriple : U5DangerousTriple D q p T) (ht₁ : t₁ ∈ T) (ht₂ : t₂ ∈ T) (ht₃ : t₃ ∈ T) (K₁ : U5QCriticalTripleClass D q t₁ B₁) (K₂ : U5QDeletedK4Class D q t₂ B₂) (K₃ : U5QDeletedK4Class D q t₃ B₃) (Ku : U5QDeletedK4Class D q u Bu) (Kd : U5QDeletedK4Class D q d Bd) (Ke : U5QCriticalTripleClass D q e Be) (hpB₁ : p ∈ B₁) (ht₂B₁ : t₂ ∈ B₁) (hpB₂ : p ∈ B₂) (hdB₂ : d ∈ B₂) (heB₂ : e ∈ B₂) (ht₂B₃ : t₂ ∈ B₃) (huB₃ : u ∈ B₃) (hdB₃ : d ∈ B₃) (heB₃ : e ∈ B₃) (hpBu : p ∈ Bu) (ht₂Bu : t₂ ∈ Bu) (ht₃Bu : t₃ ∈ Bu) (hdBu : d ∈ Bu) (ht₁Bd : t₁ ∈ Bd) (ht₃Bd : t₃ ∈ Bd) (heBd : e ∈ Bd) (huBe : u ∈ Be) (hdBe : d ∈ Be) : False
Problem97.U5QCriticalTripleClass.qcritical_exact_selected_selected_exact_aux_tail_exact_tail_qcritical_incompatibility	theorem U5QCriticalTripleClass.qcritical_exact_selected_selected_exact_aux_tail_exact_tail_qcritical_incompatibility {D : CounterexampleData} {q p t₁ t₂ t₃ u d e : ℝ²} {T B₁ B₂ B₃ Bu Bd Be : Finset ℝ²} (htriple : U5DangerousTriple D q p T) (ht₁ : t₁ ∈ T) (ht₂ : t₂ ∈ T) (ht₃ : t₃ ∈ T) (K₁ : U5QCriticalTripleClass D q t₁ B₁) (K₂ : U5QDeletedK4Class D q t₂ B₂) (K₃ : U5QDeletedK4Class D q t₃ B₃) (Ku : U5QDeletedK4Class D q u Bu) (Kd : U5QDeletedK4Class D q d Bd) (Ke : U5QCriticalTripleClass D q e Be) (hpB₁ : p ∈ B₁) (ht₂B₁ : t₂ ∈ B₁) (hpB₂ : p ∈ B₂) (hdB₂ : d ∈ B₂) (heB₂ : e ∈ B₂) (ht₁B₃ : t₁ ∈ B₃) (ht₂B₃ : t₂ ∈ B₃) (hdB₃ : d ∈ B₃) (hdBu : d ∈ Bu) (heBu : e ∈ Bu) (hpBd : p ∈ Bd) (ht₃Bd : t₃ ∈ Bd) (huBd : u ∈ Bd) (ht₃Be : t₃ ∈ Be) (huBe : u ∈ Be) (hdBe : d ∈ Be) : False
Problem97.U5QCriticalTripleClass.qcritical_exact_selected_selected_exact_right_exact_pair_incompatibility	theorem U5QCriticalTripleClass.qcritical_exact_selected_selected_exact_right_exact_pair_incompatibility {D : CounterexampleData} {q p t₁ t₂ t₃ u : ℝ²} {T B₁ B₃ Bu : Finset ℝ²} (htriple : U5DangerousTriple D q p T) (ht₁ : t₁ ∈ T) (ht₂ : t₂ ∈ T) (ht₃ : t₃ ∈ T) (K₁ : U5QCriticalTripleClass D q t₁ B₁) (K₃ : U5QDeletedK4Class D q t₃ B₃) (Ku : U5QDeletedK4Class D q u Bu) (hpB₁ : p ∈ B₁) (ht₂B₁ : t₂ ∈ B₁) (huB₁ : u ∈ B₁) (hpBu : p ∈ Bu) (ht₂Bu : t₂ ∈ Bu) (ht₃Bu : t₃ ∈ Bu) (ht₁B₃ : t₁ ∈ B₃) (ht₂B₃ : t₂ ∈ B₃) : False
Problem97.U5QCriticalTripleClass.qcritical_exact_selected_selected_exact_right_mid_incompatibility	theorem U5QCriticalTripleClass.qcritical_exact_selected_selected_exact_right_mid_incompatibility {D : CounterexampleData} {q p t₁ t₂ t₃ u : ℝ²} {T B₁ B₃ Bu : Finset ℝ²} (htriple : U5DangerousTriple D q p T) (ht₁ : t₁ ∈ T) (ht₂ : t₂ ∈ T) (ht₃ : t₃ ∈ T) (K₁ : U5QCriticalTripleClass D q t₁ B₁) (K₃ : U5QCriticalTripleClass D q t₃ B₃) (Ku : U5QDeletedK4Class D q u Bu) (hpB₁ : p ∈ B₁) (ht₂B₁ : t₂ ∈ B₁) (huB₁ : u ∈ B₁) (ht₂B₃ : t₂ ∈ B₃) (hpBu : p ∈ Bu) (ht₂Bu : t₂ ∈ Bu) (ht₃Bu : t₃ ∈ Bu) : False
Problem97.U5QCriticalTripleClass.qcritical_exact_selected_selected_exact_right_qcritical_incompatibility	theorem U5QCriticalTripleClass.qcritical_exact_selected_selected_exact_right_qcritical_incompatibility {D : CounterexampleData} {q p t₁ t₂ t₃ u : ℝ²} {T B₁ B₃ Bu : Finset ℝ²} (htriple : U5DangerousTriple D q p T) (ht₁ : t₁ ∈ T) (ht₂ : t₂ ∈ T) (K₁ : U5QCriticalTripleClass D q t₁ B₁) (Ku : U5QDeletedK4Class D q u Bu) (K₃ : U5QCriticalTripleClass D q t₃ B₃) (hpB₁ : p ∈ B₁) (ht₂B₁ : t₂ ∈ B₁) (huB₁ : u ∈ B₁) (hpBu : p ∈ Bu) (ht₂Bu : t₂ ∈ Bu) (ht₃Bu : t₃ ∈ Bu) (ht₁B₃ : t₁ ∈ B₃) (huB₃ : u ∈ B₃) : False
Problem97.U5QCriticalTripleClass.qcritical_exact_selected_selected_exact_right_qcritical_mid_right_incompatibility	theorem U5QCriticalTripleClass.qcritical_exact_selected_selected_exact_right_qcritical_mid_right_incompatibility {D : CounterexampleData} {q p t₁ t₂ t₃ u : ℝ²} {T B₁ B₃ Bu : Finset ℝ²} (htriple : U5DangerousTriple D q p T) (ht₁ : t₁ ∈ T) (ht₂ : t₂ ∈ T) (ht₃ : t₃ ∈ T) (K₁ : U5QCriticalTripleClass D q t₁ B₁) (K₃ : U5QCriticalTripleClass D q t₃ B₃) (Ku : U5QDeletedK4Class D q u Bu) (hpB₁ : p ∈ B₁) (ht₂B₁ : t₂ ∈ B₁) (huB₁ : u ∈ B₁) (ht₁B₃ : t₁ ∈ B₃) (huB₃ : u ∈ B₃) (ht₂Bu : t₂ ∈ Bu) (ht₃Bu : t₃ ∈ Bu) : False
Problem97.U5QCriticalTripleClass.qcritical_exact_selected_selected_exact_right_qcritical_tail_exact_incompatibility	theorem U5QCriticalTripleClass.qcritical_exact_selected_selected_exact_right_qcritical_tail_exact_incompatibility {D : CounterexampleData} {q p t₁ t₂ t₃ u e : ℝ²} {T B₁ B₃ Bu Be : Finset ℝ²} (htriple : U5DangerousTriple D q p T) (ht₁ : t₁ ∈ T) (ht₂ : t₂ ∈ T) (ht₃ : t₃ ∈ T) (K₁ : U5QCriticalTripleClass D q t₁ B₁) (Ku : U5QDeletedK4Class D q u Bu) (K₃ : U5QCriticalTripleClass D q t₃ B₃) (Ke : U5QDeletedK4Class D q e Be) (hpB₁ : p ∈ B₁) (ht₂B₁ : t₂ ∈ B₁) (huB₁ : u ∈ B₁) (hpBu : p ∈ Bu) (ht₂Bu : t₂ ∈ Bu) (ht₃Bu : t₃ ∈ Bu) (huB₃ : u ∈ B₃) (heB₃ : e ∈ B₃) (hpBe : p ∈ Be) (ht₃Be : t₃ ∈ Be) (huBe : u ∈ Be) : False
Problem97.U5QCriticalTripleClass.qcritical_exact_selected_selected_exact_tail_pair_incompatibility	theorem U5QCriticalTripleClass.qcritical_exact_selected_selected_exact_tail_pair_incompatibility {D : CounterexampleData} {q p t₂ t₃ u e : ℝ²} {T B₂ B₃ Bu Be : Finset ℝ²} (htriple : U5DangerousTriple D q p T) (ht₂ : t₂ ∈ T) (ht₃ : t₃ ∈ T) (K₂ : U5QDeletedK4Class D q t₂ B₂) (K₃ : U5QDeletedK4Class D q t₃ B₃) (Ku : U5QDeletedK4Class D q u Bu) (Ke : U5QDeletedK4Class D q e Be) (hpB₂ : p ∈ B₂) (heB₂ : e ∈ B₂) (ht₂B₃ : t₂ ∈ B₃) (huB₃ : u ∈ B₃) (heB₃ : e ∈ B₃) (hpBu : p ∈ Bu) (ht₂Bu : t₂ ∈ Bu) (ht₃Bu : t₃ ∈ Bu) (hpBe : p ∈ Be) (ht₃Be : t₃ ∈ Be) : False
Problem97.U5QCriticalTripleClass.qcritical_exact_selected_selected_exact_tail_qcritical_incompatibility	theorem U5QCriticalTripleClass.qcritical_exact_selected_selected_exact_tail_qcritical_incompatibility {D : CounterexampleData} {q p t₁ t₂ t₃ u e : ℝ²} {T B₁ B₂ B₃ Bu Be : Finset ℝ²} (htriple : U5DangerousTriple D q p T) (ht₁ : t₁ ∈ T) (ht₂ : t₂ ∈ T) (ht₃ : t₃ ∈ T) (K₁ : U5QCriticalTripleClass D q t₁ B₁) (K₂ : U5QDeletedK4Class D q t₂ B₂) (K₃ : U5QDeletedK4Class D q t₃ B₃) (Ku : U5QDeletedK4Class D q u Bu) (Ke : U5QCriticalTripleClass D q e Be) (hpB₁ : p ∈ B₁) (ht₂B₁ : t₂ ∈ B₁) (hpB₂ : p ∈ B₂) (heB₂ : e ∈ B₂) (ht₂B₃ : t₂ ∈ B₃) (huB₃ : u ∈ B₃) (hpBu : p ∈ Bu) (ht₂Bu : t₂ ∈ Bu) (ht₃Bu : t₃ ∈ Bu) (ht₁Be : t₁ ∈ Be) (huBe : u ∈ Be) : False
Problem97.U5QCriticalTripleClass.qcritical_exact_selected_selected_mid_right_radius_incompatibility	theorem U5QCriticalTripleClass.qcritical_exact_selected_selected_mid_right_radius_incompatibility {D : CounterexampleData} {q p t₁ t₂ t₃ u : ℝ²} {T B₁ B₂ B₃ Bu : Finset ℝ²} (htriple : U5DangerousTriple D q p T) (ht₁ : t₁ ∈ T) (ht₂ : t₂ ∈ T) (ht₃ : t₃ ∈ T) (ht₁_ne_t₃ : t₁ ≠ t₃) (hu_mem : u ∈ (D.skeleton q).erase p) (K₁ : U5QCriticalTripleClass D q t₁ B₁) (K₂ : U5QDeletedK4Class D q t₂ B₂) (K₃ : U5QCriticalTripleClass D q t₃ B₃) (Ku : U5QDeletedK4Class D q u Bu) (hpB₁ : p ∈ B₁) (ht₂B₁ : t₂ ∈ B₁) (huB₁ : u ∈ B₁) (hpB₂ : p ∈ B₂) (huB₂ : u ∈ B₂) (huB₃ : u ∈ B₃) (ht₂Bu : t₂ ∈ Bu) (ht₃Bu : t₃ ∈ Bu) : False
Problem97.U5QCriticalTripleClass.qcritical_exact_selected_selected_qcritical_aux_exact_incompatibility	theorem U5QCriticalTripleClass.qcritical_exact_selected_selected_qcritical_aux_exact_incompatibility {D : CounterexampleData} {q p t₁ t₂ t₃ u d : ℝ²} {T B₁ Bu Bd : Finset ℝ²} (htriple : U5DangerousTriple D q p T) (ht₁ : t₁ ∈ T) (ht₂ : t₂ ∈ T) (ht₃ : t₃ ∈ T) (K₁ : U5QCriticalTripleClass D q t₁ B₁) (Ku : U5QCriticalTripleClass D q u Bu) (Kd : U5QDeletedK4Class D q d Bd) (hpB₁ : p ∈ B₁) (ht₂B₁ : t₂ ∈ B₁) (huB₁ : u ∈ B₁) (hpBu : p ∈ Bu) (ht₃Bu : t₃ ∈ Bu) (hdBu : d ∈ Bu) (hpBd : p ∈ Bd) (ht₃Bd : t₃ ∈ Bd) (huBd : u ∈ Bd) : False
Problem97.U5QCriticalTripleClass.qcritical_exact_selected_selected_qcritical_aux_qcritical_right_exact_incompatibility	theorem U5QCriticalTripleClass.qcritical_exact_selected_selected_qcritical_aux_qcritical_right_exact_incompatibility {D : CounterexampleData} {q p t₁ t₂ t₃ u d : ℝ²} {T B₁ B₂ B₃ Bu Bd : Finset ℝ²} (htriple : U5DangerousTriple D q p T) (ht₁ : t₁ ∈ T) (ht₂ : t₂ ∈ T) (ht₃ : t₃ ∈ T) (K₁ : U5QCriticalTripleClass D q t₁ B₁) (K₂ : U5QDeletedK4Class D q t₂ B₂) (K₃ : U5QDeletedK4Class D q t₃ B₃) (Ku : U5QCriticalTripleClass D q u Bu) (Kd : U5QCriticalTripleClass D q d Bd) (hpB₁ : p ∈ B₁) (ht₂B₁ : t₂ ∈ B₁) (huB₁ : u ∈ B₁) (hpBu : p ∈ Bu) (ht₃Bu : t₃ ∈ Bu) (hpB₂ : p ∈ B₂) (hdB₂ : d ∈ B₂) (huB₃ : u ∈ B₃) (hdB₃ : d ∈ B₃) (ht₁Bd : t₁ ∈ Bd) : False
Problem97.U5QCriticalTripleClass.qcritical_exact_selected_selected_qcritical_aux_qcritical_tail_exact_incompatibility	theorem U5QCriticalTripleClass.qcritical_exact_selected_selected_qcritical_aux_qcritical_tail_exact_incompatibility {D : CounterexampleData} {q p t₁ t₂ t₃ u d e : ℝ²} {T B₁ B₂ B₃ Bu Be : Finset ℝ²} (htriple : U5DangerousTriple D q p T) (ht₁ : t₁ ∈ T) (ht₂ : t₂ ∈ T) (ht₃ : t₃ ∈ T) (K₁ : U5QCriticalTripleClass D q t₁ B₁) (K₂ : U5QDeletedK4Class D q t₂ B₂) (K₃ : U5QDeletedK4Class D q t₃ B₃) (Ku : U5QCriticalTripleClass D q u Bu) (Ke : U5QDeletedK4Class D q e Be) (hpB₁ : p ∈ B₁) (ht₂B₁ : t₂ ∈ B₁) (huB₁ : u ∈ B₁) (hpB₂ : p ∈ B₂) (hdB₂ : d ∈ B₂) (heB₂ : e ∈ B₂) (ht₂B₃ : t₂ ∈ B₃) (huB₃ : u ∈ B₃) (hdB₃ : d ∈ B₃) (heB₃ : e ∈ B₃) (hpBu : p ∈ Bu) (ht₃Bu : t₃ ∈ Bu) (hdBu : d ∈ Bu) (hpBe : p ∈ Be) (ht₃Be : t₃ ∈ Be) : False
Problem97.U5QCriticalTripleClass.qcritical_exact_selected_selected_qcritical_aux_radius_incompatibility	theorem U5QCriticalTripleClass.qcritical_exact_selected_selected_qcritical_aux_radius_incompatibility {D : CounterexampleData} {q p t₁ t₂ u d : ℝ²} {T B₁ B₂ Bu Bd : Finset ℝ²} (htriple : U5DangerousTriple D q p T) (ht₁ : t₁ ∈ T) (ht₂ : t₂ ∈ T) (K₁ : U5QCriticalTripleClass D q t₁ B₁) (K₂ : U5QDeletedK4Class D q t₂ B₂) (Ku : U5QCriticalTripleClass D q u Bu) (Kd : U5QDeletedK4Class D q d Bd) (hpB₁ : p ∈ B₁) (ht₂B₁ : t₂ ∈ B₁) (huB₁ : u ∈ B₁) (hpBu : p ∈ Bu) (hdBu : d ∈ Bu) (hpB₂ : p ∈ B₂) (hdB₂ : d ∈ B₂) (ht₂Bd : t₂ ∈ Bd) (huBd : u ∈ Bd) : False
Problem97.U5QCriticalTripleClass.qcritical_exact_selected_selected_qcritical_aux_radius_chain_incompatibility	theorem U5QCriticalTripleClass.qcritical_exact_selected_selected_qcritical_aux_radius_chain_incompatibility {D : CounterexampleData} {q p t₁ t₂ u d e : ℝ²} {T B₁ B₂ Bu Bd Be : Finset ℝ²} (htriple : U5DangerousTriple D q p T) (ht₁ : t₁ ∈ T) (ht₂ : t₂ ∈ T) (K₁ : U5QCriticalTripleClass D q t₁ B₁) (K₂ : U5QDeletedK4Class D q t₂ B₂) (Ku : U5QCriticalTripleClass D q u Bu) (Kd : U5QDeletedK4Class D q d Bd) (Ke : U5QDeletedK4Class D q e Be) (hpB₁ : p ∈ B₁) (ht₂B₁ : t₂ ∈ B₁) (huB₁ : u ∈ B₁) (hpBu : p ∈ Bu) (hdBu : d ∈ Bu) (hpB₂ : p ∈ B₂) (heB₂ : e ∈ B₂) (huBd : u ∈ Bd) (heBd : e ∈ Bd) (hdBe : d ∈ Be) (ht₂Be : t₂ ∈ Be) : False
Problem97.U5QCriticalTripleClass.qcritical_exact_selected_selected_qcritical_mid_aux_qcritical_incompatibility	theorem U5QCriticalTripleClass.qcritical_exact_selected_selected_qcritical_mid_aux_qcritical_incompatibility {D : CounterexampleData} {q p t₁ t₂ u d : ℝ²} {T B₁ B₂ Bu Bd : Finset ℝ²} (htriple : U5DangerousTriple D q p T) (ht₁ : t₁ ∈ T) (ht₂ : t₂ ∈ T) (K₁ : U5QCriticalTripleClass D q t₁ B₁) (K₂ : U5QDeletedK4Class D q t₂ B₂) (Ku : U5QCriticalTripleClass D q u Bu) (Kd : U5QCriticalTripleClass D q d Bd) (hpB₁ : p ∈ B₁) (ht₂B₁ : t₂ ∈ B₁) (huB₁ : u ∈ B₁) (ht₂Bu : t₂ ∈ Bu) (hdBu : d ∈ Bu) (hpB₂ : p ∈ B₂) (hdB₂ : d ∈ B₂) (ht₁Bd : t₁ ∈ Bd) : False
Problem97.U5QCriticalTripleClass.qcritical_exact_selected_selected_qcritical_mid_aux_right_exact_incompatibility	theorem U5QCriticalTripleClass.qcritical_exact_selected_selected_qcritical_mid_aux_right_exact_incompatibility {D : CounterexampleData} {q p t₁ t₂ t₃ u d : ℝ²} {T B₁ B₃ Bu Bd : Finset ℝ²} (htriple : U5DangerousTriple D q p T) (ht₁ : t₁ ∈ T) (ht₂ : t₂ ∈ T) (ht₃ : t₃ ∈ T) (K₁ : U5QCriticalTripleClass D q t₁ B₁) (K₃ : U5QDeletedK4Class D q t₃ B₃) (Ku : U5QCriticalTripleClass D q u Bu) (Kd : U5QDeletedK4Class D q d Bd) (hpB₁ : p ∈ B₁) (ht₂B₁ : t₂ ∈ B₁) (huB₁ : u ∈ B₁) (ht₂Bu : t₂ ∈ Bu) (hdBu : d ∈ Bu) (hpBd : p ∈ Bd) (ht₃Bd : t₃ ∈ Bd) (huBd : u ∈ Bd) (ht₁B₃ : t₁ ∈ B₃) (ht₂B₃ : t₂ ∈ B₃) (huB₃ : u ∈ B₃) (hdB₃ : d ∈ B₃) : False
Problem97.U5QCriticalTripleClass.qcritical_exact_selected_selected_qcritical_mid_aux_right_exact_aux_exact_incompatibility	theorem U5QCriticalTripleClass.qcritical_exact_selected_selected_qcritical_mid_aux_right_exact_aux_exact_incompatibility {D : CounterexampleData} {q p t₁ t₂ t₃ u d : ℝ²} {T B₁ B₃ Bu Bd : Finset ℝ²} (htriple : U5DangerousTriple D q p T) (ht₁ : t₁ ∈ T) (ht₂ : t₂ ∈ T) (ht₃ : t₃ ∈ T) (K₁ : U5QCriticalTripleClass D q t₁ B₁) (K₃ : U5QDeletedK4Class D q t₃ B₃) (Ku : U5QCriticalTripleClass D q u Bu) (Kd : U5QDeletedK4Class D q d Bd) (hpB₁ : p ∈ B₁) (ht₂B₁ : t₂ ∈ B₁) (huB₁ : u ∈ B₁) (ht₂Bu : t₂ ∈ Bu) (hdBu : d ∈ Bu) (ht₁B₃ : t₁ ∈ B₃) (ht₂B₃ : t₂ ∈ B₃) (huB₃ : u ∈ B₃) (hdB₃ : d ∈ B₃) (ht₃Bd : t₃ ∈ Bd) (huBd : u ∈ Bd) : False
Problem97.U5QCriticalTripleClass.qcritical_exact_selected_selected_qcritical_mid_aux_right_exact_aux_qcritical_incompatibility	theorem U5QCriticalTripleClass.qcritical_exact_selected_selected_qcritical_mid_aux_right_exact_aux_qcritical_incompatibility {D : CounterexampleData} {q p t₁ t₂ t₃ u d : ℝ²} {T B₁ B₃ Bu Bd : Finset ℝ²} (htriple : U5DangerousTriple D q p T) (ht₁ : t₁ ∈ T) (ht₂ : t₂ ∈ T) (ht₃ : t₃ ∈ T) (K₁ : U5QCriticalTripleClass D q t₁ B₁) (K₃ : U5QDeletedK4Class D q t₃ B₃) (Ku : U5QCriticalTripleClass D q u Bu) (Kd : U5QCriticalTripleClass D q d Bd) (hpB₁ : p ∈ B₁) (ht₂B₁ : t₂ ∈ B₁) (huB₁ : u ∈ B₁) (ht₂Bu : t₂ ∈ Bu) (hdBu : d ∈ Bu) (ht₁B₃ : t₁ ∈ B₃) (ht₂B₃ : t₂ ∈ B₃) (huB₃ : u ∈ B₃) (hdB₃ : d ∈ B₃) (ht₃Bd : t₃ ∈ Bd) (huBd : u ∈ Bd) : False
Problem97.U5QCriticalTripleClass.qcritical_exact_selected_selected_qcritical_right_aux_qcritical_radius_incompatibility	theorem U5QCriticalTripleClass.qcritical_exact_selected_selected_qcritical_right_aux_qcritical_radius_incompatibility {D : CounterexampleData} {q p t₁ t₂ t₃ u d : ℝ²} {T B₁ B₂ B₃ Bu Bd : Finset ℝ²} (htriple : U5DangerousTriple D q p T) (ht₁ : t₁ ∈ T) (ht₂ : t₂ ∈ T) (ht₃ : t₃ ∈ T) (K₁ : U5QCriticalTripleClass D q t₁ B₁) (K₂ : U5QDeletedK4Class D q t₂ B₂) (K₃ : U5QDeletedK4Class D q t₃ B₃) (Ku : U5QCriticalTripleClass D q u Bu) (Kd : U5QCriticalTripleClass D q d Bd) (hpB₁ : p ∈ B₁) (ht₂B₁ : t₂ ∈ B₁) (huB₁ : u ∈ B₁) (hpB₂ : p ∈ B₂) (hdB₂ : d ∈ B₂) (ht₃Bu : t₃ ∈ Bu) (hdBu : d ∈ Bu) (huB₃ : u ∈ B₃) (hdB₃ : d ∈ B₃) (ht₁Bd : t₁ ∈ Bd) : False
Problem97.U5QCriticalTripleClass.qcritical_exact_selected_selected_qcritical_right_exact_pair_incompatibility	theorem U5QCriticalTripleClass.qcritical_exact_selected_selected_qcritical_right_exact_pair_incompatibility {D : CounterexampleData} {q p t₁ t₂ t₃ u : ℝ²} {T B₁ B₃ Bu : Finset ℝ²} (htriple : U5DangerousTriple D q p T) (ht₁ : t₁ ∈ T) (ht₂ : t₂ ∈ T) (ht₃ : t₃ ∈ T) (K₁ : U5QCriticalTripleClass D q t₁ B₁) (K₃ : U5QDeletedK4Class D q t₃ B₃) (Ku : U5QCriticalTripleClass D q u Bu) (hpB₁ : p ∈ B₁) (ht₂B₁ : t₂ ∈ B₁) (huB₁ : u ∈ B₁) (hpBu : p ∈ Bu) (ht₃Bu : t₃ ∈ Bu) (ht₁B₃ : t₁ ∈ B₃) (ht₂B₃ : t₂ ∈ B₃) : False
Problem97.U5QCriticalTripleClass.qcritical_exact_selected_selected_qcritical_right_mid_aux_exact_incompatibility	theorem U5QCriticalTripleClass.qcritical_exact_selected_selected_qcritical_right_mid_aux_exact_incompatibility {D : CounterexampleData} {q p t₁ t₂ t₃ u d : ℝ²} {T B₁ B₃ Bu Bd : Finset ℝ²} (htriple : U5DangerousTriple D q p T) (ht₁ : t₁ ∈ T) (ht₂ : t₂ ∈ T) (ht₃ : t₃ ∈ T) (K₁ : U5QCriticalTripleClass D q t₁ B₁) (K₃ : U5QCriticalTripleClass D q t₃ B₃) (Ku : U5QCriticalTripleClass D q u Bu) (Kd : U5QDeletedK4Class D q d Bd) (hpB₁ : p ∈ B₁) (ht₂B₁ : t₂ ∈ B₁) (huB₁ : u ∈ B₁) (ht₂B₃ : t₂ ∈ B₃) (hdB₃ : d ∈ B₃) (hpBu : p ∈ Bu) (ht₃Bu : t₃ ∈ Bu) (hdBu : d ∈ Bu) (hpBd : p ∈ Bd) (ht₃Bd : t₃ ∈ Bd) (huBd : u ∈ Bd) : False
Problem97.U5QCriticalTripleClass.qcritical_exact_selected_selected_qcritical_right_qcritical_aux_bridge_incompatibility	theorem U5QCriticalTripleClass.qcritical_exact_selected_selected_qcritical_right_qcritical_aux_bridge_incompatibility {D : CounterexampleData} {q p t₁ t₂ t₃ u d : ℝ²} {T B₁ B₃ Bu Bd : Finset ℝ²} (htriple : U5DangerousTriple D q p T) (ht₁ : t₁ ∈ T) (ht₂ : t₂ ∈ T) (ht₃ : t₃ ∈ T) (K₁ : U5QCriticalTripleClass D q t₁ B₁) (K₃ : U5QCriticalTripleClass D q t₃ B₃) (Ku : U5QCriticalTripleClass D q u Bu) (Kd : U5QDeletedK4Class D q d Bd) (hpB₁ : p ∈ B₁) (ht₂B₁ : t₂ ∈ B₁) (huB₁ : u ∈ B₁) (hpBu : p ∈ Bu) (ht₃Bu : t₃ ∈ Bu) (huB₃ : u ∈ B₃) (hdB₃ : d ∈ B₃) (hpBd : p ∈ Bd) (ht₃Bd : t₃ ∈ Bd) (huBd : u ∈ Bd) : False
Problem97.U5QCriticalTripleClass.qcritical_exact_selected_selected_qcritical_right_qcritical_aux_exact_incompatibility	theorem U5QCriticalTripleClass.qcritical_exact_selected_selected_qcritical_right_qcritical_aux_exact_incompatibility {D : CounterexampleData} {q p t₁ t₃ u d : ℝ²} {T B₁ B₃ Bu Bd : Finset ℝ²} (htriple : U5DangerousTriple D q p T) (ht₁ : t₁ ∈ T) (ht₃ : t₃ ∈ T) (K₁ : U5QCriticalTripleClass D q t₁ B₁) (Ku : U5QCriticalTripleClass D q u Bu) (K₃ : U5QCriticalTripleClass D q t₃ B₃) (Kd : U5QDeletedK4Class D q d Bd) (hpB₁ : p ∈ B₁) (huB₁ : u ∈ B₁) (ht₃Bu : t₃ ∈ Bu) (ht₁B₃ : t₁ ∈ B₃) (huB₃ : u ∈ B₃) (hdB₃ : d ∈ B₃) (ht₁Bd : t₁ ∈ Bd) (ht₃Bd : t₃ ∈ Bd) (huBd : u ∈ Bd) : False
Problem97.U5QCriticalTripleClass.qcritical_exact_selected_selected_qcritical_tail_pair_incompatibility	theorem U5QCriticalTripleClass.qcritical_exact_selected_selected_qcritical_tail_pair_incompatibility {D : CounterexampleData} {q p t₁ t₂ t₃ u e : ℝ²} {T B₁ B₂ B₃ Bu Be : Finset ℝ²} (htriple : U5DangerousTriple D q p T) (ht₁ : t₁ ∈ T) (ht₂ : t₂ ∈ T) (ht₃ : t₃ ∈ T) (K₁ : U5QCriticalTripleClass D q t₁ B₁) (K₂ : U5QDeletedK4Class D q t₂ B₂) (K₃ : U5QDeletedK4Class D q t₃ B₃) (Ku : U5QCriticalTripleClass D q u Bu) (Ke : U5QDeletedK4Class D q e Be) (hpB₁ : p ∈ B₁) (ht₂B₁ : t₂ ∈ B₁) (huB₁ : u ∈ B₁) (hpB₂ : p ∈ B₂) (heB₂ : e ∈ B₂) (ht₂B₃ : t₂ ∈ B₃) (huB₃ : u ∈ B₃) (heB₃ : e ∈ B₃) (hpBu : p ∈ Bu) (ht₃Bu : t₃ ∈ Bu) (ht₃Be : t₃ ∈ Be) (huBe : u ∈ Be) : False
Problem97.U5QCriticalTripleClass.qcritical_exact_selected_selected_right_radius_incompatibility	theorem U5QCriticalTripleClass.qcritical_exact_selected_selected_right_radius_incompatibility {D : CounterexampleData} {q p t₁ t₂ t₃ u : ℝ²} {T B₁ B₂ B₃ Bu : Finset ℝ²} (htriple : U5DangerousTriple D q p T) (ht₁ : t₁ ∈ T) (ht₂ : t₂ ∈ T) (ht₃ : t₃ ∈ T) (ht₁_ne_t₃ : t₁ ≠ t₃) (hu_mem : u ∈ (D.skeleton q).erase p) (K₁ : U5QCriticalTripleClass D q t₁ B₁) (K₂ : U5QDeletedK4Class D q t₂ B₂) (K₃ : U5QCriticalTripleClass D q t₃ B₃) (Ku : U5QDeletedK4Class D q u Bu) (hpB₁ : p ∈ B₁) (ht₂B₁ : t₂ ∈ B₁) (huB₁ : u ∈ B₁) (hpB₂ : p ∈ B₂) (huB₂ : u ∈ B₂) (huB₃ : u ∈ B₃) (ht₁Bu : t₁ ∈ Bu) (ht₃Bu : t₃ ∈ Bu) : False
Problem97.U5QCriticalTripleClass.qcritical_exact_selected_selected_right_tail_exact_incompatibility	theorem U5QCriticalTripleClass.qcritical_exact_selected_selected_right_tail_exact_incompatibility {D : CounterexampleData} {q p t₁ t₂ t₃ u e : ℝ²} {T B₁ B₃ Bu Be : Finset ℝ²} (htriple : U5DangerousTriple D q p T) (ht₁ : t₁ ∈ T) (ht₂ : t₂ ∈ T) (ht₃ : t₃ ∈ T) (K₁ : U5QCriticalTripleClass D q t₁ B₁) (K₃ : U5QDeletedK4Class D q t₃ B₃) (Ku : U5QDeletedK4Class D q u Bu) (Ke : U5QDeletedK4Class D q e Be) (hpB₁ : p ∈ B₁) (ht₂B₁ : t₂ ∈ B₁) (ht₁B₃ : t₁ ∈ B₃) (ht₂B₃ : t₂ ∈ B₃) (ht₂Bu : t₂ ∈ Bu) (ht₃Bu : t₃ ∈ Bu) (heBu : e ∈ Bu) (hpBe : p ∈ Be) (ht₁Be : t₁ ∈ Be) (ht₃Be : t₃ ∈ Be) (huBe : u ∈ Be) : False
Problem97.U5QCriticalTripleClass.two_transport_chain_exact_anchor_incompatibility	theorem U5QCriticalTripleClass.two_transport_chain_exact_anchor_incompatibility {D : CounterexampleData} {q p t₁ t₂ u d : ℝ²} {T B₁ B₂ Bu Bd : Finset ℝ²} (htriple : U5DangerousTriple D q p T) (ht₁ : t₁ ∈ T) (ht₂ : t₂ ∈ T) (K₁ : U5QDeletedK4Class D q t₁ B₁) (K₂ : U5QCriticalTripleClass D q t₂ B₂) (Ku : U5QCriticalTripleClass D q u Bu) (Kd : U5QDeletedK4Class D q d Bd) (ht₂B₁ : t₂ ∈ B₁) (huB₁ : u ∈ B₁) (hdB₁ : d ∈ B₁) (ht₁B₂ : t₁ ∈ B₂) (huB₂ : u ∈ B₂) (hpBu : p ∈ Bu) (ht₁Bu : t₁ ∈ Bu) (hpBd : p ∈ Bd) (ht₁Bd : t₁ ∈ Bd) (huBd : u ∈ Bd) : False
Problem97.U5QCriticalTripleClass.two_transport_exact_anchor_incompatibility	theorem U5QCriticalTripleClass.two_transport_exact_anchor_incompatibility {D : CounterexampleData} {q p t₁ t₂ t₃ e : ℝ²} {T B₁ B₂ B₃ Be : Finset ℝ²} (htriple : U5DangerousTriple D q p T) (ht₁ : t₁ ∈ T) (ht₂ : t₂ ∈ T) (ht₃ : t₃ ∈ T) (K₁ : U5QCriticalTripleClass D q t₁ B₁) (K₂ : U5QCriticalTripleClass D q t₂ B₂) (K₃ : U5QDeletedK4Class D q t₃ B₃) (Ke : U5QDeletedK4Class D q e Be) (ht₂B₁ : t₂ ∈ B₁) (ht₁B₂ : t₁ ∈ B₂) (heB₂ : e ∈ B₂) (ht₁B₃ : t₁ ∈ B₃) (ht₂B₃ : t₂ ∈ B₃) (heB₃ : e ∈ B₃) (hpBe : p ∈ Be) (ht₂Be : t₂ ∈ Be) (ht₃Be : t₃ ∈ Be) : False
Problem97.U5QCriticalTripleClass.two_transport_exact_root_incompatibility	theorem U5QCriticalTripleClass.two_transport_exact_root_incompatibility {D : CounterexampleData} {q p t₁ t₂ t₃ : ℝ²} {T B₁ B₂ B₃ : Finset ℝ²} (htriple : U5DangerousTriple D q p T) (ht₁ : t₁ ∈ T) (ht₂ : t₂ ∈ T) (ht₃ : t₃ ∈ T) (K₁ : U5QDeletedK4Class D q t₁ B₁) (K₂ : U5QCriticalTripleClass D q t₂ B₂) (K₃ : U5QCriticalTripleClass D q t₃ B₃) (hpB₁ : p ∈ B₁) (ht₂B₁ : t₂ ∈ B₁) (ht₃B₁ : t₃ ∈ B₁) (ht₁B₂ : t₁ ∈ B₂) (ht₂B₃ : t₂ ∈ B₃) : False
Problem97.U5QCriticalTripleClass.two_transport_mutual_delayed_anchor_incompatibility	theorem U5QCriticalTripleClass.two_transport_mutual_delayed_anchor_incompatibility {D : CounterexampleData} {q p t₁ t₂ t₃ u : ℝ²} {T B₁ B₂ B₃ Bu : Finset ℝ²} (htriple : U5DangerousTriple D q p T) (ht₁ : t₁ ∈ T) (ht₂ : t₂ ∈ T) (ht₃ : t₃ ∈ T) (K₁ : U5QDeletedK4Class D q t₁ B₁) (K₂ : U5QCriticalTripleClass D q t₂ B₂) (K₃ : U5QCriticalTripleClass D q t₃ B₃) (Ku : U5QDeletedK4Class D q u Bu) (hpB₁ : p ∈ B₁) (ht₂B₁ : t₂ ∈ B₁) (huB₁ : u ∈ B₁) (ht₃B₂ : t₃ ∈ B₂) (huB₂ : u ∈ B₂) (ht₂B₃ : t₂ ∈ B₃) (hpBu : p ∈ Bu) (ht₂Bu : t₂ ∈ Bu) : False
Problem97.U5QCriticalTripleClass.two_transport_mutual_no_p_delayed_anchor_incompatibility	theorem U5QCriticalTripleClass.two_transport_mutual_no_p_delayed_anchor_incompatibility {D : CounterexampleData} {q p t₂ t₃ u d : ℝ²} {T B₂ B₃ Bu Bd : Finset ℝ²} (htriple : U5DangerousTriple D q p T) (ht₂ : t₂ ∈ T) (ht₃ : t₃ ∈ T) (K₂ : U5QCriticalTripleClass D q t₂ B₂) (K₃ : U5QCriticalTripleClass D q t₃ B₃) (Ku : U5QDeletedK4Class D q u Bu) (Kd : U5QCriticalTripleClass D q d Bd) (ht₃B₂ : t₃ ∈ B₂) (huB₂ : u ∈ B₂) (hdB₂ : d ∈ B₂) (ht₂B₃ : t₂ ∈ B₃) (ht₂Bu : t₂ ∈ Bu) (hdBu : d ∈ Bu) (hpBd : p ∈ Bd) (huBd : u ∈ Bd) : False
Problem97.U5QCriticalTripleClass.two_transport_mutual_off_anchor_no_p_delayed_incompatibility	theorem U5QCriticalTripleClass.two_transport_mutual_off_anchor_no_p_delayed_incompatibility {D : CounterexampleData} {q p t₁ t₂ t₃ d e : ℝ²} {T B₁ B₂ B₃ Bd Be : Finset ℝ²} (htriple : U5DangerousTriple D q p T) (ht₁ : t₁ ∈ T) (ht₂ : t₂ ∈ T) (ht₃ : t₃ ∈ T) (K₁ : U5QDeletedK4Class D q t₁ B₁) (K₂ : U5QCriticalTripleClass D q t₂ B₂) (K₃ : U5QCriticalTripleClass D q t₃ B₃) (Kd : U5QCriticalTripleClass D q d Bd) (Ke : U5QDeletedK4Class D q e Be) (hpB₁ : p ∈ B₁) (ht₂B₁ : t₂ ∈ B₁) (ht₃B₂ : t₃ ∈ B₂) (hdB₂ : d ∈ B₂) (ht₂B₃ : t₂ ∈ B₃) (hpBd : p ∈ Bd) (ht₁Bd : t₁ ∈ Bd) (heBd : e ∈ Bd) (hpBe : p ∈ Be) (ht₁Be : t₁ ∈ Be) (ht₂Be : t₂ ∈ Be) (hdBe : d ∈ Be) : False
Problem97.U5QCriticalTripleClass.two_transport_panchored_exact_incompatibility	theorem U5QCriticalTripleClass.two_transport_panchored_exact_incompatibility {D : CounterexampleData} {q p t₁ t₂ e : ℝ²} {T B₁ B₂ Be : Finset ℝ²} (htriple : U5DangerousTriple D q p T) (ht₁ : t₁ ∈ T) (ht₂ : t₂ ∈ T) (K₁ : U5QCriticalTripleClass D q t₁ B₁) (K₂ : U5QCriticalTripleClass D q t₂ B₂) (Ke : U5QDeletedK4Class D q e Be) (ht₂B₁ : t₂ ∈ B₁) (ht₁B₂ : t₁ ∈ B₂) (heB₂ : e ∈ B₂) (hpBe : p ∈ Be) (ht₁Be : t₁ ∈ Be) (ht₂Be : t₂ ∈ Be) : False
Problem97.U5QCriticalTripleClass.qcritical_exact_aux_two_intersections_incompatibility	theorem U5QCriticalTripleClass.qcritical_exact_aux_two_intersections_incompatibility {D : CounterexampleData} {q p t₁ t₂ t₃ x : ℝ²} {T B₁ B₂ B₃ Bx : Finset ℝ²} (htriple : U5DangerousTriple D q p T) (ht₁ : t₁ ∈ T) (ht₂ : t₂ ∈ T) (ht₃ : t₃ ∈ T) (ht₁_ne_t₃ : t₁ ≠ t₃) (hx_mem : x ∈ (D.skeleton q).erase p) (hx_notin_T : x ∉ T) (K₁ : U5QCriticalTripleClass D q t₁ B₁) (K₂ : U5QDeletedK4Class D q t₂ B₂) (K₃ : U5QDeletedK4Class D q t₃ B₃) (Kx : U5QDeletedK4Class D q x Bx) (hpB₁ : p ∈ B₁) (ht₂B₁ : t₂ ∈ B₁) (hpB₂ : p ∈ B₂) (ht₃B₂ : t₃ ∈ B₂) (hpB₃ : p ∈ B₃) (hxB₃ : x ∈ B₃) (ht₁Bx : t₁ ∈ Bx) (ht₃Bx : t₃ ∈ Bx) : False
Problem97.U5QCriticalTripleClass.qcritical_chain_extra_two_intersections_incompatibility	theorem U5QCriticalTripleClass.qcritical_chain_extra_two_intersections_incompatibility {D : CounterexampleData} {q p t₁ t₂ t₃ x : ℝ²} {T B₁ B₂ B₃ : Finset ℝ²} (htriple : U5DangerousTriple D q p T) (ht₁ : t₁ ∈ T) (ht₂ : t₂ ∈ T) (ht₃ : t₃ ∈ T) (ht₁_ne_t₃ : t₁ ≠ t₃) (hx_mem : x ∈ (D.skeleton q).erase p) (hx_notin_T : x ∉ T) (K₁ : U5QCriticalTripleClass D q t₁ B₁) (K₂ : U5QDeletedK4Class D q t₂ B₂) (K₃ : U5QDeletedK4Class D q t₃ B₃) (hpB₁ : p ∈ B₁) (ht₂B₁ : t₂ ∈ B₁) (hxB₁ : x ∈ B₁) (hpB₂ : p ∈ B₂) (ht₃B₂ : t₃ ∈ B₂) (hpB₃ : p ∈ B₃) (hxB₃ : x ∈ B₃) : False
Problem97.U5QCriticalTripleClass.qcritical_exact_aux_tangent_incompatibility	theorem U5QCriticalTripleClass.qcritical_exact_aux_tangent_incompatibility {D : CounterexampleData} {q p t₁ t₂ t₃ a x : ℝ²} {T B₁ B₂ B₃ Ba Bx : Finset ℝ²} (htriple : U5DangerousTriple D q p T) (ht₁ : t₁ ∈ T) (ht₂ : t₂ ∈ T) (ht₃ : t₃ ∈ T) (ht₁_ne_t₃ : t₁ ≠ t₃) (hx_mem : x ∈ (D.skeleton q).erase p) (K₁ : U5QCriticalTripleClass D q t₁ B₁) (K₂ : U5QDeletedK4Class D q t₂ B₂) (K₃ : U5QDeletedK4Class D q t₃ B₃) (Ka : U5QDeletedK4Class D q a Ba) (Kx : U5QCriticalTripleClass D q x Bx) (hpB₁ : p ∈ B₁) (ht₂B₁ : t₂ ∈ B₁) (hpB₂ : p ∈ B₂) (ht₃B₂ : t₃ ∈ B₂) (hpB₃ : p ∈ B₃) (haB₃ : a ∈ B₃) (ht₃Ba : t₃ ∈ Ba) (hxBa : x ∈ Ba) (ht₃Bx : t₃ ∈ Bx) (haBx : a ∈ Bx) : False
Problem97.U5QCriticalTripleClass.qcritical_circumcenter_antipodal_incompatibility	theorem U5QCriticalTripleClass.qcritical_circumcenter_antipodal_incompatibility {D : CounterexampleData} {q p t₁ t₂ t₃ x : ℝ²} {T B₁ B₂ B₃ Bx : Finset ℝ²} (htriple : U5DangerousTriple D q p T) (ht₁ : t₁ ∈ T) (ht₂ : t₂ ∈ T) (ht₃ : t₃ ∈ T) (ht₁_ne_t₃ : t₁ ≠ t₃) (K₁ : U5QCriticalTripleClass D q t₁ B₁) (K₂ : U5QDeletedK4Class D q t₂ B₂) (K₃ : U5QCriticalTripleClass D q t₃ B₃) (Kx : U5QCriticalTripleClass D q x Bx) (hpB₁ : p ∈ B₁) (ht₂B₁ : t₂ ∈ B₁) (hpB₂ : p ∈ B₂) (ht₃B₂ : t₃ ∈ B₂) (hxB₃ : x ∈ B₃) (hpBx : p ∈ Bx) (ht₁Bx : t₁ ∈ Bx) : False
Problem97.U5QCriticalTripleClass.qcritical_exact_right_selected_antipodal_incompatibility	theorem U5QCriticalTripleClass.qcritical_exact_right_selected_antipodal_incompatibility {D : CounterexampleData} {q p t₁ t₂ t₃ u : ℝ²} {T B₁ B₂ B₃ : Finset ℝ²} (htriple : U5DangerousTriple D q p T) (ht₁ : t₁ ∈ T) (ht₂ : t₂ ∈ T) (ht₃ : t₃ ∈ T) (ht₁_ne_t₃ : t₁ ≠ t₃) (K₁ : U5QCriticalTripleClass D q t₁ B₁) (K₂ : U5QDeletedK4Class D q t₂ B₂) (K₃ : U5QDeletedK4Class D q t₃ B₃) (hpB₁ : p ∈ B₁) (ht₂B₁ : t₂ ∈ B₁) (huB₁ : u ∈ B₁) (hpB₂ : p ∈ B₂) (ht₃B₂ : t₃ ∈ B₂) (huB₂ : u ∈ B₂) (ht₁B₃ : t₁ ∈ B₃) (huB₃ : u ∈ B₃) : False
Problem97.U5QCriticalTripleClass.qcritical_exact_right_selected_radius_incompatibility	theorem U5QCriticalTripleClass.qcritical_exact_right_selected_radius_incompatibility {D : CounterexampleData} {q p t₁ t₂ t₃ u : ℝ²} {T B₁ B₂ B₃ : Finset ℝ²} (htriple : U5DangerousTriple D q p T) (hsel : U5SelectedCandidateSkeleton D q p T u) (ht₁ : t₁ ∈ T) (ht₂ : t₂ ∈ T) (ht₃ : t₃ ∈ T) (ht₁_ne_t₃ : t₁ ≠ t₃) (K₁ : U5QCriticalTripleClass D q t₁ B₁) (K₂ : U5QDeletedK4Class D q t₂ B₂) (K₃ : U5QDeletedK4Class D q t₃ B₃) (hpB₁ : p ∈ B₁) (ht₂B₁ : t₂ ∈ B₁) (huB₁ : u ∈ B₁) (hpB₂ : p ∈ B₂) (ht₃B₂ : t₃ ∈ B₂) (huB₂ : u ∈ B₂) (ht₂B₃ : t₂ ∈ B₃) (huB₃ : u ∈ B₃) : False
Problem97.U5QCriticalTripleClass.qcritical_exact_selected_bisector_incompatibility	theorem U5QCriticalTripleClass.qcritical_exact_selected_bisector_incompatibility {D : CounterexampleData} {q p t₁ t₂ u : ℝ²} {T B₁ B₂ Bu : Finset ℝ²} (htriple : U5DangerousTriple D q p T) (ht₁ : t₁ ∈ T) (ht₂ : t₂ ∈ T) (K₁ : U5QCriticalTripleClass D q t₁ B₁) (K₂ : U5QDeletedK4Class D q t₂ B₂) (Ku : U5QCriticalTripleClass D q u Bu) (hpB₁ : p ∈ B₁) (ht₂B₁ : t₂ ∈ B₁) (huB₁ : u ∈ B₁) (hpB₂ : p ∈ B₂) (huB₂ : u ∈ B₂) (hpBu : p ∈ Bu) : False
Problem97.U5QCriticalTripleClass.qcritical_exact_qcritical_chain_incompatibility	theorem U5QCriticalTripleClass.qcritical_exact_qcritical_chain_incompatibility {D : CounterexampleData} {q p left mid right : ℝ²} {T Bleft Bmid Bright : Finset ℝ²} (htriple : U5DangerousTriple D q p T) (hmidT : mid ∈ T) (hrightT : right ∈ T) (hleft_ne_right : left ≠ right) (Kleft : U5QCriticalTripleClass D q left Bleft) (Kmid : U5QDeletedK4Class D q mid Bmid) (Kright : U5QCriticalTripleClass D q right Bright) (hpBleft : p ∈ Bleft) (hmidBleft : mid ∈ Bleft) (hpBmid : p ∈ Bmid) (hrightBmid : right ∈ Bmid) (hpBright : p ∈ Bright) : False
Problem97.U5QCriticalTripleClass.qcritical_equilateral_bridge_incompatibility	theorem U5QCriticalTripleClass.qcritical_equilateral_bridge_incompatibility {D : CounterexampleData} {q p a b x : ℝ²} {T Ba Bb Bx : Finset ℝ²} (htriple : U5DangerousTriple D q p T) (hsel : U5SelectedCandidateSkeleton D q p T x) (haT : a ∈ T) (hbT : b ∈ T) (Ka : U5QCriticalTripleClass D q a Ba) (Kb : U5QDeletedK4Class D q b Bb) (Kx : U5QCriticalTripleClass D q x Bx) (hpBa : p ∈ Ba) (hbBa : b ∈ Ba) (hxBa : x ∈ Ba) (hpBb : p ∈ Bb) (hxBb : x ∈ Bb) (haBx : a ∈ Bx) : False
Problem97.U5QCriticalTripleClass.et1n3_leader_incompatibility	theorem U5QCriticalTripleClass.et1n3_leader_incompatibility {D : CounterexampleData} {q p a u d : ℝ²} {T Ba Bu Bd : Finset ℝ²} (htriple : U5DangerousTriple D q p T) (ha : a ∈ T) (Ka : U5QCriticalTripleClass D q a Ba) (Ku : U5QCriticalTripleClass D q u Bu) (Kd : U5QDeletedK4Class D q d Bd) (huBa : u ∈ Ba) (hdBa : d ∈ Ba) (hpBu : p ∈ Bu) (haBu : a ∈ Bu) (hdBu : d ∈ Bu) (hpBd : p ∈ Bd) (haBd : a ∈ Bd) : False
Problem97.U5QCriticalTripleClass.et1n3_shifted_anchor_incompatibility	theorem U5QCriticalTripleClass.et1n3_shifted_anchor_incompatibility {D : CounterexampleData} {q p a b u e : ℝ²} {T Ba Bb Bu Be : Finset ℝ²} (htriple : U5DangerousTriple D q p T) (ha : a ∈ T) (hb : b ∈ T) (Ka : U5QCriticalTripleClass D q a Ba) (Kb : U5QCriticalTripleClass D q b Bb) (Ku : U5QCriticalTripleClass D q u Bu) (Ke : U5QDeletedK4Class D q e Be) (hbBa : b ∈ Ba) (huBa : u ∈ Ba) (heBb : e ∈ Bb) (hpBu : p ∈ Bu) (haBu : a ∈ Bu) (hpBe : p ∈ Be) (haBe : a ∈ Be) (hbBe : b ∈ Be) (huBe : u ∈ Be) : False
Problem97.U5QCriticalTripleClass.exact_aux_u_bridge_incompatibility	theorem U5QCriticalTripleClass.exact_aux_u_bridge_incompatibility {D : CounterexampleData} {q p t₁ t₂ t₃ u a0 : ℝ²} {T B₂ B₃ Bu Ba0 : Finset ℝ²} (htriple : U5DangerousTriple D q p T) (ht₁ : t₁ ∈ T) (ht₂ : t₂ ∈ T) (ht₃ : t₃ ∈ T) (K₂ : U5QCriticalTripleClass D q t₂ B₂) (K₃ : U5QDeletedK4Class D q t₃ B₃) (Ku : U5QCriticalTripleClass D q u Bu) (Ka0 : U5QDeletedK4Class D q a0 Ba0) (ht₃B₂ : t₃ ∈ B₂) (huB₂ : u ∈ B₂) (ht₁B₃ : t₁ ∈ B₃) (ht₂B₃ : t₂ ∈ B₃) (huB₃ : u ∈ B₃) (hpBu : p ∈ Bu) (ht₃Bu : t₃ ∈ Bu) (ha0Bu : a0 ∈ Bu) (hpBa0 : p ∈ Ba0) (ht₃Ba0 : t₃ ∈ Ba0) (huBa0 : u ∈ Ba0) : False
Problem97.U5QCriticalTripleClass.exact_aux_chain_bridge_incompatibility	theorem U5QCriticalTripleClass.exact_aux_chain_bridge_incompatibility {D : CounterexampleData} {q p t₁ t₂ t₃ u a0 a1 : ℝ²} {T B₂ B₃ Bu Ba0 Ba1 : Finset ℝ²} (htriple : U5DangerousTriple D q p T) (ht₁ : t₁ ∈ T) (ht₂ : t₂ ∈ T) (ht₃ : t₃ ∈ T) (K₂ : U5QCriticalTripleClass D q t₂ B₂) (K₃ : U5QDeletedK4Class D q t₃ B₃) (Ku : U5QCriticalTripleClass D q u Bu) (Ka0 : U5QDeletedK4Class D q a0 Ba0) (Ka1 : U5QDeletedK4Class D q a1 Ba1) (ht₃B₂ : t₃ ∈ B₂) (huB₂ : u ∈ B₂) (ha1B₂ : a1 ∈ B₂) (ht₁B₃ : t₁ ∈ B₃) (ht₂B₃ : t₂ ∈ B₃) (huB₃ : u ∈ B₃) (hpBu : p ∈ Bu) (ht₃Bu : t₃ ∈ Bu) (ha0Bu : a0 ∈ Bu) (hpBa0 : p ∈ Ba0) (ht₃Ba0 : t₃ ∈ Ba0) (ha1Ba0 : a1 ∈ Ba0) (hpBa1 : p ∈ Ba1) (ht₂Ba1 : t₂ ∈ Ba1) (ha0Ba1 : a0 ∈ Ba1) : False
Problem97.U5QCriticalTripleClass.mid_right_selected_qcritical_aux_exact_incompatibility	theorem U5QCriticalTripleClass.mid_right_selected_qcritical_aux_exact_incompatibility {D : CounterexampleData} {q p t₁ t₂ t₃ u a0 : ℝ²} {T B₂ B₃ Bu Ba0 : Finset ℝ²} (htriple : U5DangerousTriple D q p T) (ht₁ : t₁ ∈ T) (ht₂ : t₂ ∈ T) (ht₃ : t₃ ∈ T) (K₂ : U5QCriticalTripleClass D q t₂ B₂) (K₃ : U5QDeletedK4Class D q t₃ B₃) (Ku : U5QCriticalTripleClass D q u Bu) (Ka0 : U5QDeletedK4Class D q a0 Ba0) (ht₃B₂ : t₃ ∈ B₂) (huB₂ : u ∈ B₂) (ht₁B₃ : t₁ ∈ B₃) (ht₂B₃ : t₂ ∈ B₃) (huB₃ : u ∈ B₃) (hpBu : p ∈ Bu) (ht₂Bu : t₂ ∈ Bu) (hpBa0 : p ∈ Ba0) (ht₂Ba0 : t₂ ∈ Ba0) (ht₃Ba0 : t₃ ∈ Ba0) (huBa0 : u ∈ Ba0) : False
Problem97.U5QCriticalTripleClass.mid_selected_right_exact_aux_bridge_incompatibility	theorem U5QCriticalTripleClass.mid_selected_right_exact_aux_bridge_incompatibility {D : CounterexampleData} {q p t₁ t₂ t₃ u a0 a1 : ℝ²} {T B₂ B₃ Bu Ba0 Ba1 : Finset ℝ²} (htriple : U5DangerousTriple D q p T) (ht₁ : t₁ ∈ T) (ht₂ : t₂ ∈ T) (ht₃ : t₃ ∈ T) (K₂ : U5QCriticalTripleClass D q t₂ B₂) (K₃ : U5QDeletedK4Class D q t₃ B₃) (Ku : U5QCriticalTripleClass D q u Bu) (Ka0 : U5QDeletedK4Class D q a0 Ba0) (Ka1 : U5QDeletedK4Class D q a1 Ba1) (ht₃B₂ : t₃ ∈ B₂) (huB₂ : u ∈ B₂) (ha1B₂ : a1 ∈ B₂) (ht₁B₃ : t₁ ∈ B₃) (ht₂B₃ : t₂ ∈ B₃) (huB₃ : u ∈ B₃) (ha1B₃ : a1 ∈ B₃) (hpBu : p ∈ Bu) (ht₂Bu : t₂ ∈ Bu) (ha1Bu : a1 ∈ Bu) (hpBa0 : p ∈ Ba0) (ht₁Ba0 : t₁ ∈ Ba0) (ht₃Ba0 : t₃ ∈ Ba0) (huBa0 : u ∈ Ba0) (hpBa1 : p ∈ Ba1) (ht₂Ba1 : t₂ ∈ Ba1) (ht₃Ba1 : t₃ ∈ Ba1) (ha0Ba1 : a0 ∈ Ba1) : False
Problem97.U5QCriticalTripleClass.mid_selected_right_u_exact_aux_bridge_incompatibility	theorem U5QCriticalTripleClass.mid_selected_right_u_exact_aux_bridge_incompatibility {D : CounterexampleData} {q p t₁ t₂ t₃ u a0 a1 : ℝ²} {T B₂ B₃ Bu Ba0 Ba1 : Finset ℝ²} (htriple : U5DangerousTriple D q p T) (ht₁ : t₁ ∈ T) (ht₂ : t₂ ∈ T) (ht₃ : t₃ ∈ T) (K₂ : U5QCriticalTripleClass D q t₂ B₂) (K₃ : U5QDeletedK4Class D q t₃ B₃) (Ku : U5QCriticalTripleClass D q u Bu) (Ka0 : U5QDeletedK4Class D q a0 Ba0) (Ka1 : U5QDeletedK4Class D q a1 Ba1) (ht₃B₂ : t₃ ∈ B₂) (huB₂ : u ∈ B₂) (ht₁B₃ : t₁ ∈ B₃) (ht₂B₃ : t₂ ∈ B₃) (huB₃ : u ∈ B₃) (ha1B₃ : a1 ∈ B₃) (hpBu : p ∈ Bu) (ht₂Bu : t₂ ∈ Bu) (ha1Bu : a1 ∈ Bu) (hpBa0 : p ∈ Ba0) (ht₂Ba0 : t₂ ∈ Ba0) (ht₃Ba0 : t₃ ∈ Ba0) (huBa0 : u ∈ Ba0) (hpBa1 : p ∈ Ba1) (_ht₁Ba1 : t₁ ∈ Ba1) (huBa1 : u ∈ Ba1) (ha0Ba1 : a0 ∈ Ba1) : False
Problem97.U5QCriticalTripleClass.mid_selected_right_u_exact_chain_incompatibility	theorem U5QCriticalTripleClass.mid_selected_right_u_exact_chain_incompatibility {D : CounterexampleData} {q p t₁ t₂ t₃ u a0 a1 : ℝ²} {T B₂ B₃ Bu Ba0 Ba1 : Finset ℝ²} (htriple : U5DangerousTriple D q p T) (ht₁ : t₁ ∈ T) (ht₂ : t₂ ∈ T) (ht₃ : t₃ ∈ T) (K₂ : U5QCriticalTripleClass D q t₂ B₂) (K₃ : U5QDeletedK4Class D q t₃ B₃) (Ku : U5QCriticalTripleClass D q u Bu) (Ka0 : U5QDeletedK4Class D q a0 Ba0) (Ka1 : U5QDeletedK4Class D q a1 Ba1) (ht₃B₂ : t₃ ∈ B₂) (huB₂ : u ∈ B₂) (ha1B₂ : a1 ∈ B₂) (ht₁B₃ : t₁ ∈ B₃) (ht₂B₃ : t₂ ∈ B₃) (huB₃ : u ∈ B₃) (ha1B₃ : a1 ∈ B₃) (hpBu : p ∈ Bu) (ht₂Bu : t₂ ∈ Bu) (ha1Bu : a1 ∈ Bu) (hpBa0 : p ∈ Ba0) (ht₁Ba0 : t₁ ∈ Ba0) (ht₃Ba0 : t₃ ∈ Ba0) (huBa0 : u ∈ Ba0) (hpBa1 : p ∈ Ba1) (ht₁Ba1 : t₁ ∈ Ba1) (ht₂Ba1 : t₂ ∈ Ba1) (ha0Ba1 : a0 ∈ Ba1) : False
Problem97.U5QCriticalTripleClass.mutual_no_p_exact_center_incompatibility	theorem U5QCriticalTripleClass.mutual_no_p_exact_center_incompatibility {D : CounterexampleData} {q p a b u : ℝ²} {T Ba Bb Bu : Finset ℝ²} (htriple : U5DangerousTriple D q p T) (ha : a ∈ T) (hb : b ∈ T) (Ka : U5QCriticalTripleClass D q a Ba) (Kb : U5QCriticalTripleClass D q b Bb) (Ku : U5QDeletedK4Class D q u Bu) (hbBa : b ∈ Ba) (huBa : u ∈ Ba) (haBb : a ∈ Bb) (huBb : u ∈ Bb) (hpBu : p ∈ Bu) (haBu : a ∈ Bu) : False
Problem97.U5QCriticalTripleClass.no_p_selected_left_exact_anchor_incompatibility	theorem U5QCriticalTripleClass.no_p_selected_left_exact_anchor_incompatibility {D : CounterexampleData} {q p t₁ t₂ u a0 a1 : ℝ²} {T B₁ Bu Ba0 : Finset ℝ²} (htriple : U5DangerousTriple D q p T) (ht₁ : t₁ ∈ T) (ht₂ : t₂ ∈ T) (K₁ : U5QCriticalTripleClass D q t₁ B₁) (Ku : U5QCriticalTripleClass D q u Bu) (Ka0 : U5QDeletedK4Class D q a0 Ba0) (ht₂B₁ : t₂ ∈ B₁) (huB₁ : u ∈ B₁) (ha0B₁ : a0 ∈ B₁) (hpBu : p ∈ Bu) (ht₁Bu : t₁ ∈ Bu) (ha0Bu : a0 ∈ Bu) (hpBa0 : p ∈ Ba0) (ht₁Ba0 : t₁ ∈ Ba0) (ht₂Ba0 : t₂ ∈ Ba0) (_ha1Ba0 : a1 ∈ Ba0) : False
Problem97.U5QCriticalTripleClass.phase_one_antipodal_incompatibility	theorem U5QCriticalTripleClass.phase_one_antipodal_incompatibility {D : CounterexampleData} {q p a b c x : ℝ²} {T Ba Bb Bc Bx : Finset ℝ²} (htriple : U5DangerousTriple D q p T) (ha : a ∈ T) (hb : b ∈ T) (hc : c ∈ T) (hbc_ne : b ≠ c) (Ka : U5QDeletedK4Class D q a Ba) (Kb : U5QCriticalTripleClass D q b Bb) (Kc : U5QCriticalTripleClass D q c Bc) (Kx : U5QCriticalTripleClass D q x Bx) (hpBa : p ∈ Ba) (hbBa : b ∈ Ba) (hcBa : c ∈ Ba) (hcBb : c ∈ Bb) (hbBc : b ∈ Bc) (hpBx : p ∈ Bx) (haBx : a ∈ Bx) : False
Problem97.U5QCriticalTripleClass.phase_one_exact_companion_incompatibility	theorem U5QCriticalTripleClass.phase_one_exact_companion_incompatibility {D : CounterexampleData} {q p a b c d x : ℝ²} {T Ba Bb Bc Bd Bx : Finset ℝ²} (htriple : U5DangerousTriple D q p T) (ha : a ∈ T) (hb : b ∈ T) (hc : c ∈ T) (hbc_ne : b ≠ c) (Ka : U5QDeletedK4Class D q a Ba) (Kb : U5QCriticalTripleClass D q b Bb) (Kc : U5QCriticalTripleClass D q c Bc) (Kd : U5QCriticalTripleClass D q d Bd) (Kx : U5QDeletedK4Class D q x Bx) (hpBa : p ∈ Ba) (hbBa : b ∈ Ba) (hcBa : c ∈ Ba) (hcBb : c ∈ Bb) (hbBc : b ∈ Bc) (hpBd : p ∈ Bd) (hcBd : c ∈ Bd) (hpBx : p ∈ Bx) (hbBx : b ∈ Bx) (hdBx : d ∈ Bx) : False
Problem97.U5QCriticalTripleClass.phase_one_shared_companion_incompatibility	theorem U5QCriticalTripleClass.phase_one_shared_companion_incompatibility {D : CounterexampleData} {q p a b c d x : ℝ²} {T Ba Bb Bc Bd Bx : Finset ℝ²} (htriple : U5DangerousTriple D q p T) (ha : a ∈ T) (hb : b ∈ T) (hc : c ∈ T) (hbc_ne : b ≠ c) (Ka : U5QDeletedK4Class D q a Ba) (Kb : U5QCriticalTripleClass D q b Bb) (Kc : U5QCriticalTripleClass D q c Bc) (Kd : U5QCriticalTripleClass D q d Bd) (Kx : U5QDeletedK4Class D q x Bx) (hpBa : p ∈ Ba) (hbBa : b ∈ Ba) (hcBa : c ∈ Ba) (hcBb : c ∈ Bb) (hbBc : b ∈ Bc) (hpBd : p ∈ Bd) (hcBd : c ∈ Bd) (hpBx : p ∈ Bx) (haBx : a ∈ Bx) (hcBx : c ∈ Bx) (hdBx : d ∈ Bx) : False
Problem97.U5QCriticalTripleClass.rank_one_exact_child_incompatibility	theorem U5QCriticalTripleClass.rank_one_exact_child_incompatibility {D : CounterexampleData} {q p t₁ t₂ t₃ d : ℝ²} {T B₁ B₂ B₃ Bd : Finset ℝ²} (htriple : U5DangerousTriple D q p T) (ht₁ : t₁ ∈ T) (ht₂ : t₂ ∈ T) (ht₃ : t₃ ∈ T) (K₁ : U5QCriticalTripleClass D q t₁ B₁) (K₂ : U5QCriticalTripleClass D q t₂ B₂) (K₃ : U5QDeletedK4Class D q t₃ B₃) (Kd : U5QDeletedK4Class D q d Bd) (ht₂B₁ : t₂ ∈ B₁) (hdB₁ : d ∈ B₁) (ht₁B₂ : t₁ ∈ B₂) (ht₁B₃ : t₁ ∈ B₃) (ht₂B₃ : t₂ ∈ B₃) (hdB₃ : d ∈ B₃) (hpBd : p ∈ Bd) (ht₂Bd : t₂ ∈ Bd) (ht₃Bd : t₃ ∈ Bd) : False
Problem97.U5QCriticalTripleClass.rank_one_radius_child_incompatibility	theorem U5QCriticalTripleClass.rank_one_radius_child_incompatibility {D : CounterexampleData} {q p t u d : ℝ²} {T Bt Bu Bd : Finset ℝ²} (htriple : U5DangerousTriple D q p T) (ht : t ∈ T) (Kt : U5QCriticalTripleClass D q t Bt) (Ku : U5QCriticalTripleClass D q u Bu) (Kd : U5QDeletedK4Class D q d Bd) (huBt : u ∈ Bt) (hdBt : d ∈ Bt) (hpBu : p ∈ Bu) (htBu : t ∈ Bu) (hdBu : d ∈ Bu) (hpBd : p ∈ Bd) (htBd : t ∈ Bd) (huBd : u ∈ Bd) : False
Problem97.U5QCriticalTripleClass.rank_two_mixed_short_incompatibility	theorem U5QCriticalTripleClass.rank_two_mixed_short_incompatibility {D : CounterexampleData} {q p a b u : ℝ²} {T Ba Bb Bu : Finset ℝ²} (htriple : U5DangerousTriple D q p T) (ha : a ∈ T) (hb : b ∈ T) (Ka : U5QCriticalTripleClass D q a Ba) (Kb : U5QDeletedK4Class D q b Bb) (Ku : U5QCriticalTripleClass D q u Bu) (hbBa : b ∈ Ba) (huBa : u ∈ Ba) (hpBb : p ∈ Bb) (haBb : a ∈ Bb) (huBb : u ∈ Bb) (hpBu : p ∈ Bu) : False
Problem97.U5QCriticalTripleClass.rank_two_mixed_exact_equidistant_incompatibility	theorem U5QCriticalTripleClass.rank_two_mixed_exact_equidistant_incompatibility {D : CounterexampleData} {q p a b v : ℝ²} {T Ba Bb Bv : Finset ℝ²} (htriple : U5DangerousTriple D q p T) (ha : a ∈ T) (hb : b ∈ T) (Ka : U5QDeletedK4Class D q a Ba) (Kb : U5QCriticalTripleClass D q b Bb) (Kv : U5QCriticalTripleClass D q v Bv) (hpBa : p ∈ Ba) (hbBa : b ∈ Ba) (haBb : a ∈ Bb) (hvBb : v ∈ Bb) (hpBv : p ∈ Bv) (hbBv : b ∈ Bv) : False
Problem97.U5QCriticalTripleClass.rank_two_mixed_triple_anchor_incompatibility	theorem U5QCriticalTripleClass.rank_two_mixed_triple_anchor_incompatibility {D : CounterexampleData} {q p a b u : ℝ²} {T Ba Bb Bu : Finset ℝ²} (htriple : U5DangerousTriple D q p T) (ha : a ∈ T) (hb : b ∈ T) (Ka : U5QCriticalTripleClass D q a Ba) (Kb : U5QDeletedK4Class D q b Bb) (Ku : U5QCriticalTripleClass D q u Bu) (hbBa : b ∈ Ba) (huBa : u ∈ Ba) (hpBb : p ∈ Bb) (haBb : a ∈ Bb) (huBb : u ∈ Bb) (hpBu : p ∈ Bu) (haBu : a ∈ Bu) : False
Problem97.U5QCriticalTripleClass.selected_right_double_exact_chain_incompatibility	theorem U5QCriticalTripleClass.selected_right_double_exact_chain_incompatibility {D : CounterexampleData} {q p t₁ t₂ t₃ u a0 a1 : ℝ²} {T B₃ Bu Ba0 Ba1 : Finset ℝ²} (htriple : U5DangerousTriple D q p T) (ht₁ : t₁ ∈ T) (_ht₂ : t₂ ∈ T) (ht₃ : t₃ ∈ T) (K₃ : U5QDeletedK4Class D q t₃ B₃) (Ku : U5QCriticalTripleClass D q u Bu) (Ka0 : U5QDeletedK4Class D q a0 Ba0) (Ka1 : U5QDeletedK4Class D q a1 Ba1) (ht₁B₃ : t₁ ∈ B₃) (_ht₂B₃ : t₂ ∈ B₃) (huB₃ : u ∈ B₃) (ha1B₃ : a1 ∈ B₃) (hpBu : p ∈ Bu) (ht₃Bu : t₃ ∈ Bu) (ha0Bu : a0 ∈ Bu) (hpBa0 : p ∈ Ba0) (_ht₂Ba0 : t₂ ∈ Ba0) (ht₃Ba0 : t₃ ∈ Ba0) (huBa0 : u ∈ Ba0) (hpBa1 : p ∈ Ba1) (_ht₁Ba1 : t₁ ∈ Ba1) (huBa1 : u ∈ Ba1) (ha0Ba1 : a0 ∈ Ba1) : False
Problem97.U5QCriticalTripleClass.shifted_exact_aux_bridge_incompatibility	theorem U5QCriticalTripleClass.shifted_exact_aux_bridge_incompatibility {D : CounterexampleData} {q p t₁ t₂ t₃ u a0 a1 : ℝ²} {T B₂ B₃ Bu Ba0 Ba1 : Finset ℝ²} (htriple : U5DangerousTriple D q p T) (ht₁ : t₁ ∈ T) (ht₂ : t₂ ∈ T) (ht₃ : t₃ ∈ T) (K₂ : U5QCriticalTripleClass D q t₂ B₂) (K₃ : U5QDeletedK4Class D q t₃ B₃) (Ku : U5QCriticalTripleClass D q u Bu) (Ka0 : U5QDeletedK4Class D q a0 Ba0) (Ka1 : U5QDeletedK4Class D q a1 Ba1) (ht₃B₂ : t₃ ∈ B₂) (huB₂ : u ∈ B₂) (ha1B₂ : a1 ∈ B₂) (ht₁B₃ : t₁ ∈ B₃) (ht₂B₃ : t₂ ∈ B₃) (huB₃ : u ∈ B₃) (ha1B₃ : a1 ∈ B₃) (hpBu : p ∈ Bu) (ht₃Bu : t₃ ∈ Bu) (ha0Bu : a0 ∈ Bu) (hpBa0 : p ∈ Ba0) (ht₂Ba0 : t₂ ∈ Ba0) (ht₃Ba0 : t₃ ∈ Ba0) (ha1Ba0 : a1 ∈ Ba0) (hpBa1 : p ∈ Ba1) (huBa1 : u ∈ Ba1) (ha0Ba1 : a0 ∈ Ba1) : False
Problem97.U5QCriticalTripleClass.singleton_nontriple_pq_incompatibility	theorem U5QCriticalTripleClass.singleton_nontriple_pq_incompatibility {D : CounterexampleData} {q p t₁ t₂ t₃ u a₀ a₁ : ℝ²} {T B₂ B₃ Bu Ba₀ Ba₁ : Finset ℝ²} (htriple : U5DangerousTriple D q p T) (_ht₁ : t₁ ∈ T) (ht₂ : t₂ ∈ T) (_ht₃ : t₃ ∈ T) (K₂ : U5QCriticalTripleClass D q t₂ B₂) (K₃ : U5QDeletedK4Class D q t₃ B₃) (Ku : U5QCriticalTripleClass D q u Bu) (Ka₀ : U5QDeletedK4Class D q a₀ Ba₀) (Ka₁ : U5QDeletedK4Class D q a₁ Ba₁) (hpB₂ : p ∈ B₂) (huB₂ : u ∈ B₂) (ht₁B₃ : t₁ ∈ B₃) (ht₂B₃ : t₂ ∈ B₃) (ha₁B₃ : a₁ ∈ B₃) (hpBu : p ∈ Bu) (ha₀Bu : a₀ ∈ Bu) (ha₁Bu : a₁ ∈ Bu) (hpBa₀ : p ∈ Ba₀) (ht₂Ba₀ : t₂ ∈ Ba₀) (ht₃Ba₀ : t₃ ∈ Ba₀) (ha₁Ba₀ : a₁ ∈ Ba₀) (hpBa₁ : p ∈ Ba₁) (ht₃Ba₁ : t₃ ∈ Ba₁) (ha₀Ba₁ : a₀ ∈ Ba₁) : False
Problem97.U5QCriticalTripleClass.t_qpt0n2_adjacent_incompatibility	theorem U5QCriticalTripleClass.t_qpt0n2_adjacent_incompatibility {D : CounterexampleData} {q p t₁ t₂ t₃ u a₀ a₁ : ℝ²} {T B₂ B₃ Bu Ba₀ Ba₁ : Finset ℝ²} (htriple : U5DangerousTriple D q p T) (_ht₁ : t₁ ∈ T) (ht₂ : t₂ ∈ T) (_ht₃ : t₃ ∈ T) (K₂ : U5QCriticalTripleClass D q t₂ B₂) (_K₃ : U5QCriticalTripleClass D q t₃ B₃) (Ku : U5QCriticalTripleClass D q u Bu) (Ka₀ : U5QDeletedK4Class D q a₀ Ba₀) (Ka₁ : U5QDeletedK4Class D q a₁ Ba₁) (hpB₂ : p ∈ B₂) (_ht₁B₂ : t₁ ∈ B₂) (_ht₃B₂ : t₃ ∈ B₂) (huB₂ : u ∈ B₂) (_hqB₃ : q ∈ B₃) (_ht₁B₃ : t₁ ∈ B₃) (_huB₃ : u ∈ B₃) (_ha₁B₃ : a₁ ∈ B₃) (_hqBu : q ∈ Bu) (ht₂Bu : t₂ ∈ Bu) (ha₀Bu : a₀ ∈ Bu) (ha₁Bu : a₁ ∈ Bu) (_hpBa₀ : p ∈ Ba₀) (ht₂Ba₀ : t₂ ∈ Ba₀) (_ht₃Ba₀ : t₃ ∈ Ba₀) (ha₁Ba₀ : a₁ ∈ Ba₀) (_ht₁Ba₁ : t₁ ∈ Ba₁) (ht₂Ba₁ : t₂ ∈ Ba₁) (huBa₁ : u ∈ Ba₁) (ha₀Ba₁ : a₀ ∈ Ba₁) : False
Problem97.U5QCriticalTripleClass.t_qpt0n2_cross_exact_incompatibility	theorem U5QCriticalTripleClass.t_qpt0n2_cross_exact_incompatibility {D : CounterexampleData} {q p t₁ t₂ t₃ u a₀ a₁ : ℝ²} {T B₂ B₃ Bu Ba₀ Ba₁ : Finset ℝ²} (htriple : U5DangerousTriple D q p T) (_ht₁ : t₁ ∈ T) (ht₂ : t₂ ∈ T) (_ht₃ : t₃ ∈ T) (K₂ : U5QCriticalTripleClass D q t₂ B₂) (_K₃ : U5QCriticalTripleClass D q t₃ B₃) (Ku : U5QCriticalTripleClass D q u Bu) (Ka₀ : U5QDeletedK4Class D q a₀ Ba₀) (Ka₁ : U5QDeletedK4Class D q a₁ Ba₁) (hpB₂ : p ∈ B₂) (_ht₁B₂ : t₁ ∈ B₂) (_ht₃B₂ : t₃ ∈ B₂) (huB₂ : u ∈ B₂) (_hqB₃ : q ∈ B₃) (_ht₁B₃ : t₁ ∈ B₃) (_huB₃ : u ∈ B₃) (_ha₁B₃ : a₁ ∈ B₃) (_hqBu : q ∈ Bu) (ht₂Bu : t₂ ∈ Bu) (ha₀Bu : a₀ ∈ Bu) (ha₁Bu : a₁ ∈ Bu) (_hpBa₀ : p ∈ Ba₀) (ht₂Ba₀ : t₂ ∈ Ba₀) (huBa₀ : u ∈ Ba₀) (ha₁Ba₀ : a₁ ∈ Ba₀) (_hpBa₁ : p ∈ Ba₁) (_ht₁Ba₁ : t₁ ∈ Ba₁) (ht₂Ba₁ : t₂ ∈ Ba₁) (ha₀Ba₁ : a₀ ∈ Ba₁) : False
Problem97.U5QCriticalTripleClass.t_qpt0n2_mixed_u_exact_incompatibility	theorem U5QCriticalTripleClass.t_qpt0n2_mixed_u_exact_incompatibility {D : CounterexampleData} {q p t₁ t₂ t₃ u a₀ a₁ : ℝ²} {T B₂ B₃ Bu Ba₀ Ba₁ : Finset ℝ²} (htriple : U5DangerousTriple D q p T) (_ht₁ : t₁ ∈ T) (ht₂ : t₂ ∈ T) (_ht₃ : t₃ ∈ T) (K₂ : U5QCriticalTripleClass D q t₂ B₂) (_K₃ : U5QCriticalTripleClass D q t₃ B₃) (Ku : U5QCriticalTripleClass D q u Bu) (Ka₀ : U5QDeletedK4Class D q a₀ Ba₀) (Ka₁ : U5QDeletedK4Class D q a₁ Ba₁) (hpB₂ : p ∈ B₂) (_ht₁B₂ : t₁ ∈ B₂) (_ht₃B₂ : t₃ ∈ B₂) (huB₂ : u ∈ B₂) (_hqB₃ : q ∈ B₃) (_ht₁B₃ : t₁ ∈ B₃) (_huB₃ : u ∈ B₃) (_ha₁B₃ : a₁ ∈ B₃) (_hqBu : q ∈ Bu) (ht₂Bu : t₂ ∈ Bu) (ha₀Bu : a₀ ∈ Bu) (ha₁Bu : a₁ ∈ Bu) (_hpBa₀ : p ∈ Ba₀) (ht₂Ba₀ : t₂ ∈ Ba₀) (huBa₀ : u ∈ Ba₀) (ha₁Ba₀ : a₁ ∈ Ba₀) (_ht₁Ba₁ : t₁ ∈ Ba₁) (ht₂Ba₁ : t₂ ∈ Ba₁) (huBa₁ : u ∈ Ba₁) (_ha₀Ba₁ : a₀ ∈ Ba₁) : False
Problem97.U5QCriticalTripleClass.t_qpt0n2_nonp_cross_exact_incompatibility	theorem U5QCriticalTripleClass.t_qpt0n2_nonp_cross_exact_incompatibility {D : CounterexampleData} {q p t₁ t₂ t₃ u a₀ a₁ : ℝ²} {T B₂ B₃ Bu Ba₀ Ba₁ : Finset ℝ²} (htriple : U5DangerousTriple D q p T) (_ht₁ : t₁ ∈ T) (ht₂ : t₂ ∈ T) (_ht₃ : t₃ ∈ T) (K₂ : U5QCriticalTripleClass D q t₂ B₂) (_K₃ : U5QCriticalTripleClass D q t₃ B₃) (Ku : U5QCriticalTripleClass D q u Bu) (Ka₀ : U5QDeletedK4Class D q a₀ Ba₀) (Ka₁ : U5QDeletedK4Class D q a₁ Ba₁) (hpB₂ : p ∈ B₂) (_ht₁B₂ : t₁ ∈ B₂) (_ht₃B₂ : t₃ ∈ B₂) (huB₂ : u ∈ B₂) (_hqB₃ : q ∈ B₃) (_ht₁B₃ : t₁ ∈ B₃) (_huB₃ : u ∈ B₃) (_ha₁B₃ : a₁ ∈ B₃) (_hqBu : q ∈ Bu) (ht₂Bu : t₂ ∈ Bu) (ha₀Bu : a₀ ∈ Bu) (ha₁Bu : a₁ ∈ Bu) (ht₂Ba₀ : t₂ ∈ Ba₀) (_ht₃Ba₀ : t₃ ∈ Ba₀) (huBa₀ : u ∈ Ba₀) (ha₁Ba₀ : a₁ ∈ Ba₀) (_hpBa₁ : p ∈ Ba₁) (_ht₁Ba₁ : t₁ ∈ Ba₁) (ht₂Ba₁ : t₂ ∈ Ba₁) (ha₀Ba₁ : a₀ ∈ Ba₁) : False
Problem97.U5QCriticalTripleClass.t_qpt0n2_nonp_adjacent_incompatibility	theorem U5QCriticalTripleClass.t_qpt0n2_nonp_adjacent_incompatibility {D : CounterexampleData} {q p t₁ t₂ t₃ u a₀ a₁ : ℝ²} {T B₂ B₃ Bu Ba₀ Ba₁ : Finset ℝ²} (htriple : U5DangerousTriple D q p T) (_ht₁ : t₁ ∈ T) (ht₂ : t₂ ∈ T) (_ht₃ : t₃ ∈ T) (K₂ : U5QCriticalTripleClass D q t₂ B₂) (_K₃ : U5QCriticalTripleClass D q t₃ B₃) (Ku : U5QCriticalTripleClass D q u Bu) (Ka₀ : U5QDeletedK4Class D q a₀ Ba₀) (Ka₁ : U5QDeletedK4Class D q a₁ Ba₁) (hpB₂ : p ∈ B₂) (_ht₁B₂ : t₁ ∈ B₂) (_ht₃B₂ : t₃ ∈ B₂) (huB₂ : u ∈ B₂) (_hqB₃ : q ∈ B₃) (_ht₁B₃ : t₁ ∈ B₃) (_huB₃ : u ∈ B₃) (_ha₁B₃ : a₁ ∈ B₃) (_hqBu : q ∈ Bu) (ht₂Bu : t₂ ∈ Bu) (ha₀Bu : a₀ ∈ Bu) (ha₁Bu : a₁ ∈ Bu) (ht₂Ba₀ : t₂ ∈ Ba₀) (_ht₃Ba₀ : t₃ ∈ Ba₀) (huBa₀ : u ∈ Ba₀) (_ha₁Ba₀ : a₁ ∈ Ba₀) (_ht₁Ba₁ : t₁ ∈ Ba₁) (ht₂Ba₁ : t₂ ∈ Ba₁) (huBa₁ : u ∈ Ba₁) (ha₀Ba₁ : a₀ ∈ Ba₁) : False
Problem97.U5QCriticalTripleClass.t_qpt0n2_t3_anchor_antipodal_incompatibility	theorem U5QCriticalTripleClass.t_qpt0n2_t3_anchor_antipodal_incompatibility {D : CounterexampleData} {q p t₁ t₂ t₃ u a₀ a₁ : ℝ²} {T B₁ B₂ B₃ Bu Ba₀ Ba₁ : Finset ℝ²} (htriple : U5DangerousTriple D q p T) (ht₁ : t₁ ∈ T) (ht₂ : t₂ ∈ T) (ht₃ : t₃ ∈ T) (ht₁_ne_t₃ : t₁ ≠ t₃) (K₁ : U5QCriticalTripleClass D q t₁ B₁) (K₂ : U5QDeletedK4Class D q t₂ B₂) (K₃ : U5QCriticalTripleClass D q t₃ B₃) (_Ku : U5QCriticalTripleClass D q u Bu) (_Ka₀ : U5QDeletedK4Class D q a₀ Ba₀) (_Ka₁ : U5QDeletedK4Class D q a₁ Ba₁) (hpB₁ : p ∈ B₁) (_hqB₁ : q ∈ B₁) (huB₁ : u ∈ B₁) (_ha₀B₁ : a₀ ∈ B₁) (hpB₂ : p ∈ B₂) (ht₁B₂ : t₁ ∈ B₂) (ht₃B₂ : t₃ ∈ B₂) (huB₂ : u ∈ B₂) (_hqB₃ : q ∈ B₃) (ht₁B₃ : t₁ ∈ B₃) (huB₃ : u ∈ B₃) (_ha₁B₃ : a₁ ∈ B₃) (_hqBu : q ∈ Bu) (_ht₃Bu : t₃ ∈ Bu) (_ha₀Bu : a₀ ∈ Bu) (_ha₁Bu : a₁ ∈ Bu) (_hpBa₀ : p ∈ Ba₀) (_ht₂Ba₀ : t₂ ∈ Ba₀) (_ht₃Ba₀ : t₃ ∈ Ba₀) (_ha₁Ba₀ : a₁ ∈ Ba₀) (_hpBa₁ : p ∈ Ba₁) (_ht₁Ba₁ : t₁ ∈ Ba₁) (_ht₂Ba₁ : t₂ ∈ Ba₁) (_ha₀Ba₁ : a₀ ∈ Ba₁) : False
Problem97.U5QCriticalTripleClass.t_qpt0n2_t3_anchor_antipodal_nonp_adjacent_incompatibility	theorem U5QCriticalTripleClass.t_qpt0n2_t3_anchor_antipodal_nonp_adjacent_incompatibility {D : CounterexampleData} {q p t₁ t₂ t₃ u a₀ a₁ : ℝ²} {T B₁ B₂ B₃ Bu Ba₀ Ba₁ : Finset ℝ²} (htriple : U5DangerousTriple D q p T) (ht₁ : t₁ ∈ T) (ht₂ : t₂ ∈ T) (ht₃ : t₃ ∈ T) (ht₁_ne_t₃ : t₁ ≠ t₃) (K₁ : U5QCriticalTripleClass D q t₁ B₁) (K₂ : U5QDeletedK4Class D q t₂ B₂) (K₃ : U5QCriticalTripleClass D q t₃ B₃) (_Ku : U5QCriticalTripleClass D q u Bu) (_Ka₀ : U5QDeletedK4Class D q a₀ Ba₀) (_Ka₁ : U5QDeletedK4Class D q a₁ Ba₁) (hpB₁ : p ∈ B₁) (_hqB₁ : q ∈ B₁) (huB₁ : u ∈ B₁) (_ha₀B₁ : a₀ ∈ B₁) (hpB₂ : p ∈ B₂) (ht₁B₂ : t₁ ∈ B₂) (ht₃B₂ : t₃ ∈ B₂) (huB₂ : u ∈ B₂) (_hqB₃ : q ∈ B₃) (ht₁B₃ : t₁ ∈ B₃) (huB₃ : u ∈ B₃) (_ha₁B₃ : a₁ ∈ B₃) (_hqBu : q ∈ Bu) (_ht₃Bu : t₃ ∈ Bu) (_ha₀Bu : a₀ ∈ Bu) (_ha₁Bu : a₁ ∈ Bu) (_hpBa₀ : p ∈ Ba₀) (_ht₂Ba₀ : t₂ ∈ Ba₀) (_ht₃Ba₀ : t₃ ∈ Ba₀) (_ha₁Ba₀ : a₁ ∈ Ba₀) (_ht₁Ba₁ : t₁ ∈ Ba₁) (_ht₂Ba₁ : t₂ ∈ Ba₁) (_huBa₁ : u ∈ Ba₁) (_ha₀Ba₁ : a₀ ∈ Ba₁) : False
Problem97.U5QCriticalTripleClass.t_qpt0n2_t3_anchor_antipodal_tail_u_incompatibility	theorem U5QCriticalTripleClass.t_qpt0n2_t3_anchor_antipodal_tail_u_incompatibility {D : CounterexampleData} {q p t₁ t₂ t₃ u a₀ a₁ : ℝ²} {T B₁ B₂ B₃ Bu Ba₀ Ba₁ : Finset ℝ²} (htriple : U5DangerousTriple D q p T) (ht₁ : t₁ ∈ T) (ht₂ : t₂ ∈ T) (ht₃ : t₃ ∈ T) (ht₁_ne_t₃ : t₁ ≠ t₃) (K₁ : U5QCriticalTripleClass D q t₁ B₁) (K₂ : U5QDeletedK4Class D q t₂ B₂) (K₃ : U5QCriticalTripleClass D q t₃ B₃) (_Ku : U5QCriticalTripleClass D q u Bu) (_Ka₀ : U5QDeletedK4Class D q a₀ Ba₀) (_Ka₁ : U5QDeletedK4Class D q a₁ Ba₁) (hpB₁ : p ∈ B₁) (_hqB₁ : q ∈ B₁) (huB₁ : u ∈ B₁) (_ha₀B₁ : a₀ ∈ B₁) (hpB₂ : p ∈ B₂) (ht₁B₂ : t₁ ∈ B₂) (ht₃B₂ : t₃ ∈ B₂) (huB₂ : u ∈ B₂) (_hqB₃ : q ∈ B₃) (ht₁B₃ : t₁ ∈ B₃) (huB₃ : u ∈ B₃) (_ha₁B₃ : a₁ ∈ B₃) (_hqBu : q ∈ Bu) (_ht₃Bu : t₃ ∈ Bu) (_ha₀Bu : a₀ ∈ Bu) (_ha₁Bu : a₁ ∈ Bu) (_hpBa₀ : p ∈ Ba₀) (_ht₂Ba₀ : t₂ ∈ Ba₀) (_ht₃Ba₀ : t₃ ∈ Ba₀) (_ha₁Ba₀ : a₁ ∈ Ba₀) (_ht₂Ba₁ : t₂ ∈ Ba₁) (_huBa₁ : u ∈ Ba₁) (_ha₀Ba₁ : a₀ ∈ Ba₁) : False
Problem97.U5QCriticalTripleClass.t_qpt0n2_t3_anchor_antipodal_core_incompatibility	theorem U5QCriticalTripleClass.t_qpt0n2_t3_anchor_antipodal_core_incompatibility {D : CounterexampleData} {q p t₁ t₂ t₃ u a₀ a₁ : ℝ²} {T B₁ B₂ B₃ : Finset ℝ²} (htriple : U5DangerousTriple D q p T) (ht₁ : t₁ ∈ T) (ht₂ : t₂ ∈ T) (ht₃ : t₃ ∈ T) (ht₁_ne_t₃ : t₁ ≠ t₃) (K₁ : U5QCriticalTripleClass D q t₁ B₁) (K₂ : U5QDeletedK4Class D q t₂ B₂) (K₃ : U5QCriticalTripleClass D q t₃ B₃) (hpB₁ : p ∈ B₁) (_hqB₁ : q ∈ B₁) (huB₁ : u ∈ B₁) (_ha₀B₁ : a₀ ∈ B₁) (hpB₂ : p ∈ B₂) (ht₁B₂ : t₁ ∈ B₂) (ht₃B₂ : t₃ ∈ B₂) (huB₂ : u ∈ B₂) (_hqB₃ : q ∈ B₃) (ht₁B₃ : t₁ ∈ B₃) (huB₃ : u ∈ B₃) (_ha₁B₃ : a₁ ∈ B₃) : False
Problem97.U5QCriticalTripleClass.t_qpt0n2_t3_qcritical_antipodal_core_incompatibility	theorem U5QCriticalTripleClass.t_qpt0n2_t3_qcritical_antipodal_core_incompatibility {D : CounterexampleData} {q p t₁ t₂ t₃ u a₀ a₁ : ℝ²} {T B₁ B₂ B₃ : Finset ℝ²} (htriple : U5DangerousTriple D q p T) (ht₁ : t₁ ∈ T) (ht₂ : t₂ ∈ T) (ht₃ : t₃ ∈ T) (ht₁_ne_t₃ : t₁ ≠ t₃) (K₁ : U5QCriticalTripleClass D q t₁ B₁) (K₂ : U5QDeletedK4Class D q t₂ B₂) (K₃ : U5QCriticalTripleClass D q t₃ B₃) (hpB₁ : p ∈ B₁) (_hqB₁ : q ∈ B₁) (_huB₁ : u ∈ B₁) (_ha₀B₁ : a₀ ∈ B₁) (hpB₂ : p ∈ B₂) (ht₁B₂ : t₁ ∈ B₂) (ht₃B₂ : t₃ ∈ B₂) (_huB₂ : u ∈ B₂) (_hqB₃ : q ∈ B₃) (ht₁B₃ : t₁ ∈ B₃) (_ha₀B₃ : a₀ ∈ B₃) (_ha₁B₃ : a₁ ∈ B₃) : False
Problem97.U5QCriticalTripleClass.t_qpt0n2_t3_qcritical_antipodal_general_incompatibility	theorem U5QCriticalTripleClass.t_qpt0n2_t3_qcritical_antipodal_general_incompatibility {D : CounterexampleData} {q p t₁ t₂ t₃ u a₀ a₁ : ℝ²} {T B₁ B₂ B₃ : Finset ℝ²} (htriple : U5DangerousTriple D q p T) (ht₁ : t₁ ∈ T) (ht₂ : t₂ ∈ T) (ht₃ : t₃ ∈ T) (ht₁_ne_t₃ : t₁ ≠ t₃) (K₁ : U5QCriticalTripleClass D q t₁ B₁) (K₂ : U5QDeletedK4Class D q t₂ B₂) (K₃ : U5QCriticalTripleClass D q t₃ B₃) (hpB₁ : p ∈ B₁) (_hqB₁ : q ∈ B₁) (_huB₁ : u ∈ B₁) (_ha₀B₁ : a₀ ∈ B₁) (hpB₂ : p ∈ B₂) (ht₁B₂ : t₁ ∈ B₂) (ht₃B₂ : t₃ ∈ B₂) (_hqB₃ : q ∈ B₃) (ht₁B₃ : t₁ ∈ B₃) (_huB₃ : u ∈ B₃) (_ha₁B₃ : a₁ ∈ B₃) : False
Problem97.U5QCriticalTripleClass.t_qpt0n2_right_radius_core_incompatibility	theorem U5QCriticalTripleClass.t_qpt0n2_right_radius_core_incompatibility {D : CounterexampleData} {q p t₁ t₂ t₃ u a₀ a₁ : ℝ²} {T B₁ B₂ B₃ : Finset ℝ²} (htriple : U5DangerousTriple D q p T) (ht₁ : t₁ ∈ T) (ht₂ : t₂ ∈ T) (ht₃ : t₃ ∈ T) (ht₁_ne_t₃ : t₁ ≠ t₃) (K₁ : U5QCriticalTripleClass D q t₁ B₁) (K₂ : U5QDeletedK4Class D q t₂ B₂) (K₃ : U5QCriticalTripleClass D q t₃ B₃) (hpB₁ : p ∈ B₁) (_hqB₁ : q ∈ B₁) (_huB₁ : u ∈ B₁) (_ha₀B₁ : a₀ ∈ B₁) (hpB₂ : p ∈ B₂) (ht₁B₂ : t₁ ∈ B₂) (ht₃B₂ : t₃ ∈ B₂) (_huB₂ : u ∈ B₂) (_hqB₃ : q ∈ B₃) (ht₂B₃ : t₂ ∈ B₃) (_huB₃ : u ∈ B₃) (_ha₁B₃ : a₁ ∈ B₃) : False
Problem97.U5QCriticalTripleClass.t_qpt0n2_right_radius_general_incompatibility	theorem U5QCriticalTripleClass.t_qpt0n2_right_radius_general_incompatibility {D : CounterexampleData} {q p t₁ t₂ t₃ u a₀ a₁ : ℝ²} {T B₁ B₂ B₃ : Finset ℝ²} (htriple : U5DangerousTriple D q p T) (ht₁ : t₁ ∈ T) (ht₂ : t₂ ∈ T) (ht₃ : t₃ ∈ T) (ht₁_ne_t₃ : t₁ ≠ t₃) (K₁ : U5QCriticalTripleClass D q t₁ B₁) (K₂ : U5QDeletedK4Class D q t₂ B₂) (K₃ : U5QCriticalTripleClass D q t₃ B₃) (hpB₁ : p ∈ B₁) (_hqB₁ : q ∈ B₁) (_huB₁ : u ∈ B₁) (_ha₀B₁ : a₀ ∈ B₁) (hpB₂ : p ∈ B₂) (ht₁B₂ : t₁ ∈ B₂) (ht₃B₂ : t₃ ∈ B₂) (_hqB₃ : q ∈ B₃) (ht₂B₃ : t₂ ∈ B₃) (_ha₀B₃ : a₀ ∈ B₃) (_ha₁B₃ : a₁ ∈ B₃) : False
Problem97.U5QCriticalTripleClass.t_qpt0n2_selected_witness_antipodal_incompatibility	theorem U5QCriticalTripleClass.t_qpt0n2_selected_witness_antipodal_incompatibility {D : CounterexampleData} {q p t₁ t₂ t₃ u a₀ a₁ : ℝ²} {T B₁ B₂ B₃ Bu : Finset ℝ²} (htriple : U5DangerousTriple D q p T) (ht₁ : t₁ ∈ T) (ht₂ : t₂ ∈ T) (ht₃ : t₃ ∈ T) (hu_mem : u ∈ (D.skeleton q).erase p) (K₁ : U5QCriticalTripleClass D q t₁ B₁) (K₂ : U5QDeletedK4Class D q t₂ B₂) (K₃ : U5QCriticalTripleClass D q t₃ B₃) (Ku : U5QDeletedK4Class D q u Bu) (hpB₁ : p ∈ B₁) (_hqB₁ : q ∈ B₁) (huB₁ : u ∈ B₁) (_ha₀B₁ : a₀ ∈ B₁) (hpB₂ : p ∈ B₂) (ht₁B₂ : t₁ ∈ B₂) (huB₂ : u ∈ B₂) (_ha₁B₂ : a₁ ∈ B₂) (_hqB₃ : q ∈ B₃) (ht₁B₃ : t₁ ∈ B₃) (_ha₀B₃ : a₀ ∈ B₃) (_ha₁B₃ : a₁ ∈ B₃) (hpBu : p ∈ Bu) (ht₃Bu : t₃ ∈ Bu) (_ha₀Bu : a₀ ∈ Bu) (_ha₁Bu : a₁ ∈ Bu) : False
Problem97.U5QCriticalTripleClass.t_qpt0n2_selected_u_exact_antipodal_incompatibility	theorem U5QCriticalTripleClass.t_qpt0n2_selected_u_exact_antipodal_incompatibility {D : CounterexampleData} {q p t₁ t₂ t₃ u a₀ a₁ : ℝ²} {T B₁ B₂ B₃ Bu : Finset ℝ²} (htriple : U5DangerousTriple D q p T) (ht₁ : t₁ ∈ T) (ht₂ : t₂ ∈ T) (ht₃ : t₃ ∈ T) (hu_mem : u ∈ (D.skeleton q).erase p) (K₁ : U5QCriticalTripleClass D q t₁ B₁) (K₂ : U5QDeletedK4Class D q t₂ B₂) (K₃ : U5QCriticalTripleClass D q t₃ B₃) (Ku : U5QDeletedK4Class D q u Bu) (hpB₁ : p ∈ B₁) (_hqB₁ : q ∈ B₁) (huB₁ : u ∈ B₁) (_ha₀B₁ : a₀ ∈ B₁) (hpB₂ : p ∈ B₂) (ht₁B₂ : t₁ ∈ B₂) (huB₂ : u ∈ B₂) (_ha₁B₂ : a₁ ∈ B₂) (_hqB₃ : q ∈ B₃) (ht₁B₃ : t₁ ∈ B₃) (_ha₀B₃ : a₀ ∈ B₃) (_ha₁B₃ : a₁ ∈ B₃) (ht₂Bu : t₂ ∈ Bu) (ht₃Bu : t₃ ∈ Bu) (_ha₀Bu : a₀ ∈ Bu) (_ha₁Bu : a₁ ∈ Bu) : False
Problem97.U5QCriticalTripleClass.t_qpt0n2_anchor_incompatibility	theorem U5QCriticalTripleClass.t_qpt0n2_anchor_incompatibility {D : CounterexampleData} {q p t₁ t₂ t₃ u a₀ a₁ : ℝ²} {T B₂ B₃ Bu Ba₀ Ba₁ : Finset ℝ²} (htriple : U5DangerousTriple D q p T) (_ht₁ : t₁ ∈ T) (ht₂ : t₂ ∈ T) (_ht₃ : t₃ ∈ T) (K₂ : U5QCriticalTripleClass D q t₂ B₂) (K₃ : U5QCriticalTripleClass D q t₃ B₃) (Ku : U5QCriticalTripleClass D q u Bu) (Ka₀ : U5QDeletedK4Class D q a₀ Ba₀) (Ka₁ : U5QDeletedK4Class D q a₁ Ba₁) (hpB₂ : p ∈ B₂) (_ht₁B₂ : t₁ ∈ B₂) (_ht₃B₂ : t₃ ∈ B₂) (huB₂ : u ∈ B₂) (_hqB₃ : q ∈ B₃) (_ht₁B₃ : t₁ ∈ B₃) (huB₃ : u ∈ B₃) (ha₁B₃ : a₁ ∈ B₃) (_hqBu : q ∈ Bu) (ht₂Bu : t₂ ∈ Bu) (ha₀Bu : a₀ ∈ Bu) (ha₁Bu : a₁ ∈ Bu) (hpBa₀ : p ∈ Ba₀) (ht₂Ba₀ : t₂ ∈ Ba₀) (ht₃Ba₀ : t₃ ∈ Ba₀) (ha₁Ba₀ : a₁ ∈ Ba₀) (hpBa₁ : p ∈ Ba₁) (ht₂Ba₁ : t₂ ∈ Ba₁) (ha₀Ba₁ : a₀ ∈ Ba₁) : False
Problem97.U5QCriticalTripleClass.top_profile_incompatibility	theorem U5QCriticalTripleClass.top_profile_incompatibility {D : CounterexampleData} {q p a b c d e u : ℝ²} {T Ba Bb Bc Bd Be Bu : Finset ℝ²} (htriple : U5DangerousTriple D q p T) (ha : a ∈ T) (hb : b ∈ T) (hc : c ∈ T) (Ka : U5QCriticalTripleClass D q a Ba) (Kb : U5QCriticalTripleClass D q b Bb) (Kc : U5QDeletedK4Class D q c Bc) (Kd : U5QDeletedK4Class D q d Bd) (Ke : U5QDeletedK4Class D q e Be) (Ku : U5QCriticalTripleClass D q u Bu) (_hbBa : b ∈ Ba) (huBa : u ∈ Ba) (hdBa : d ∈ Ba) (hcBb : c ∈ Bb) (heBb : e ∈ Bb) (haBc : a ∈ Bc) (hbBc : b ∈ Bc) (hpBd : p ∈ Bd) (haBd : a ∈ Bd) (hcBd : c ∈ Bd) (heBd : e ∈ Bd) (hpBe : p ∈ Be) (hbBe : b ∈ Be) (hcBe : c ∈ Be) (huBe : u ∈ Be) (hpBu : p ∈ Bu) (haBu : a ∈ Bu) (hdBu : d ∈ Bu) : False
Problem97.U5QCriticalTripleClass.top_profile_tail_pair_incompatibility	theorem U5QCriticalTripleClass.top_profile_tail_pair_incompatibility {D : CounterexampleData} {q p a b c d e : ℝ²} {T Ba Bb Bd Be : Finset ℝ²} (htriple : U5DangerousTriple D q p T) (ha : a ∈ T) (hb : b ∈ T) (hc : c ∈ T) (Ka : U5QCriticalTripleClass D q a Ba) (Kb : U5QCriticalTripleClass D q b Bb) (Kd : U5QDeletedK4Class D q d Bd) (Ke : U5QDeletedK4Class D q e Be) (hbBa : b ∈ Ba) (hdBa : d ∈ Ba) (hcBb : c ∈ Bb) (heBb : e ∈ Bb) (hpBd : p ∈ Bd) (haBd : a ∈ Bd) (heBd : e ∈ Bd) (hpBe : p ∈ Be) (hbBe : b ∈ Be) (hcBe : c ∈ Be) (hdBe : d ∈ Be) : False
Problem97.U5QCriticalTripleClass.two_no_p_mid_selected_double_exact_incompatibility	theorem U5QCriticalTripleClass.two_no_p_mid_selected_double_exact_incompatibility {D : CounterexampleData} {q p t₁ t₂ t₃ u a0 a1 : ℝ²} {T B₁ B₂ B₃ Bu Ba0 Ba1 : Finset ℝ²} (htriple : U5DangerousTriple D q p T) (ht₁ : t₁ ∈ T) (ht₂ : t₂ ∈ T) (ht₃ : t₃ ∈ T) (K₁ : U5QCriticalTripleClass D q t₁ B₁) (K₂ : U5QCriticalTripleClass D q t₂ B₂) (K₃ : U5QDeletedK4Class D q t₃ B₃) (Ku : U5QCriticalTripleClass D q u Bu) (Ka0 : U5QDeletedK4Class D q a0 Ba0) (Ka1 : U5QDeletedK4Class D q a1 Ba1) (ht₂B₁ : t₂ ∈ B₁) (ha0B₁ : a0 ∈ B₁) (ht₃B₂ : t₃ ∈ B₂) (huB₂ : u ∈ B₂) (ht₁B₃ : t₁ ∈ B₃) (ht₂B₃ : t₂ ∈ B₃) (hpBu : p ∈ Bu) (ht₂Bu : t₂ ∈ Bu) (ha1Bu : a1 ∈ Bu) (hpBa0 : p ∈ Ba0) (ht₁Ba0 : t₁ ∈ Ba0) (ha1Ba0 : a1 ∈ Ba0) (hpBa1 : p ∈ Ba1) (huBa1 : u ∈ Ba1) (ha0Ba1 : a0 ∈ Ba1) : False
Problem97.U5QCriticalTripleClass.two_no_p_mid_selected_left_exact_aux_bridge_incompatibility	theorem U5QCriticalTripleClass.two_no_p_mid_selected_left_exact_aux_bridge_incompatibility {D : CounterexampleData} {q p t₁ t₂ t₃ u a0 a1 : ℝ²} {T B₁ B₂ B₃ Bu Ba0 Ba1 : Finset ℝ²} (htriple : U5DangerousTriple D q p T) (ht₁ : t₁ ∈ T) (ht₂ : t₂ ∈ T) (ht₃ : t₃ ∈ T) (_K₁ : U5QCriticalTripleClass D q t₁ B₁) (K₂ : U5QCriticalTripleClass D q t₂ B₂) (K₃ : U5QDeletedK4Class D q t₃ B₃) (Ku : U5QCriticalTripleClass D q u Bu) (Ka0 : U5QDeletedK4Class D q a0 Ba0) (Ka1 : U5QDeletedK4Class D q a1 Ba1) (_ht₂B₁ : t₂ ∈ B₁) (_huB₁ : u ∈ B₁) (_ha0B₁ : a0 ∈ B₁) (ht₃B₂ : t₃ ∈ B₂) (huB₂ : u ∈ B₂) (ha1B₂ : a1 ∈ B₂) (ht₁B₃ : t₁ ∈ B₃) (ht₂B₃ : t₂ ∈ B₃) (huB₃ : u ∈ B₃) (ha1B₃ : a1 ∈ B₃) (hpBu : p ∈ Bu) (ht₂Bu : t₂ ∈ Bu) (ha1Bu : a1 ∈ Bu) (hpBa0 : p ∈ Ba0) (ht₁Ba0 : t₁ ∈ Ba0) (_ht₃Ba0 : t₃ ∈ Ba0) (ha1Ba0 : a1 ∈ Ba0) (hpBa1 : p ∈ Ba1) (ht₁Ba1 : t₁ ∈ Ba1) (ht₂Ba1 : t₂ ∈ Ba1) (ha0Ba1 : a0 ∈ Ba1) : False
Problem97.U5QCriticalTripleClass.two_no_p_right_exact_selected_qcritical_incompatibility	theorem U5QCriticalTripleClass.two_no_p_right_exact_selected_qcritical_incompatibility {D : CounterexampleData} {q p t₁ t₂ t₃ u : ℝ²} {T B₁ B₂ B₃ Bu : Finset ℝ²} (htriple : U5DangerousTriple D q p T) (ht₁ : t₁ ∈ T) (ht₂ : t₂ ∈ T) (ht₃ : t₃ ∈ T) (hu_mem : u ∈ (D.skeleton q).erase p) (K₁ : U5QCriticalTripleClass D q t₁ B₁) (K₂ : U5QCriticalTripleClass D q t₂ B₂) (K₃ : U5QDeletedK4Class D q t₃ B₃) (Ku : U5QCriticalTripleClass D q u Bu) (ht₂B₁ : t₂ ∈ B₁) (huB₁ : u ∈ B₁) (ht₃B₂ : t₃ ∈ B₂) (huB₂ : u ∈ B₂) (ht₁B₃ : t₁ ∈ B₃) (ht₂B₃ : t₂ ∈ B₃) (huB₃ : u ∈ B₃) (hpBu : p ∈ Bu) (ht₁Bu : t₁ ∈ Bu) : False
Problem97.U5QCriticalTripleClass.two_no_p_right_selected_left_exact_aux_bridge_incompatibility	theorem U5QCriticalTripleClass.two_no_p_right_selected_left_exact_aux_bridge_incompatibility {D : CounterexampleData} {q p t₁ t₂ t₃ u a0 a1 : ℝ²} {T B₁ B₂ B₃ Bu Ba0 Ba1 : Finset ℝ²} (htriple : U5DangerousTriple D q p T) (ht₁ : t₁ ∈ T) (ht₂ : t₂ ∈ T) (ht₃ : t₃ ∈ T) (K₁ : U5QCriticalTripleClass D q t₁ B₁) (K₂ : U5QCriticalTripleClass D q t₂ B₂) (K₃ : U5QDeletedK4Class D q t₃ B₃) (Ku : U5QCriticalTripleClass D q u Bu) (Ka0 : U5QDeletedK4Class D q a0 Ba0) (Ka1 : U5QDeletedK4Class D q a1 Ba1) (ht₂B₁ : t₂ ∈ B₁) (huB₁ : u ∈ B₁) (ha0B₁ : a0 ∈ B₁) (ht₃B₂ : t₃ ∈ B₂) (_huB₂ : u ∈ B₂) (_ha1B₂ : a1 ∈ B₂) (ht₁B₃ : t₁ ∈ B₃) (ht₂B₃ : t₂ ∈ B₃) (huB₃ : u ∈ B₃) (_ha1B₃ : a1 ∈ B₃) (hpBu : p ∈ Bu) (ht₃Bu : t₃ ∈ Bu) (ha0Bu : a0 ∈ Bu) (hpBa0 : p ∈ Ba0) (ht₁Ba0 : t₁ ∈ Ba0) (ht₃Ba0 : t₃ ∈ Ba0) (ha1Ba0 : a1 ∈ Ba0) (hpBa1 : p ∈ Ba1) (ht₁Ba1 : t₁ ∈ Ba1) (huBa1 : u ∈ Ba1) (ha0Ba1 : a0 ∈ Ba1) : False
