Problem97.u5_nontriple_equilateral_on_p_circle_incompatibility	theorem u5_nontriple_equilateral_on_p_circle_incompatibility {D : CounterexampleData} {q p t x : ℝ²} {Bt Bx : Finset ℝ²} (ht_radius : dist p t = dist p q) (hx_off_circle : dist p x ≠ dist p q) (Kt : U5QDeletedK4Class D q t Bt) (Kx : U5QDeletedK4Class D q x Bx) (hpBt : p ∈ Bt) (hxBt : x ∈ Bt) (hpBx : p ∈ Bx) (htBx : t ∈ Bx) : False
Problem97.u5_common_bisector_triple_incompatibility	theorem u5_common_bisector_triple_incompatibility {D : CounterexampleData} {q p x t1 t2 t3 : ℝ²} {Bx : Finset ℝ²} (hr_pos : 0 < dist p q) (hT_noncol : ¬ Collinear ℝ ({t1, t2, t3} : Set ℝ²)) (ht1_radius : dist p t1 = dist p q) (ht2_radius : dist p t2 = dist p q) (ht3_radius : dist p t3 = dist p q) (Kx : U5QDeletedK4Class D q x Bx) (hpBx : p ∈ Bx) (ht1Bx : t1 ∈ Bx) (ht2Bx : t2 ∈ Bx) (ht3Bx : t3 ∈ Bx) : False
Problem97.U5QCriticalTripleClass.two_triple_centers_adjacent_incompatibility	theorem U5QCriticalTripleClass.two_triple_centers_adjacent_incompatibility {D : CounterexampleData} {q p t₁ t₂ : ℝ²} {T B₁ B₂ : Finset ℝ²} (htriple : U5DangerousTriple D q p T) (ht₁ : t₁ ∈ T) (ht₂ : t₂ ∈ T) (K₁ : U5QCriticalTripleClass D q t₁ B₁) (K₂ : U5QCriticalTripleClass D q t₂ B₂) (hpB₁ : p ∈ B₁) (hpB₂ : p ∈ B₂) (hadj : t₂ ∈ B₁ ∨ t₁ ∈ B₂) : False
Problem97.U5QCriticalTripleClass.two_triple_centers_third_common_incompatibility	theorem U5QCriticalTripleClass.two_triple_centers_third_common_incompatibility {D : CounterexampleData} {q p t₁ t₂ t₃ : ℝ²} {T B₁ B₂ : Finset ℝ²} (htriple : U5DangerousTriple D q p T) (_ht₁ : t₁ ∈ T) (_ht₂ : t₂ ∈ T) (ht₃ : t₃ ∈ T) (ht₁₂ : t₁ ≠ t₂) (K₁ : U5QCriticalTripleClass D q t₁ B₁) (K₂ : U5QCriticalTripleClass D q t₂ B₂) (hpB₁ : p ∈ B₁) (hpB₂ : p ∈ B₂) (ht₃B₁ : t₃ ∈ B₁) (ht₃B₂ : t₃ ∈ B₂) : False
Problem97.U5QCriticalTripleClass.qcritical_exact_exact_aux_center_incompatibility	theorem U5QCriticalTripleClass.qcritical_exact_exact_aux_center_incompatibility {D : CounterexampleData} {q p t₁ t₂ t₃ a : ℝ²} {T B₁ B₂ B₃ Ba : Finset ℝ²} (htriple : U5DangerousTriple D q p T) (ht₁ : t₁ ∈ T) (ht₂ : t₂ ∈ T) (ht₃ : t₃ ∈ T) (ht₁_ne_t₃ : t₁ ≠ t₃) (K₁ : U5QCriticalTripleClass D q t₁ B₁) (K₂ : U5QDeletedK4Class D q t₂ B₂) (K₃ : U5QDeletedK4Class D q t₃ B₃) (Ka : U5QCriticalTripleClass D q a Ba) (hpB₁ : p ∈ B₁) (ht₂B₁ : t₂ ∈ B₁) (hpB₂ : p ∈ B₂) (ht₃B₂ : t₃ ∈ B₂) (hpB₃ : p ∈ B₃) (haB₃ : a ∈ B₃) (hpBa : p ∈ Ba) : False
Problem97.U5QCriticalTripleClass.qcritical_exact_qcritical_antipodal_incompatibility	theorem U5QCriticalTripleClass.qcritical_exact_qcritical_antipodal_incompatibility {D : CounterexampleData} {q p t₁ t₂ t₃ : ℝ²} {T B₁ B₂ B₃ : Finset ℝ²} (htriple : U5DangerousTriple D q p T) (ht₁ : t₁ ∈ T) (ht₂ : t₂ ∈ T) (ht₃ : t₃ ∈ T) (ht₁_ne_t₃ : t₁ ≠ t₃) (K₁ : U5QCriticalTripleClass D q t₁ B₁) (K₂ : U5QDeletedK4Class D q t₂ B₂) (K₃ : U5QCriticalTripleClass D q t₃ B₃) (hpB₁ : p ∈ B₁) (ht₂B₁ : t₂ ∈ B₁) (hpB₂ : p ∈ B₂) (ht₃B₂ : t₃ ∈ B₂) (ht₁B₃ : t₁ ∈ B₃) : False
Problem97.U5QCriticalTripleClass.qcritical_exact_aux_collinear_incompatibility	theorem U5QCriticalTripleClass.qcritical_exact_aux_collinear_incompatibility {D : CounterexampleData} {q p t₁ t₂ u a : ℝ²} {T B₁ B₂ Ba : Finset ℝ²} (htriple : U5DangerousTriple D q p T) (hsel : U5SelectedCandidateSkeleton D q p T u) (ht₁ : t₁ ∈ T) (ht₂ : t₂ ∈ T) (K₁ : U5QCriticalTripleClass D q t₁ B₁) (K₂ : U5QDeletedK4Class D q t₂ B₂) (Ka : U5QCriticalTripleClass D q a Ba) (hpB₁ : p ∈ B₁) (ht₂B₁ : t₂ ∈ B₁) (huB₁ : u ∈ B₁) (hpB₂ : p ∈ B₂) (huB₂ : u ∈ B₂) (ht₁Ba : t₁ ∈ Ba) (huBa : u ∈ Ba) : False
Problem97.U5QCriticalTripleClass.qcritical_exact_tail_radius_incompatibility	theorem U5QCriticalTripleClass.qcritical_exact_tail_radius_incompatibility {D : CounterexampleData} {q p t₁ t₂ t₃ u a : ℝ²} {T B₁ B₂ B₃ Bu Ba : Finset ℝ²} (htriple : U5DangerousTriple D q p T) (hsel : U5SelectedCandidateSkeleton D q p T u) (ht₁ : t₁ ∈ T) (ht₂ : t₂ ∈ T) (ht₃ : t₃ ∈ T) (K₁ : U5QCriticalTripleClass D q t₁ B₁) (K₂ : U5QDeletedK4Class D q t₂ B₂) (K₃ : U5QDeletedK4Class D q t₃ B₃) (Ku : U5QCriticalTripleClass D q u Bu) (Ka : U5QDeletedK4Class D q a Ba) (hpB₁ : p ∈ B₁) (ht₂B₁ : t₂ ∈ B₁) (huB₁ : u ∈ B₁) (hpB₂ : p ∈ B₂) (huB₂ : u ∈ B₂) (hpB₃ : p ∈ B₃) (haB₃ : a ∈ B₃) (haBu : a ∈ Bu) (ht₃Ba : t₃ ∈ Ba) (huBa : u ∈ Ba) : False
Problem97.U5QCriticalTripleClass.qcritical_exact_selected_center_incompatibility	theorem U5QCriticalTripleClass.qcritical_exact_selected_center_incompatibility {D : CounterexampleData} {q p t₁ t₂ u : ℝ²} {T B₁ B₂ Bu : Finset ℝ²} (htriple : U5DangerousTriple D q p T) (hsel : U5SelectedCandidateSkeleton D q p T u) (ht₁ : t₁ ∈ T) (ht₂ : t₂ ∈ T) (K₁ : U5QCriticalTripleClass D q t₁ B₁) (K₂ : U5QDeletedK4Class D q t₂ B₂) (Ku : U5QCriticalTripleClass D q u Bu) (hpB₁ : p ∈ B₁) (ht₂B₁ : t₂ ∈ B₁) (huB₁ : u ∈ B₁) (hpB₂ : p ∈ B₂) (huB₂ : u ∈ B₂) (ht₂Bu : t₂ ∈ Bu) : False
Problem97.U5QCriticalTripleClass.qcritical_exact_selected_antipodal_incompatibility	theorem U5QCriticalTripleClass.qcritical_exact_selected_antipodal_incompatibility {D : CounterexampleData} {q p t₁ t₂ t₃ u : ℝ²} {T B₁ B₂ Bu : Finset ℝ²} (htriple : U5DangerousTriple D q p T) (hsel : U5SelectedCandidateSkeleton D q p T u) (ht₁ : t₁ ∈ T) (ht₂ : t₂ ∈ T) (ht₃ : t₃ ∈ T) (ht₁_ne_t₃ : t₁ ≠ t₃) (K₁ : U5QCriticalTripleClass D q t₁ B₁) (K₂ : U5QDeletedK4Class D q t₂ B₂) (Ku : U5QDeletedK4Class D q u Bu) (hpB₁ : p ∈ B₁) (ht₂B₁ : t₂ ∈ B₁) (huB₁ : u ∈ B₁) (hpB₂ : p ∈ B₂) (ht₃B₂ : t₃ ∈ B₂) (huB₂ : u ∈ B₂) (ht₁Bu : t₁ ∈ Bu) (ht₃Bu : t₃ ∈ Bu) : False
Problem97.U5QCriticalTripleClass.qcritical_exact_exact_selected_antipodal_incompatibility	theorem U5QCriticalTripleClass.qcritical_exact_exact_selected_antipodal_incompatibility {D : CounterexampleData} {q p t₁ t₂ t₃ u : ℝ²} {T B₁ B₂ B₃ : Finset ℝ²} (htriple : U5DangerousTriple D q p T) (hsel : U5SelectedCandidateSkeleton D q p T u) (ht₁ : t₁ ∈ T) (ht₂ : t₂ ∈ T) (ht₃ : t₃ ∈ T) (ht₁_ne_t₃ : t₁ ≠ t₃) (K₁ : U5QCriticalTripleClass D q t₁ B₁) (K₂ : U5QDeletedK4Class D q t₂ B₂) (K₃ : U5QDeletedK4Class D q t₃ B₃) (hpB₁ : p ∈ B₁) (ht₂B₁ : t₂ ∈ B₁) (huB₁ : u ∈ B₁) (hpB₂ : p ∈ B₂) (ht₃B₂ : t₃ ∈ B₂) (huB₂ : u ∈ B₂) (hpB₃ : p ∈ B₃) (huB₃ : u ∈ B₃) : False
Problem97.u5_equilateral_opposite_point_incompatibility	theorem u5_equilateral_opposite_point_incompatibility {D : CounterexampleData} {q p a b c x : ℝ²} {Ba Bb Bx : Finset ℝ²} (hr_pos : 0 < dist p q) (ha_radius : dist p a = dist p q) (hb_radius : dist p b = dist p q) (hc_radius : dist p c = dist p q) (Ka : U5QDeletedK4Class D q a Ba) (Kb : U5QDeletedK4Class D q b Bb) (Kx : U5QDeletedK4Class D q x Bx) (hpBa : p ∈ Ba) (hbBa : b ∈ Ba) (hcBa : c ∈ Ba) (hxBa : x ∈ Ba) (hpBb : p ∈ Bb) (_haBb : a ∈ Bb) (hxBb : x ∈ Bb) (hpBx : p ∈ Bx) (hcBx : c ∈ Bx) : False
Problem97.u5_equilateral_bisector_incompatibility	theorem u5_equilateral_bisector_incompatibility {D : CounterexampleData} {q p a b c x : ℝ²} {Ba Bb Bx Bc : Finset ℝ²} (hr_pos : 0 < dist p q) (ha_radius : dist p a = dist p q) (hb_radius : dist p b = dist p q) (hc_radius : dist p c = dist p q) (Ka : U5QDeletedK4Class D q a Ba) (Kb : U5QDeletedK4Class D q b Bb) (Kx : U5QDeletedK4Class D q x Bx) (Kc : U5QDeletedK4Class D q c Bc) (hpBa : p ∈ Ba) (hbBa : b ∈ Ba) (hxBa : x ∈ Ba) (hpBb : p ∈ Bb) (_haBb : a ∈ Bb) (hxBb : x ∈ Bb) (hpBx : p ∈ Bx) (hcBx : c ∈ Bx) (haBc : a ∈ Bc) (hbBc : b ∈ Bc) : False
Problem97.u5_equilateral_circumcenter_on_p_circle_incompatibility	theorem u5_equilateral_circumcenter_on_p_circle_incompatibility {D : CounterexampleData} {q p a b c x : ℝ²} {Bx : Finset ℝ²} (hr_pos : 0 < dist p q) (ha_radius : dist p a = dist p q) (hb_radius : dist p b = dist p q) (hc_radius : dist p c = dist p q) (hab_eq_hac : dist a b = dist a c) (hab_eq_hbc : dist a b = dist b c) (hab_pos : 0 < dist a b) (hx_off : dist p x ≠ dist p q) (Kx : U5QDeletedK4Class D q x Bx) (hpBx : p ∈ Bx) (haBx : a ∈ Bx) (hbBx : b ∈ Bx) : False
Problem97.u5_equilateral_outer_point_incompatibility	theorem u5_equilateral_outer_point_incompatibility {D : CounterexampleData} {q p a b c x : ℝ²} {Bx : Finset ℝ²} (hr_pos : 0 < dist p q) (ha_radius : dist p a = dist p q) (hb_radius : dist p b = dist p q) (hc_radius : dist p c = dist p q) (hab_eq_hac : dist a b = dist a c) (hab_eq_hbc : dist a b = dist b c) (hab_pos : 0 < dist a b) (hax_side : dist a x = dist a b) (hbx_side : dist b x = dist a b) (Kx : U5QDeletedK4Class D q x Bx) (hpBx : p ∈ Bx) (hcBx : c ∈ Bx) : False
Problem97.U5QCriticalTripleClass.qcritical_antipodal_aux_center_incompatibility	theorem U5QCriticalTripleClass.qcritical_antipodal_aux_center_incompatibility {D : CounterexampleData} {q p t₁ t₂ t₃ x : ℝ²} {T B₁ B₂ Bx : Finset ℝ²} (htriple : U5DangerousTriple D q p T) (ht₁ : t₁ ∈ T) (ht₂ : t₂ ∈ T) (ht₃ : t₃ ∈ T) (ht₁_ne_t₃ : t₁ ≠ t₃) (K₁ : U5QCriticalTripleClass D q t₁ B₁) (K₂ : U5QDeletedK4Class D q t₂ B₂) (Kx : U5QCriticalTripleClass D q x Bx) (hpB₁ : p ∈ B₁) (ht₂B₁ : t₂ ∈ B₁) (hpB₂ : p ∈ B₂) (ht₃B₂ : t₃ ∈ B₂) (hpBx : p ∈ Bx) (ht₃Bx : t₃ ∈ Bx) : False
Problem97.U5QCriticalTripleClass.qcritical_aux_base_collision_incompatibility	theorem U5QCriticalTripleClass.qcritical_aux_base_collision_incompatibility {D : CounterexampleData} {q p t₁ t₂ t₃ x : ℝ²} {T B₁ B₂ B₃ Bx : Finset ℝ²} (htriple : U5DangerousTriple D q p T) (ht₁ : t₁ ∈ T) (ht₂ : t₂ ∈ T) (ht₃ : t₃ ∈ T) (ht₁_ne_t₃ : t₁ ≠ t₃) (hx_mem : x ∈ (D.skeleton q).erase p) (K₁ : U5QCriticalTripleClass D q t₁ B₁) (K₂ : U5QDeletedK4Class D q t₂ B₂) (K₃ : U5QDeletedK4Class D q t₃ B₃) (Kx : U5QCriticalTripleClass D q x Bx) (hpB₁ : p ∈ B₁) (ht₂B₁ : t₂ ∈ B₁) (hpB₂ : p ∈ B₂) (ht₃B₂ : t₃ ∈ B₂) (hpB₃ : p ∈ B₃) (hxB₃ : x ∈ B₃) (ht₃Bx : t₃ ∈ Bx) : False
Problem97.U5QCriticalTripleClass.qcritical_exact_collinear_tail_incompatibility	theorem U5QCriticalTripleClass.qcritical_exact_collinear_tail_incompatibility {D : CounterexampleData} {q p t₁ t₂ t₃ u a : ℝ²} {T B₁ B₂ Ba : Finset ℝ²} (htriple : U5DangerousTriple D q p T) (hsel : U5SelectedCandidateSkeleton D q p T u) (ht₁ : t₁ ∈ T) (ht₂ : t₂ ∈ T) (ht₃ : t₃ ∈ T) (ht₁_ne_t₃ : t₁ ≠ t₃) (K₁ : U5QCriticalTripleClass D q t₁ B₁) (K₂ : U5QDeletedK4Class D q t₂ B₂) (Ka : U5QDeletedK4Class D q a Ba) (hpB₁ : p ∈ B₁) (ht₂B₁ : t₂ ∈ B₁) (huB₁ : u ∈ B₁) (hpB₂ : p ∈ B₂) (ht₃B₂ : t₃ ∈ B₂) (huB₂ : u ∈ B₂) (ht₂Ba : t₂ ∈ Ba) (ht₃Ba : t₃ ∈ Ba) (huBa : u ∈ Ba) : False
Problem97.U5QCriticalTripleClass.qcritical_exact_aux_base_collision_incompatibility	theorem U5QCriticalTripleClass.qcritical_exact_aux_base_collision_incompatibility {D : CounterexampleData} {q p t₁ t₂ t₃ x : ℝ²} {T B₁ B₂ B₃ Bx : Finset ℝ²} (htriple : U5DangerousTriple D q p T) (ht₁ : t₁ ∈ T) (ht₂ : t₂ ∈ T) (ht₃ : t₃ ∈ T) (ht₁_ne_t₃ : t₁ ≠ t₃) (hx_mem : x ∈ (D.skeleton q).erase p) (K₁ : U5QCriticalTripleClass D q t₁ B₁) (K₂ : U5QDeletedK4Class D q t₂ B₂) (K₃ : U5QDeletedK4Class D q t₃ B₃) (Kx : U5QDeletedK4Class D q x Bx) (hpB₁ : p ∈ B₁) (ht₂B₁ : t₂ ∈ B₁) (hpB₂ : p ∈ B₂) (ht₃B₂ : t₃ ∈ B₂) (hpB₃ : p ∈ B₃) (hxB₃ : x ∈ B₃) (ht₁Bx : t₁ ∈ Bx) (ht₂Bx : t₂ ∈ Bx) : False
Problem97.U5QCriticalTripleClass.qcritical_exact_circumcenter_antipodal_incompatibility	theorem U5QCriticalTripleClass.qcritical_exact_circumcenter_antipodal_incompatibility {D : CounterexampleData} {q p t₁ t₂ t₃ x : ℝ²} {T B₁ B₂ B₃ Bx : Finset ℝ²} (htriple : U5DangerousTriple D q p T) (ht₁ : t₁ ∈ T) (ht₂ : t₂ ∈ T) (ht₃ : t₃ ∈ T) (ht₁_ne_t₃ : t₁ ≠ t₃) (K₁ : U5QCriticalTripleClass D q t₁ B₁) (K₂ : U5QDeletedK4Class D q t₂ B₂) (K₃ : U5QCriticalTripleClass D q t₃ B₃) (Kx : U5QDeletedK4Class D q x Bx) (hpB₁ : p ∈ B₁) (ht₂B₁ : t₂ ∈ B₁) (hpB₂ : p ∈ B₂) (ht₃B₂ : t₃ ∈ B₂) (hxB₃ : x ∈ B₃) (hpBx : p ∈ Bx) (ht₁Bx : t₁ ∈ Bx) (ht₂Bx : t₂ ∈ Bx) : False
Problem97.U5QCriticalTripleClass.qcritical_exact_selected_aux_circumcenter_mid_radius_incompatibility	theorem U5QCriticalTripleClass.qcritical_exact_selected_aux_circumcenter_mid_radius_incompatibility {D : CounterexampleData} {q p t₁ t₂ d : ℝ²} {T B₁ B₂ Bd : Finset ℝ²} (htriple : U5DangerousTriple D q p T) (ht₁ : t₁ ∈ T) (ht₂ : t₂ ∈ T) (K₁ : U5QCriticalTripleClass D q t₁ B₁) (K₂ : U5QDeletedK4Class D q t₂ B₂) (Kd : U5QCriticalTripleClass D q d Bd) (hpB₁ : p ∈ B₁) (ht₂B₁ : t₂ ∈ B₁) (hpB₂ : p ∈ B₂) (hdB₂ : d ∈ B₂) (hpBd : p ∈ Bd) (ht₁Bd : t₁ ∈ Bd) : False
Problem97.U5QCriticalTripleClass.qcritical_exact_selected_aux_equiangular_incompatibility	theorem U5QCriticalTripleClass.qcritical_exact_selected_aux_equiangular_incompatibility {D : CounterexampleData} {q p t₁ t₂ t₃ d : ℝ²} {T B₁ B₂ B₃ Bd : Finset ℝ²} (htriple : U5DangerousTriple D q p T) (ht₁ : t₁ ∈ T) (ht₂ : t₂ ∈ T) (ht₃ : t₃ ∈ T) (ht₁_ne_t₃ : t₁ ≠ t₃) (K₁ : U5QCriticalTripleClass D q t₁ B₁) (K₂ : U5QDeletedK4Class D q t₂ B₂) (K₃ : U5QDeletedK4Class D q t₃ B₃) (Kd : U5QCriticalTripleClass D q d Bd) (hpB₁ : p ∈ B₁) (ht₂B₁ : t₂ ∈ B₁) (hpB₂ : p ∈ B₂) (ht₃B₂ : t₃ ∈ B₂) (ht₁B₃ : t₁ ∈ B₃) (hdB₃ : d ∈ B₃) (hpBd : p ∈ Bd) (ht₁Bd : t₁ ∈ Bd) : False
Problem97.U5QCriticalTripleClass.qcritical_exact_selected_aux_exact_collision_incompatibility	theorem U5QCriticalTripleClass.qcritical_exact_selected_aux_exact_collision_incompatibility {D : CounterexampleData} {q p t₁ t₂ d u : ℝ²} {T B₁ B₂ Bd Bu : Finset ℝ²} (htriple : U5DangerousTriple D q p T) (ht₁ : t₁ ∈ T) (ht₂ : t₂ ∈ T) (hu_mem : u ∈ (D.skeleton q).erase p) (K₁ : U5QCriticalTripleClass D q t₁ B₁) (K₂ : U5QDeletedK4Class D q t₂ B₂) (Kd : U5QDeletedK4Class D q d Bd) (Ku : U5QDeletedK4Class D q u Bu) (hpB₁ : p ∈ B₁) (ht₂B₁ : t₂ ∈ B₁) (huB₁ : u ∈ B₁) (hpB₂ : p ∈ B₂) (huB₂ : u ∈ B₂) (hdB₂ : d ∈ B₂) (hpBd : p ∈ Bd) (ht₁Bd : t₁ ∈ Bd) (ht₁Bu : t₁ ∈ Bu) (hdBu : d ∈ Bu) : False
Problem97.U5QCriticalTripleClass.qcritical_exact_selected_aux_right_collision_incompatibility	theorem U5QCriticalTripleClass.qcritical_exact_selected_aux_right_collision_incompatibility {D : CounterexampleData} {q p t₁ t₂ t₃ d u : ℝ²} {T B₁ B₂ B₃ Bd Bu : Finset ℝ²} (htriple : U5DangerousTriple D q p T) (ht₁ : t₁ ∈ T) (ht₂ : t₂ ∈ T) (ht₃ : t₃ ∈ T) (hu_mem : u ∈ (D.skeleton q).erase p) (K₁ : U5QCriticalTripleClass D q t₁ B₁) (K₂ : U5QDeletedK4Class D q t₂ B₂) (K₃ : U5QCriticalTripleClass D q t₃ B₃) (Kd : U5QDeletedK4Class D q d Bd) (Ku : U5QDeletedK4Class D q u Bu) (hpB₁ : p ∈ B₁) (ht₂B₁ : t₂ ∈ B₁) (huB₁ : u ∈ B₁) (hpB₂ : p ∈ B₂) (huB₂ : u ∈ B₂) (hdB₂ : d ∈ B₂) (huB₃ : u ∈ B₃) (hdB₃ : d ∈ B₃) (hpBd : p ∈ Bd) (ht₃Bd : t₃ ∈ Bd) (huBd : u ∈ Bd) (ht₁Bu : t₁ ∈ Bu) (hdBu : d ∈ Bu) : False
Problem97.U5QCriticalTripleClass.qcritical_exact_selected_aux_right_radius_incompatibility	theorem U5QCriticalTripleClass.qcritical_exact_selected_aux_right_radius_incompatibility {D : CounterexampleData} {q p t₁ t₂ t₃ d u : ℝ²} {T B₁ B₂ B₃ Bd Bu : Finset ℝ²} (htriple : U5DangerousTriple D q p T) (ht₁ : t₁ ∈ T) (ht₂ : t₂ ∈ T) (ht₃ : t₃ ∈ T) (ht₁_ne_t₃ : t₁ ≠ t₃) (hu_mem : u ∈ (D.skeleton q).erase p) (K₁ : U5QCriticalTripleClass D q t₁ B₁) (K₂ : U5QDeletedK4Class D q t₂ B₂) (K₃ : U5QCriticalTripleClass D q t₃ B₃) (Kd : U5QDeletedK4Class D q d Bd) (Ku : U5QDeletedK4Class D q u Bu) (hpB₁ : p ∈ B₁) (ht₂B₁ : t₂ ∈ B₁) (huB₁ : u ∈ B₁) (hpB₂ : p ∈ B₂) (huB₂ : u ∈ B₂) (huB₃ : u ∈ B₃) (hdB₃ : d ∈ B₃) (ht₃Bd : t₃ ∈ Bd) (huBd : u ∈ Bd) (ht₁Bu : t₁ ∈ Bu) (hdBu : d ∈ Bu) : False
Problem97.U5QCriticalTripleClass.qcritical_exact_selected_circumcenter_incompatibility	theorem U5QCriticalTripleClass.qcritical_exact_selected_circumcenter_incompatibility {D : CounterexampleData} {q p t₁ t₂ t₃ x : ℝ²} {T B₁ B₂ Bx : Finset ℝ²} (htriple : U5DangerousTriple D q p T) (ht₁ : t₁ ∈ T) (ht₂ : t₂ ∈ T) (ht₃ : t₃ ∈ T) (ht₁_ne_t₃ : t₁ ≠ t₃) (hx_mem : x ∈ (D.skeleton q).erase p) (K₁ : U5QCriticalTripleClass D q t₁ B₁) (K₂ : U5QDeletedK4Class D q t₂ B₂) (Kx : U5QDeletedK4Class D q x Bx) (hpB₁ : p ∈ B₁) (ht₂B₁ : t₂ ∈ B₁) (hxB₁ : x ∈ B₁) (hpB₂ : p ∈ B₂) (ht₃B₂ : t₃ ∈ B₂) (hpBx : p ∈ Bx) (ht₂Bx : t₂ ∈ Bx) (ht₃Bx : t₃ ∈ Bx) : False
Problem97.U5QCriticalTripleClass.qcritical_exact_selected_double_bisector_incompatibility	theorem U5QCriticalTripleClass.qcritical_exact_selected_double_bisector_incompatibility {D : CounterexampleData} {q p t₁ t₃ u : ℝ²} {T B₁ B₃ Bu : Finset ℝ²} (htriple : U5DangerousTriple D q p T) (ht₁ : t₁ ∈ T) (ht₃ : t₃ ∈ T) (K₁ : U5QCriticalTripleClass D q t₁ B₁) (K₃ : U5QCriticalTripleClass D q t₃ B₃) (Ku : U5QCriticalTripleClass D q u Bu) (hpB₁ : p ∈ B₁) (huB₁ : u ∈ B₁) (ht₁B₃ : t₁ ∈ B₃) (huB₃ : u ∈ B₃) (hpBu : p ∈ Bu) : False
Problem97.U5QCriticalTripleClass.qcritical_exact_selected_equilateral_selected_tangent_incompatibility	theorem U5QCriticalTripleClass.qcritical_exact_selected_equilateral_selected_tangent_incompatibility {D : CounterexampleData} {q p t₁ t₂ t₃ u : ℝ²} {T B₁ B₂ B₃ Bu : Finset ℝ²} (htriple : U5DangerousTriple D q p T) (ht₁ : t₁ ∈ T) (ht₂ : t₂ ∈ T) (ht₃ : t₃ ∈ T) (ht₁_ne_t₃ : t₁ ≠ t₃) (hu_mem : u ∈ (D.skeleton q).erase p) (K₁ : U5QCriticalTripleClass D q t₁ B₁) (K₂ : U5QDeletedK4Class D q t₂ B₂) (K₃ : U5QCriticalTripleClass D q t₃ B₃) (Ku : U5QDeletedK4Class D q u Bu) (hpB₁ : p ∈ B₁) (ht₂B₁ : t₂ ∈ B₁) (hpB₂ : p ∈ B₂) (huB₂ : u ∈ B₂) (hpB₃ : p ∈ B₃) (ht₂Bu : t₂ ∈ Bu) (ht₃Bu : t₃ ∈ Bu) : False
Problem97.U5QCriticalTripleClass.qcritical_exact_selected_equilateral_tangent_incompatibility	theorem U5QCriticalTripleClass.qcritical_exact_selected_equilateral_tangent_incompatibility {D : CounterexampleData} {q p t₁ t₂ t₃ u d : ℝ²} {T B₁ B₃ Bu Bd : Finset ℝ²} (htriple : U5DangerousTriple D q p T) (ht₁ : t₁ ∈ T) (ht₂ : t₂ ∈ T) (ht₃ : t₃ ∈ T) (ht₁_ne_t₃ : t₁ ≠ t₃) (hd_mem : d ∈ (D.skeleton q).erase p) (K₁ : U5QCriticalTripleClass D q t₁ B₁) (K₃ : U5QCriticalTripleClass D q t₃ B₃) (Ku : U5QDeletedK4Class D q u Bu) (Kd : U5QDeletedK4Class D q d Bd) (hpB₁ : p ∈ B₁) (ht₂B₁ : t₂ ∈ B₁) (huB₁ : u ∈ B₁) (hpB₃ : p ∈ B₃) (ht₁Bu : t₁ ∈ Bu) (hdBu : d ∈ Bu) (ht₂Bd : t₂ ∈ Bd) (ht₃Bd : t₃ ∈ Bd) (huBd : u ∈ Bd) : False
Problem97.U5QCriticalTripleClass.qcritical_exact_selected_mid_aux_left_qcritical_right_exact_incompatibility	theorem U5QCriticalTripleClass.qcritical_exact_selected_mid_aux_left_qcritical_right_exact_incompatibility {D : CounterexampleData} {q p t₁ t₂ t₃ d : ℝ²} {T B₁ B₂ B₃ Bd : Finset ℝ²} (htriple : U5DangerousTriple D q p T) (ht₁ : t₁ ∈ T) (ht₂ : t₂ ∈ T) (ht₃ : t₃ ∈ T) (K₁ : U5QCriticalTripleClass D q t₁ B₁) (K₂ : U5QDeletedK4Class D q t₂ B₂) (K₃ : U5QDeletedK4Class D q t₃ B₃) (Kd : U5QCriticalTripleClass D q d Bd) (hpB₁ : p ∈ B₁) (ht₂B₁ : t₂ ∈ B₁) (hpB₂ : p ∈ B₂) (hdB₂ : d ∈ B₂) (ht₁B₃ : t₁ ∈ B₃) (ht₂B₃ : t₂ ∈ B₃) (hdB₃ : d ∈ B₃) (ht₁Bd : t₁ ∈ Bd) : False
Problem97.U5QCriticalTripleClass.qcritical_exact_selected_mid_aux_qcritical_collision_incompatibility	theorem U5QCriticalTripleClass.qcritical_exact_selected_mid_aux_qcritical_collision_incompatibility {D : CounterexampleData} {q p t₁ t₂ d : ℝ²} {T B₁ B₂ Bd : Finset ℝ²} (htriple : U5DangerousTriple D q p T) (ht₁ : t₁ ∈ T) (ht₂ : t₂ ∈ T) (ht₁_ne_d : t₁ ≠ d) (K₁ : U5QCriticalTripleClass D q t₁ B₁) (K₂ : U5QDeletedK4Class D q t₂ B₂) (Kd : U5QCriticalTripleClass D q d Bd) (hpB₁ : p ∈ B₁) (ht₂B₁ : t₂ ∈ B₁) (hpB₂ : p ∈ B₂) (hdB₂ : d ∈ B₂) (hpBd : p ∈ Bd) : False
Problem97.U5QCriticalTripleClass.qcritical_exact_outer_aux_eq_mid_incompatibility	theorem U5QCriticalTripleClass.qcritical_exact_outer_aux_eq_mid_incompatibility {D : CounterexampleData} {q p t₁ t₂ u e : ℝ²} {T B₁ B₂ Bu Be : Finset ℝ²} (htriple : U5DangerousTriple D q p T) (ht₁ : t₁ ∈ T) (ht₂ : t₂ ∈ T) (hu_mem : u ∈ (D.skeleton q).erase p) (K₁ : U5QCriticalTripleClass D q t₁ B₁) (K₂ : U5QDeletedK4Class D q t₂ B₂) (Ku : U5QDeletedK4Class D q u Bu) (Ke : U5QDeletedK4Class D q e Be) (hpB₁ : p ∈ B₁) (ht₂B₁ : t₂ ∈ B₁) (huB₁ : u ∈ B₁) (heB₂ : e ∈ B₂) (ht₁Bu : t₁ ∈ Bu) (ht₂Bu : t₂ ∈ Bu) (hpBe : p ∈ Be) (ht₁Be : t₁ ∈ Be) (huBe : u ∈ Be) : False
Problem97.U5QCriticalTripleClass.qcritical_exact_outer_no_base_aux_eq_mid_incompatibility	theorem U5QCriticalTripleClass.qcritical_exact_outer_no_base_aux_eq_mid_incompatibility {D : CounterexampleData} {q p t₁ t₂ t₃ u e : ℝ²} {T B₁ B₂ Bu Be : Finset ℝ²} (htriple : U5DangerousTriple D q p T) (ht₁ : t₁ ∈ T) (ht₂ : t₂ ∈ T) (ht₃ : t₃ ∈ T) (ht₁_ne_t₃ : t₁ ≠ t₃) (hu_mem : u ∈ (D.skeleton q).erase p) (K₁ : U5QCriticalTripleClass D q t₁ B₁) (K₂ : U5QDeletedK4Class D q t₂ B₂) (Ku : U5QDeletedK4Class D q u Bu) (Ke : U5QDeletedK4Class D q e Be) (hpB₁ : p ∈ B₁) (ht₂B₁ : t₂ ∈ B₁) (huB₁ : u ∈ B₁) (hpB₂ : p ∈ B₂) (ht₃B₂ : t₃ ∈ B₂) (heB₂ : e ∈ B₂) (ht₁Bu : t₁ ∈ Bu) (ht₂Bu : t₂ ∈ Bu) (ht₁Be : t₁ ∈ Be) (ht₃Be : t₃ ∈ Be) (huBe : u ∈ Be) : False
Problem97.U5QCriticalTripleClass.qcritical_exact_outer_right_aux_eq_mid_incompatibility	theorem U5QCriticalTripleClass.qcritical_exact_outer_right_aux_eq_mid_incompatibility {D : CounterexampleData} {q p t₁ t₂ t₃ u e : ℝ²} {T B₁ B₂ Bu Be : Finset ℝ²} (htriple : U5DangerousTriple D q p T) (ht₁ : t₁ ∈ T) (ht₂ : t₂ ∈ T) (ht₃ : t₃ ∈ T) (ht₁_ne_t₃ : t₁ ≠ t₃) (hu_mem : u ∈ (D.skeleton q).erase p) (K₁ : U5QCriticalTripleClass D q t₁ B₁) (K₂ : U5QDeletedK4Class D q t₂ B₂) (Ku : U5QDeletedK4Class D q u Bu) (Ke : U5QDeletedK4Class D q e Be) (hpB₁ : p ∈ B₁) (ht₂B₁ : t₂ ∈ B₁) (huB₁ : u ∈ B₁) (hpB₂ : p ∈ B₂) (ht₃B₂ : t₃ ∈ B₂) (heB₂ : e ∈ B₂) (ht₁Bu : t₁ ∈ Bu) (ht₂Bu : t₂ ∈ Bu) (hpBe : p ∈ Be) (ht₃Be : t₃ ∈ Be) (huBe : u ∈ Be) : False
Problem97.U5QCriticalTripleClass.qcritical_exact_selected_qcritical_aux_radius_incompatibility	theorem U5QCriticalTripleClass.qcritical_exact_selected_qcritical_aux_radius_incompatibility {D : CounterexampleData} {q p t₁ t₂ t₃ u d : ℝ²} {T B₁ B₂ B₃ Bu Bd : Finset ℝ²} (htriple : U5DangerousTriple D q p T) (ht₁ : t₁ ∈ T) (ht₂ : t₂ ∈ T) (ht₃ : t₃ ∈ T) (ht₁_ne_t₃ : t₁ ≠ t₃) (K₁ : U5QCriticalTripleClass D q t₁ B₁) (K₂ : U5QDeletedK4Class D q t₂ B₂) (K₃ : U5QDeletedK4Class D q t₃ B₃) (Ku : U5QCriticalTripleClass D q u Bu) (Kd : U5QDeletedK4Class D q d Bd) (hpB₁ : p ∈ B₁) (ht₂B₁ : t₂ ∈ B₁) (huB₁ : u ∈ B₁) (hpB₂ : p ∈ B₂) (ht₃B₂ : t₃ ∈ B₂) (ht₁B₃ : t₁ ∈ B₃) (huB₃ : u ∈ B₃) (hdB₃ : d ∈ B₃) (ht₂Bu : t₂ ∈ Bu) (hdBu : d ∈ Bu) (hpBd : p ∈ Bd) (ht₃Bd : t₃ ∈ Bd) (huBd : u ∈ Bd) : False
Problem97.U5QCriticalTripleClass.qcritical_exact_selected_qcritical_aux_radius_qcritical_incompatibility	theorem U5QCriticalTripleClass.qcritical_exact_selected_qcritical_aux_radius_qcritical_incompatibility {D : CounterexampleData} {q p t₁ t₂ t₃ u d : ℝ²} {T B₁ B₂ B₃ Bu Bd : Finset ℝ²} (htriple : U5DangerousTriple D q p T) (ht₁ : t₁ ∈ T) (ht₂ : t₂ ∈ T) (ht₃ : t₃ ∈ T) (ht₁_ne_t₃ : t₁ ≠ t₃) (K₁ : U5QCriticalTripleClass D q t₁ B₁) (K₂ : U5QDeletedK4Class D q t₂ B₂) (K₃ : U5QDeletedK4Class D q t₃ B₃) (Ku : U5QCriticalTripleClass D q u Bu) (Kd : U5QCriticalTripleClass D q d Bd) (hpB₁ : p ∈ B₁) (ht₂B₁ : t₂ ∈ B₁) (huB₁ : u ∈ B₁) (hpB₂ : p ∈ B₂) (ht₃B₂ : t₃ ∈ B₂) (ht₁B₃ : t₁ ∈ B₃) (huB₃ : u ∈ B₃) (hdB₃ : d ∈ B₃) (ht₂Bu : t₂ ∈ Bu) (hdBu : d ∈ Bu) (ht₃Bd : t₃ ∈ Bd) (huBd : u ∈ Bd) : False
Problem97.U5QCriticalTripleClass.qcritical_exact_selected_qcritical_left_right_mid_incompatibility	theorem U5QCriticalTripleClass.qcritical_exact_selected_qcritical_left_right_mid_incompatibility {D : CounterexampleData} {q p t₁ t₂ t₃ u : ℝ²} {T B₁ B₂ B₃ Bu : Finset ℝ²} (htriple : U5DangerousTriple D q p T) (ht₁ : t₁ ∈ T) (ht₂ : t₂ ∈ T) (ht₃ : t₃ ∈ T) (ht₁_ne_t₃ : t₁ ≠ t₃) (hu_mem : u ∈ (D.skeleton q).erase p) (K₁ : U5QCriticalTripleClass D q t₁ B₁) (K₂ : U5QDeletedK4Class D q t₂ B₂) (K₃ : U5QDeletedK4Class D q t₃ B₃) (Ku : U5QCriticalTripleClass D q u Bu) (hpB₁ : p ∈ B₁) (ht₂B₁ : t₂ ∈ B₁) (huB₁ : u ∈ B₁) (hpB₂ : p ∈ B₂) (ht₃B₂ : t₃ ∈ B₂) (ht₂B₃ : t₂ ∈ B₃) (huB₃ : u ∈ B₃) (ht₁Bu : t₁ ∈ Bu) : False
Problem97.U5QCriticalTripleClass.qcritical_exact_selected_qcritical_mid_aux_base_incompatibility	theorem U5QCriticalTripleClass.qcritical_exact_selected_qcritical_mid_aux_base_incompatibility {D : CounterexampleData} {q p t₁ t₂ d : ℝ²} {T B₁ B₂ Bd : Finset ℝ²} (htriple : U5DangerousTriple D q p T) (ht₁ : t₁ ∈ T) (ht₂ : t₂ ∈ T) (K₁ : U5QCriticalTripleClass D q t₁ B₁) (K₂ : U5QCriticalTripleClass D q t₂ B₂) (Kd : U5QCriticalTripleClass D q d Bd) (hpB₁ : p ∈ B₁) (ht₂B₁ : t₂ ∈ B₁) (hdB₂ : d ∈ B₂) (hpBd : p ∈ Bd) (ht₁Bd : t₁ ∈ Bd) : False
Problem97.U5QCriticalTripleClass.qcritical_exact_selected_qcritical_mid_aux_exact_base_incompatibility	theorem U5QCriticalTripleClass.qcritical_exact_selected_qcritical_mid_aux_exact_base_incompatibility {D : CounterexampleData} {q p t₁ t₂ d : ℝ²} {T B₁ B₂ Bd : Finset ℝ²} (htriple : U5DangerousTriple D q p T) (ht₁ : t₁ ∈ T) (ht₂ : t₂ ∈ T) (K₁ : U5QCriticalTripleClass D q t₁ B₁) (K₂ : U5QCriticalTripleClass D q t₂ B₂) (Kd : U5QDeletedK4Class D q d Bd) (hpB₁ : p ∈ B₁) (ht₂B₁ : t₂ ∈ B₁) (hdB₂ : d ∈ B₂) (hpBd : p ∈ Bd) (ht₁Bd : t₁ ∈ Bd) (ht₂Bd : t₂ ∈ Bd) : False
Problem97.U5QCriticalTripleClass.qcritical_exact_selected_qcritical_mid_right_base_incompatibility	theorem U5QCriticalTripleClass.qcritical_exact_selected_qcritical_mid_right_base_incompatibility {D : CounterexampleData} {q p t₁ t₂ t₃ : ℝ²} {T B₁ B₂ B₃ : Finset ℝ²} (htriple : U5DangerousTriple D q p T) (ht₁ : t₁ ∈ T) (ht₂ : t₂ ∈ T) (ht₃ : t₃ ∈ T) (K₁ : U5QCriticalTripleClass D q t₁ B₁) (K₂ : U5QCriticalTripleClass D q t₂ B₂) (K₃ : U5QCriticalTripleClass D q t₃ B₃) (hpB₁ : p ∈ B₁) (ht₂B₁ : t₂ ∈ B₁) (ht₃B₂ : t₃ ∈ B₂) (hpB₃ : p ∈ B₃) : False
Problem97.U5QCriticalTripleClass.qcritical_exact_selected_qcritical_mid_right_exact_left_incompatibility	theorem U5QCriticalTripleClass.qcritical_exact_selected_qcritical_mid_right_exact_left_incompatibility {D : CounterexampleData} {q p t₁ t₂ t₃ : ℝ²} {T B₁ B₂ B₃ : Finset ℝ²} (htriple : U5DangerousTriple D q p T) (ht₁ : t₁ ∈ T) (ht₂ : t₂ ∈ T) (ht₃ : t₃ ∈ T) (K₁ : U5QCriticalTripleClass D q t₁ B₁) (K₂ : U5QCriticalTripleClass D q t₂ B₂) (K₃ : U5QDeletedK4Class D q t₃ B₃) (hpB₁ : p ∈ B₁) (ht₂B₁ : t₂ ∈ B₁) (ht₃B₂ : t₃ ∈ B₂) (hpB₃ : p ∈ B₃) (ht₁B₃ : t₁ ∈ B₃) : False
Problem97.U5QCriticalTripleClass.qcritical_exact_selected_qcritical_mid_selected_incompatibility	theorem U5QCriticalTripleClass.qcritical_exact_selected_qcritical_mid_selected_incompatibility {D : CounterexampleData} {q p t₁ t₂ u : ℝ²} {T B₁ B₂ Bu : Finset ℝ²} (htriple : U5DangerousTriple D q p T) (ht₁ : t₁ ∈ T) (ht₂ : t₂ ∈ T) (K₁ : U5QCriticalTripleClass D q t₁ B₁) (K₂ : U5QCriticalTripleClass D q t₂ B₂) (Ku : U5QCriticalTripleClass D q u Bu) (hpB₁ : p ∈ B₁) (ht₂B₁ : t₂ ∈ B₁) (huB₁ : u ∈ B₁) (huB₂ : u ∈ B₂) (ht₁Bu : t₁ ∈ Bu) : False
Problem97.U5QCriticalTripleClass.qcritical_exact_selected_qcritical_mid_selected_aux_exact_incompatibility	theorem U5QCriticalTripleClass.qcritical_exact_selected_qcritical_mid_selected_aux_exact_incompatibility {D : CounterexampleData} {q p t₁ t₂ u d : ℝ²} {T B₁ B₂ Bu Bd : Finset ℝ²} (htriple : U5DangerousTriple D q p T) (ht₁ : t₁ ∈ T) (ht₂ : t₂ ∈ T) (K₁ : U5QCriticalTripleClass D q t₁ B₁) (K₂ : U5QCriticalTripleClass D q t₂ B₂) (Ku : U5QCriticalTripleClass D q u Bu) (Kd : U5QDeletedK4Class D q d Bd) (hpB₁ : p ∈ B₁) (ht₂B₁ : t₂ ∈ B₁) (huB₁ : u ∈ B₁) (huB₂ : u ∈ B₂) (hdB₂ : d ∈ B₂) (ht₂Bu : t₂ ∈ Bu) (ht₁Bd : t₁ ∈ Bd) (ht₂Bd : t₂ ∈ Bd) (huBd : u ∈ Bd) : False
Problem97.U5QCriticalTripleClass.qcritical_exact_selected_qcritical_mid_selected_aux_qcritical_incompatibility	theorem U5QCriticalTripleClass.qcritical_exact_selected_qcritical_mid_selected_aux_qcritical_incompatibility {D : CounterexampleData} {q p t₁ t₂ u d : ℝ²} {T B₁ B₂ Bu Bd : Finset ℝ²} (htriple : U5DangerousTriple D q p T) (ht₁ : t₁ ∈ T) (ht₂ : t₂ ∈ T) (K₁ : U5QCriticalTripleClass D q t₁ B₁) (K₂ : U5QCriticalTripleClass D q t₂ B₂) (Ku : U5QCriticalTripleClass D q u Bu) (Kd : U5QCriticalTripleClass D q d Bd) (hpB₁ : p ∈ B₁) (ht₂B₁ : t₂ ∈ B₁) (huB₁ : u ∈ B₁) (huB₂ : u ∈ B₂) (hdB₂ : d ∈ B₂) (ht₂Bu : t₂ ∈ Bu) (ht₁Bd : t₁ ∈ Bd) (huBd : u ∈ Bd) : False
Problem97.U5QCriticalTripleClass.qcritical_exact_selected_qcritical_right_aux_equiangular_incompatibility	theorem U5QCriticalTripleClass.qcritical_exact_selected_qcritical_right_aux_equiangular_incompatibility {D : CounterexampleData} {q p t₁ t₂ t₃ u d : ℝ²} {T B₁ B₂ B₃ Bu Bd : Finset ℝ²} (htriple : U5DangerousTriple D q p T) (ht₁ : t₁ ∈ T) (ht₂ : t₂ ∈ T) (ht₃ : t₃ ∈ T) (hu_mem : u ∈ (D.skeleton q).erase p) (K₁ : U5QCriticalTripleClass D q t₁ B₁) (K₂ : U5QDeletedK4Class D q t₂ B₂) (K₃ : U5QCriticalTripleClass D q t₃ B₃) (Ku : U5QDeletedK4Class D q u Bu) (Kd : U5QCriticalTripleClass D q d Bd) (hpB₁ : p ∈ B₁) (ht₂B₁ : t₂ ∈ B₁) (huB₁ : u ∈ B₁) (hpB₂ : p ∈ B₂) (huB₂ : u ∈ B₂) (ht₁B₃ : t₁ ∈ B₃) (hdB₃ : d ∈ B₃) (hpBu : p ∈ Bu) (hdBu : d ∈ Bu) (ht₃Bd : t₃ ∈ Bd) (huBd : u ∈ Bd) : False
Problem97.U5QCriticalTripleClass.qcritical_exact_selected_qcritical_right_mid_incompatibility	theorem U5QCriticalTripleClass.qcritical_exact_selected_qcritical_right_mid_incompatibility {D : CounterexampleData} {q p t₁ t₂ t₃ u : ℝ²} {T B₁ B₂ B₃ Bu : Finset ℝ²} (htriple : U5DangerousTriple D q p T) (ht₁ : t₁ ∈ T) (ht₂ : t₂ ∈ T) (ht₃ : t₃ ∈ T) (ht₁_ne_t₃ : t₁ ≠ t₃) (K₁ : U5QCriticalTripleClass D q t₁ B₁) (K₂ : U5QDeletedK4Class D q t₂ B₂) (K₃ : U5QDeletedK4Class D q t₃ B₃) (Ku : U5QCriticalTripleClass D q u Bu) (hpB₁ : p ∈ B₁) (ht₂B₁ : t₂ ∈ B₁) (hpB₂ : p ∈ B₂) (ht₃B₂ : t₃ ∈ B₂) (ht₂B₃ : t₂ ∈ B₃) (huB₃ : u ∈ B₃) (hpBu : p ∈ Bu) : False
Problem97.U5QCriticalTripleClass.qcritical_exact_selected_qcritical_right_pair_incompatibility	theorem U5QCriticalTripleClass.qcritical_exact_selected_qcritical_right_pair_incompatibility {D : CounterexampleData} {q p t₁ t₂ t₃ u : ℝ²} {T B₁ B₂ B₃ Bu : Finset ℝ²} (htriple : U5DangerousTriple D q p T) (ht₁ : t₁ ∈ T) (ht₂ : t₂ ∈ T) (ht₃ : t₃ ∈ T) (ht₁_ne_t₃ : t₁ ≠ t₃) (K₁ : U5QCriticalTripleClass D q t₁ B₁) (K₂ : U5QDeletedK4Class D q t₂ B₂) (K₃ : U5QDeletedK4Class D q t₃ B₃) (Ku : U5QCriticalTripleClass D q u Bu) (hpB₁ : p ∈ B₁) (ht₂B₁ : t₂ ∈ B₁) (huB₁ : u ∈ B₁) (hpB₂ : p ∈ B₂) (ht₃B₂ : t₃ ∈ B₂) (ht₁B₃ : t₁ ∈ B₃) (huB₃ : u ∈ B₃) (hpBu : p ∈ Bu) : False
Problem97.U5QCriticalTripleClass.qcritical_exact_selected_qcritical_right_right_mid_incompatibility	theorem U5QCriticalTripleClass.qcritical_exact_selected_qcritical_right_right_mid_incompatibility {D : CounterexampleData} {q p t₁ t₂ t₃ u : ℝ²} {T B₁ B₂ B₃ Bu : Finset ℝ²} (htriple : U5DangerousTriple D q p T) (ht₁ : t₁ ∈ T) (ht₂ : t₂ ∈ T) (ht₃ : t₃ ∈ T) (ht₁_ne_t₃ : t₁ ≠ t₃) (hu_mem : u ∈ (D.skeleton q).erase p) (K₁ : U5QCriticalTripleClass D q t₁ B₁) (K₂ : U5QDeletedK4Class D q t₂ B₂) (K₃ : U5QDeletedK4Class D q t₃ B₃) (Ku : U5QCriticalTripleClass D q u Bu) (hpB₁ : p ∈ B₁) (ht₂B₁ : t₂ ∈ B₁) (hpB₂ : p ∈ B₂) (ht₃B₂ : t₃ ∈ B₂) (ht₂B₃ : t₂ ∈ B₃) (huB₃ : u ∈ B₃) (ht₃Bu : t₃ ∈ Bu) : False
Problem97.U5QCriticalTripleClass.qcritical_exact_selected_right_base_incompatibility	theorem U5QCriticalTripleClass.qcritical_exact_selected_right_base_incompatibility {D : CounterexampleData} {q p t₁ t₂ t₃ x : ℝ²} {T B₁ B₂ B₃ Bx : Finset ℝ²} (htriple : U5DangerousTriple D q p T) (ht₁ : t₁ ∈ T) (ht₂ : t₂ ∈ T) (ht₃ : t₃ ∈ T) (ht₁_ne_t₃ : t₁ ≠ t₃) (K₁ : U5QCriticalTripleClass D q t₁ B₁) (K₂ : U5QDeletedK4Class D q t₂ B₂) (K₃ : U5QCriticalTripleClass D q t₃ B₃) (Kx : U5QDeletedK4Class D q x Bx) (hpB₁ : p ∈ B₁) (ht₂B₁ : t₂ ∈ B₁) (hxB₁ : x ∈ B₁) (hpB₂ : p ∈ B₂) (ht₃B₂ : t₃ ∈ B₂) (hxB₃ : x ∈ B₃) (hpBx : p ∈ Bx) (ht₂Bx : t₂ ∈ Bx) : False
Problem97.U5QCriticalTripleClass.qcritical_exact_selected_right_exact_center_incompatibility	theorem U5QCriticalTripleClass.qcritical_exact_selected_right_exact_center_incompatibility {D : CounterexampleData} {q p t₁ t₂ t₃ u : ℝ²} {T B₁ B₂ B₃ : Finset ℝ²} (htriple : U5DangerousTriple D q p T) (ht₁ : t₁ ∈ T) (ht₂ : t₂ ∈ T) (ht₃ : t₃ ∈ T) (ht₁_ne_t₃ : t₁ ≠ t₃) (hu_mem : u ∈ (D.skeleton q).erase p) (K₁ : U5QCriticalTripleClass D q t₁ B₁) (K₂ : U5QDeletedK4Class D q t₂ B₂) (K₃ : U5QDeletedK4Class D q t₃ B₃) (hpB₁ : p ∈ B₁) (ht₂B₁ : t₂ ∈ B₁) (huB₁ : u ∈ B₁) (hpB₂ : p ∈ B₂) (huB₂ : u ∈ B₂) (ht₁B₃ : t₁ ∈ B₃) (ht₂B₃ : t₂ ∈ B₃) (huB₃ : u ∈ B₃) : False
Problem97.U5QCriticalTripleClass.qcritical_exact_selected_right_exact_selected_qcritical_incompatibility	theorem U5QCriticalTripleClass.qcritical_exact_selected_right_exact_selected_qcritical_incompatibility {D : CounterexampleData} {q p t₁ t₂ t₃ u : ℝ²} {T B₁ B₂ B₃ Bu : Finset ℝ²} (htriple : U5DangerousTriple D q p T) (ht₁ : t₁ ∈ T) (ht₂ : t₂ ∈ T) (ht₃ : t₃ ∈ T) (hu_mem : u ∈ (D.skeleton q).erase p) (K₁ : U5QCriticalTripleClass D q t₁ B₁) (K₂ : U5QDeletedK4Class D q t₂ B₂) (K₃ : U5QDeletedK4Class D q t₃ B₃) (Ku : U5QCriticalTripleClass D q u Bu) (hpB₁ : p ∈ B₁) (ht₂B₁ : t₂ ∈ B₁) (huB₁ : u ∈ B₁) (hpB₂ : p ∈ B₂) (huB₂ : u ∈ B₂) (ht₁B₃ : t₁ ∈ B₃) (ht₂B₃ : t₂ ∈ B₃) (ht₃Bu : t₃ ∈ Bu) : False
Problem97.U5QCriticalTripleClass.qcritical_exact_selected_right_mid_selected_radius_incompatibility	theorem U5QCriticalTripleClass.qcritical_exact_selected_right_mid_selected_radius_incompatibility {D : CounterexampleData} {q p t₁ t₂ t₃ u : ℝ²} {T B₁ B₂ B₃ : Finset ℝ²} (htriple : U5DangerousTriple D q p T) (ht₁ : t₁ ∈ T) (ht₂ : t₂ ∈ T) (ht₃ : t₃ ∈ T) (ht₁_ne_t₃ : t₁ ≠ t₃) (hu_mem : u ∈ (D.skeleton q).erase p) (K₁ : U5QCriticalTripleClass D q t₁ B₁) (K₂ : U5QDeletedK4Class D q t₂ B₂) (K₃ : U5QDeletedK4Class D q t₃ B₃) (hpB₁ : p ∈ B₁) (ht₂B₁ : t₂ ∈ B₁) (huB₁ : u ∈ B₁) (hpB₂ : p ∈ B₂) (huB₂ : u ∈ B₂) (ht₂B₃ : t₂ ∈ B₃) (huB₃ : u ∈ B₃) : False
Problem97.U5QCriticalTripleClass.qcritical_exact_selected_right_pair_incompatibility	theorem U5QCriticalTripleClass.qcritical_exact_selected_right_pair_incompatibility {D : CounterexampleData} {q p t₁ t₂ t₃ u : ℝ²} {T B₁ B₂ Bu : Finset ℝ²} (htriple : U5DangerousTriple D q p T) (ht₁ : t₁ ∈ T) (ht₂ : t₂ ∈ T) (ht₃ : t₃ ∈ T) (ht₁_ne_t₃ : t₁ ≠ t₃) (hu_mem : u ∈ (D.skeleton q).erase p) (K₁ : U5QCriticalTripleClass D q t₁ B₁) (K₂ : U5QDeletedK4Class D q t₂ B₂) (Ku : U5QDeletedK4Class D q u Bu) (hpB₁ : p ∈ B₁) (ht₂B₁ : t₂ ∈ B₁) (huB₁ : u ∈ B₁) (hpB₂ : p ∈ B₂) (ht₃B₂ : t₃ ∈ B₂) (ht₂Bu : t₂ ∈ Bu) (ht₃Bu : t₃ ∈ Bu) : False
Problem97.U5QCriticalTripleClass.qcritical_exact_selected_right_qcritical_aux_exact_qcritical_incompatibility	theorem U5QCriticalTripleClass.qcritical_exact_selected_right_qcritical_aux_exact_qcritical_incompatibility {D : CounterexampleData} {q p t₁ t₂ t₃ d e u : ℝ²} {T B₁ B₂ B₃ Bd Be Bu : Finset ℝ²} (htriple : U5DangerousTriple D q p T) (ht₁ : t₁ ∈ T) (ht₂ : t₂ ∈ T) (ht₃ : t₃ ∈ T) (hu_mem : u ∈ (D.skeleton q).erase p) (K₁ : U5QCriticalTripleClass D q t₁ B₁) (K₂ : U5QDeletedK4Class D q t₂ B₂) (K₃ : U5QCriticalTripleClass D q t₃ B₃) (Kd : U5QDeletedK4Class D q d Bd) (Ke : U5QCriticalTripleClass D q e Be) (Ku : U5QDeletedK4Class D q u Bu) (hpB₁ : p ∈ B₁) (ht₂B₁ : t₂ ∈ B₁) (huB₁ : u ∈ B₁) (hpB₂ : p ∈ B₂) (huB₂ : u ∈ B₂) (ht₂B₃ : t₂ ∈ B₃) (hdB₃ : d ∈ B₃) (hpBd : p ∈ Bd) (ht₃Bd : t₃ ∈ Bd) (heBd : e ∈ Bd) (hpBe : p ∈ Be) (ht₃Be : t₃ ∈ Be) (hdBe : d ∈ Be) (ht₁Bu : t₁ ∈ Bu) (ht₃Bu : t₃ ∈ Bu) (heBu : e ∈ Bu) : False
Problem97.U5QCriticalTripleClass.qcritical_exact_selected_right_qcritical_aux_exact_selected_outer_qcritical_incompatibility	theorem U5QCriticalTripleClass.qcritical_exact_selected_right_qcritical_aux_exact_selected_outer_qcritical_incompatibility {D : CounterexampleData} {q p t₁ t₂ t₃ d e u : ℝ²} {T B₁ B₂ B₃ Bd Be Bu : Finset ℝ²} (htriple : U5DangerousTriple D q p T) (ht₁ : t₁ ∈ T) (ht₂ : t₂ ∈ T) (ht₃ : t₃ ∈ T) (hu_mem : u ∈ (D.skeleton q).erase p) (K₁ : U5QCriticalTripleClass D q t₁ B₁) (K₂ : U5QDeletedK4Class D q t₂ B₂) (K₃ : U5QCriticalTripleClass D q t₃ B₃) (Kd : U5QDeletedK4Class D q d Bd) (Ke : U5QCriticalTripleClass D q e Be) (Ku : U5QDeletedK4Class D q u Bu) (hpB₁ : p ∈ B₁) (ht₂B₁ : t₂ ∈ B₁) (huB₁ : u ∈ B₁) (hpB₂ : p ∈ B₂) (huB₂ : u ∈ B₂) (ht₂B₃ : t₂ ∈ B₃) (ht₂Bd : t₂ ∈ Bd) (ht₃Bd : t₃ ∈ Bd) (huBd : u ∈ Bd) (heBd : e ∈ Bd) (hpBe : p ∈ Be) (ht₃Be : t₃ ∈ Be) (hdBe : d ∈ Be) (ht₁Bu : t₁ ∈ Bu) (ht₃Bu : t₃ ∈ Bu) (hdBu : d ∈ Bu) (heBu : e ∈ Bu) : False
Problem97.U5QCriticalTripleClass.qcritical_exact_selected_right_qcritical_aux_exact_selected_qcritical_incompatibility	theorem U5QCriticalTripleClass.qcritical_exact_selected_right_qcritical_aux_exact_selected_qcritical_incompatibility {D : CounterexampleData} {q p t₁ t₂ t₃ e u : ℝ²} {T B₁ B₂ B₃ Be Bu : Finset ℝ²} (htriple : U5DangerousTriple D q p T) (ht₁ : t₁ ∈ T) (ht₂ : t₂ ∈ T) (ht₃ : t₃ ∈ T) (hu_mem : u ∈ (D.skeleton q).erase p) (K₁ : U5QCriticalTripleClass D q t₁ B₁) (K₂ : U5QDeletedK4Class D q t₂ B₂) (K₃ : U5QCriticalTripleClass D q t₃ B₃) (Ke : U5QCriticalTripleClass D q e Be) (Ku : U5QDeletedK4Class D q u Bu) (hpB₁ : p ∈ B₁) (ht₂B₁ : t₂ ∈ B₁) (huB₁ : u ∈ B₁) (hpB₂ : p ∈ B₂) (huB₂ : u ∈ B₂) (ht₂B₃ : t₂ ∈ B₃) (ht₃Be : t₃ ∈ Be) (huBe : u ∈ Be) (ht₁Bu : t₁ ∈ Bu) (ht₃Bu : t₃ ∈ Bu) : False
Problem97.U5QCriticalTripleClass.qcritical_exact_selected_right_qcritical_aux_selected_qcritical_incompatibility	theorem U5QCriticalTripleClass.qcritical_exact_selected_right_qcritical_aux_selected_qcritical_incompatibility {D : CounterexampleData} {q p t₁ t₂ t₃ e u : ℝ²} {T B₁ B₂ B₃ Be Bu : Finset ℝ²} (htriple : U5DangerousTriple D q p T) (ht₁ : t₁ ∈ T) (ht₂ : t₂ ∈ T) (ht₃ : t₃ ∈ T) (hu_mem : u ∈ (D.skeleton q).erase p) (K₁ : U5QCriticalTripleClass D q t₁ B₁) (K₂ : U5QDeletedK4Class D q t₂ B₂) (K₃ : U5QCriticalTripleClass D q t₃ B₃) (Ke : U5QCriticalTripleClass D q e Be) (Ku : U5QDeletedK4Class D q u Bu) (hpB₁ : p ∈ B₁) (ht₂B₁ : t₂ ∈ B₁) (huB₁ : u ∈ B₁) (hpB₂ : p ∈ B₂) (huB₂ : u ∈ B₂) (ht₂B₃ : t₂ ∈ B₃) (ht₃Be : t₃ ∈ Be) (huBe : u ∈ Be) (ht₁Bu : t₁ ∈ Bu) (ht₃Bu : t₃ ∈ Bu) : False
Problem97.U5QCriticalTripleClass.qcritical_exact_selected_right_qcritical_collinear_incompatibility	theorem U5QCriticalTripleClass.qcritical_exact_selected_right_qcritical_collinear_incompatibility {D : CounterexampleData} {q p t₁ t₂ t₃ u : ℝ²} {T B₁ B₂ B₃ : Finset ℝ²} (htriple : U5DangerousTriple D q p T) (ht₁ : t₁ ∈ T) (ht₂ : t₂ ∈ T) (hu_mem : u ∈ (D.skeleton q).erase p) (K₁ : U5QCriticalTripleClass D q t₁ B₁) (K₂ : U5QDeletedK4Class D q t₂ B₂) (K₃ : U5QCriticalTripleClass D q t₃ B₃) (hpB₁ : p ∈ B₁) (ht₂B₁ : t₂ ∈ B₁) (huB₁ : u ∈ B₁) (hpB₂ : p ∈ B₂) (huB₂ : u ∈ B₂) (ht₁B₃ : t₁ ∈ B₃) (huB₃ : u ∈ B₃) : False
Problem97.U5QCriticalTripleClass.qcritical_exact_selected_right_qcritical_left_right_selected_incompatibility	theorem U5QCriticalTripleClass.qcritical_exact_selected_right_qcritical_left_right_selected_incompatibility {D : CounterexampleData} {q p t₁ t₂ t₃ d u : ℝ²} {T B₁ B₂ B₃ Bd Bu : Finset ℝ²} (htriple : U5DangerousTriple D q p T) (ht₁ : t₁ ∈ T) (ht₂ : t₂ ∈ T) (ht₃ : t₃ ∈ T) (hu_mem : u ∈ (D.skeleton q).erase p) (K₁ : U5QCriticalTripleClass D q t₁ B₁) (K₂ : U5QDeletedK4Class D q t₂ B₂) (K₃ : U5QCriticalTripleClass D q t₃ B₃) (Kd : U5QCriticalTripleClass D q d Bd) (Ku : U5QDeletedK4Class D q u Bu) (hpB₁ : p ∈ B₁) (ht₂B₁ : t₂ ∈ B₁) (huB₁ : u ∈ B₁) (hpB₂ : p ∈ B₂) (huB₂ : u ∈ B₂) (hdB₂ : d ∈ B₂) (ht₂B₃ : t₂ ∈ B₃) (hpBd : p ∈ Bd) (ht₃Bd : t₃ ∈ Bd) (ht₁Bu : t₁ ∈ Bu) (ht₃Bu : t₃ ∈ Bu) (hdBu : d ∈ Bu) : False
Problem97.U5QCriticalTripleClass.qcritical_exact_selected_right_qcritical_mid_incompatibility	theorem U5QCriticalTripleClass.qcritical_exact_selected_right_qcritical_mid_incompatibility {D : CounterexampleData} {q p t₁ t₂ t₃ u : ℝ²} {T B₁ B₂ B₃ Bu : Finset ℝ²} (htriple : U5DangerousTriple D q p T) (ht₁ : t₁ ∈ T) (ht₂ : t₂ ∈ T) (ht₃ : t₃ ∈ T) (hu_mem : u ∈ (D.skeleton q).erase p) (K₁ : U5QCriticalTripleClass D q t₁ B₁) (K₂ : U5QDeletedK4Class D q t₂ B₂) (K₃ : U5QCriticalTripleClass D q t₃ B₃) (Ku : U5QDeletedK4Class D q u Bu) (hpB₁ : p ∈ B₁) (ht₂B₁ : t₂ ∈ B₁) (huB₁ : u ∈ B₁) (hpB₂ : p ∈ B₂) (huB₂ : u ∈ B₂) (ht₁B₃ : t₁ ∈ B₃) (ht₂Bu : t₂ ∈ Bu) (ht₃Bu : t₃ ∈ Bu) : False
Problem97.U5QCriticalTripleClass.qcritical_exact_selected_right_qcritical_selected_aux_qcritical_incompatibility	theorem U5QCriticalTripleClass.qcritical_exact_selected_right_qcritical_selected_aux_qcritical_incompatibility {D : CounterexampleData} {q p t₁ t₂ t₃ e u : ℝ²} {T B₁ B₂ B₃ Be Bu : Finset ℝ²} (htriple : U5DangerousTriple D q p T) (ht₁ : t₁ ∈ T) (ht₂ : t₂ ∈ T) (ht₃ : t₃ ∈ T) (hu_mem : u ∈ (D.skeleton q).erase p) (K₁ : U5QCriticalTripleClass D q t₁ B₁) (K₂ : U5QDeletedK4Class D q t₂ B₂) (K₃ : U5QCriticalTripleClass D q t₃ B₃) (Ke : U5QCriticalTripleClass D q e Be) (Ku : U5QDeletedK4Class D q u Bu) (hpB₁ : p ∈ B₁) (ht₂B₁ : t₂ ∈ B₁) (huB₁ : u ∈ B₁) (hpB₂ : p ∈ B₂) (huB₂ : u ∈ B₂) (huB₃ : u ∈ B₃) (heB₃ : e ∈ B₃) (hpBe : p ∈ Be) (ht₃Be : t₃ ∈ Be) (_ht₁Bu : t₁ ∈ Bu) (ht₂Bu : t₂ ∈ Bu) (heBu : e ∈ Bu) : False
Problem97.U5QCriticalTripleClass.qcritical_exact_selected_right_qcritical_selected_radius_incompatibility	theorem U5QCriticalTripleClass.qcritical_exact_selected_right_qcritical_selected_radius_incompatibility {D : CounterexampleData} {q p t₁ t₂ t₃ u : ℝ²} {T B₁ B₂ B₃ Bu : Finset ℝ²} (htriple : U5DangerousTriple D q p T) (ht₁ : t₁ ∈ T) (ht₂ : t₂ ∈ T) (ht₃ : t₃ ∈ T) (hu_mem : u ∈ (D.skeleton q).erase p) (K₁ : U5QCriticalTripleClass D q t₁ B₁) (K₂ : U5QDeletedK4Class D q t₂ B₂) (K₃ : U5QCriticalTripleClass D q t₃ B₃) (Ku : U5QDeletedK4Class D q u Bu) (hpB₁ : p ∈ B₁) (ht₂B₁ : t₂ ∈ B₁) (huB₁ : u ∈ B₁) (hpB₂ : p ∈ B₂) (huB₂ : u ∈ B₂) (ht₂B₃ : t₂ ∈ B₃) (hpBu : p ∈ Bu) (ht₃Bu : t₃ ∈ Bu) : False
Problem97.U5QCriticalTripleClass.qcritical_exact_selected_selected_exact_aux_exact_incompatibility	theorem U5QCriticalTripleClass.qcritical_exact_selected_selected_exact_aux_exact_incompatibility {D : CounterexampleData} {q p t₁ t₂ t₃ u d : ℝ²} {T B₁ Bu Bd : Finset ℝ²} (htriple : U5DangerousTriple D q p T) (ht₁ : t₁ ∈ T) (ht₂ : t₂ ∈ T) (ht₃ : t₃ ∈ T) (K₁ : U5QCriticalTripleClass D q t₁ B₁) (Ku : U5QDeletedK4Class D q u Bu) (Kd : U5QDeletedK4Class D q d Bd) (hpB₁ : p ∈ B₁) (ht₂B₁ : t₂ ∈ B₁) (huB₁ : u ∈ B₁) (hpBu : p ∈ Bu) (ht₂Bu : t₂ ∈ Bu) (ht₃Bu : t₃ ∈ Bu) (hdBu : d ∈ Bu) (hpBd : p ∈ Bd) (ht₃Bd : t₃ ∈ Bd) (huBd : u ∈ Bd) : False
Problem97.U5QCriticalTripleClass.qcritical_exact_selected_selected_exact_aux_exact_tail_qcritical_incompatibility	theorem U5QCriticalTripleClass.qcritical_exact_selected_selected_exact_aux_exact_tail_qcritical_incompatibility {D : CounterexampleData} {q p t₁ t₂ t₃ u d e : ℝ²} {T B₁ B₂ B₃ Bu Bd Be : Finset ℝ²} (htriple : U5DangerousTriple D q p T) (ht₁ : t₁ ∈ T) (ht₂ : t₂ ∈ T) (ht₃ : t₃ ∈ T) (K₁ : U5QCriticalTripleClass D q t₁ B₁) (K₂ : U5QDeletedK4Class D q t₂ B₂) (K₃ : U5QDeletedK4Class D q t₃ B₃) (Ku : U5QDeletedK4Class D q u Bu) (Kd : U5QDeletedK4Class D q d Bd) (Ke : U5QCriticalTripleClass D q e Be) (hpB₁ : p ∈ B₁) (ht₂B₁ : t₂ ∈ B₁) (hpB₂ : p ∈ B₂) (heB₂ : e ∈ B₂) (ht₁B₃ : t₁ ∈ B₃) (ht₂B₃ : t₂ ∈ B₃) (hdB₃ : d ∈ B₃) (hdBu : d ∈ Bu) (heBu : e ∈ Bu) (hpBd : p ∈ Bd) (ht₁Bd : t₁ ∈ Bd) (ht₃Bd : t₃ ∈ Bd) (huBd : u ∈ Bd) (ht₃Be : t₃ ∈ Be) (huBe : u ∈ Be) (hdBe : d ∈ Be) : False
Problem97.U5QCriticalTripleClass.qcritical_exact_selected_aux_left_tail_exact_tail_qcritical_incompatibility	theorem U5QCriticalTripleClass.qcritical_exact_selected_aux_left_tail_exact_tail_qcritical_incompatibility {D : CounterexampleData} {q p t₁ t₂ t₃ d e : ℝ²} {T B₁ B₂ B₃ Bd Be : Finset ℝ²} (htriple : U5DangerousTriple D q p T) (ht₁ : t₁ ∈ T) (ht₂ : t₂ ∈ T) (ht₃ : t₃ ∈ T) (K₁ : U5QCriticalTripleClass D q t₁ B₁) (K₂ : U5QDeletedK4Class D q t₂ B₂) (K₃ : U5QDeletedK4Class D q t₃ B₃) (Kd : U5QDeletedK4Class D q d Bd) (Ke : U5QCriticalTripleClass D q e Be) (hpB₁ : p ∈ B₁) (ht₂B₁ : t₂ ∈ B₁) (hpB₂ : p ∈ B₂) (hdB₂ : d ∈ B₂) (heB₂ : e ∈ B₂) (ht₁B₃ : t₁ ∈ B₃) (ht₂B₃ : t₂ ∈ B₃) (hdB₃ : d ∈ B₃) (ht₁Bd : t₁ ∈ Bd) (ht₃Bd : t₃ ∈ Bd) (heBd : e ∈ Bd) (ht₃Be : t₃ ∈ Be) (hdBe : d ∈ Be) : False
Problem97.U5QCriticalTripleClass.qcritical_exact_selected_selected_exact_aux_qcritical_incompatibility	theorem U5QCriticalTripleClass.qcritical_exact_selected_selected_exact_aux_qcritical_incompatibility {D : CounterexampleData} {q p t₁ t₂ t₃ u d : ℝ²} {T B₁ B₂ B₃ Bu Bd : Finset ℝ²} (htriple : U5DangerousTriple D q p T) (ht₁ : t₁ ∈ T) (ht₂ : t₂ ∈ T) (ht₃ : t₃ ∈ T) (K₁ : U5QCriticalTripleClass D q t₁ B₁) (K₂ : U5QDeletedK4Class D q t₂ B₂) (K₃ : U5QDeletedK4Class D q t₃ B₃) (Ku : U5QDeletedK4Class D q u Bu) (Kd : U5QCriticalTripleClass D q d Bd) (hpB₁ : p ∈ B₁) (ht₂B₁ : t₂ ∈ B₁) (hpB₂ : p ∈ B₂) (hdB₂ : d ∈ B₂) (ht₂B₃ : t₂ ∈ B₃) (huB₃ : u ∈ B₃) (hdB₃ : d ∈ B₃) (hpBu : p ∈ Bu) (ht₂Bu : t₂ ∈ Bu) (ht₃Bu : t₃ ∈ Bu) (hdBu : d ∈ Bu) (ht₁Bd : t₁ ∈ Bd) (huBd : u ∈ Bd) : False
Problem97.U5QCriticalTripleClass.qcritical_exact_selected_selected_exact_aux_right_tail_qcritical_incompatibility	theorem U5QCriticalTripleClass.qcritical_exact_selected_selected_exact_aux_right_tail_qcritical_incompatibility {D : CounterexampleData} {q p t₁ t₂ t₃ u d e : ℝ²} {T B₁ B₂ B₃ Bu Bd Be : Finset ℝ²} (htriple : U5DangerousTriple D q p T) (ht₁ : t₁ ∈ T) (ht₂ : t₂ ∈ T) (ht₃ : t₃ ∈ T) (K₁ : U5QCriticalTripleClass D q t₁ B₁) (K₂ : U5QDeletedK4Class D q t₂ B₂) (K₃ : U5QDeletedK4Class D q t₃ B₃) (Ku : U5QDeletedK4Class D q u Bu) (Kd : U5QDeletedK4Class D q d Bd) (Ke : U5QCriticalTripleClass D q e Be) (hpB₁ : p ∈ B₁) (ht₂B₁ : t₂ ∈ B₁) (hpB₂ : p ∈ B₂) (hdB₂ : d ∈ B₂) (heB₂ : e ∈ B₂) (ht₂B₃ : t₂ ∈ B₃) (huB₃ : u ∈ B₃) (hdB₃ : d ∈ B₃) (heB₃ : e ∈ B₃) (hpBu : p ∈ Bu) (ht₂Bu : t₂ ∈ Bu) (ht₃Bu : t₃ ∈ Bu) (hdBu : d ∈ Bu) (ht₁Bd : t₁ ∈ Bd) (ht₃Bd : t₃ ∈ Bd) (heBd : e ∈ Bd) (huBe : u ∈ Be) (hdBe : d ∈ Be) : False
Problem97.U5QCriticalTripleClass.qcritical_exact_selected_selected_exact_aux_tail_exact_tail_qcritical_incompatibility	theorem U5QCriticalTripleClass.qcritical_exact_selected_selected_exact_aux_tail_exact_tail_qcritical_incompatibility {D : CounterexampleData} {q p t₁ t₂ t₃ u d e : ℝ²} {T B₁ B₂ B₃ Bu Bd Be : Finset ℝ²} (htriple : U5DangerousTriple D q p T) (ht₁ : t₁ ∈ T) (ht₂ : t₂ ∈ T) (ht₃ : t₃ ∈ T) (K₁ : U5QCriticalTripleClass D q t₁ B₁) (K₂ : U5QDeletedK4Class D q t₂ B₂) (K₃ : U5QDeletedK4Class D q t₃ B₃) (Ku : U5QDeletedK4Class D q u Bu) (Kd : U5QDeletedK4Class D q d Bd) (Ke : U5QCriticalTripleClass D q e Be) (hpB₁ : p ∈ B₁) (ht₂B₁ : t₂ ∈ B₁) (hpB₂ : p ∈ B₂) (hdB₂ : d ∈ B₂) (heB₂ : e ∈ B₂) (ht₁B₃ : t₁ ∈ B₃) (ht₂B₃ : t₂ ∈ B₃) (hdB₃ : d ∈ B₃) (hdBu : d ∈ Bu) (heBu : e ∈ Bu) (hpBd : p ∈ Bd) (ht₃Bd : t₃ ∈ Bd) (huBd : u ∈ Bd) (ht₃Be : t₃ ∈ Be) (huBe : u ∈ Be) (hdBe : d ∈ Be) : False
Problem97.U5QCriticalTripleClass.qcritical_exact_selected_selected_exact_right_exact_pair_incompatibility	theorem U5QCriticalTripleClass.qcritical_exact_selected_selected_exact_right_exact_pair_incompatibility {D : CounterexampleData} {q p t₁ t₂ t₃ u : ℝ²} {T B₁ B₃ Bu : Finset ℝ²} (htriple : U5DangerousTriple D q p T) (ht₁ : t₁ ∈ T) (ht₂ : t₂ ∈ T) (ht₃ : t₃ ∈ T) (K₁ : U5QCriticalTripleClass D q t₁ B₁) (K₃ : U5QDeletedK4Class D q t₃ B₃) (Ku : U5QDeletedK4Class D q u Bu) (hpB₁ : p ∈ B₁) (ht₂B₁ : t₂ ∈ B₁) (huB₁ : u ∈ B₁) (hpBu : p ∈ Bu) (ht₂Bu : t₂ ∈ Bu) (ht₃Bu : t₃ ∈ Bu) (ht₁B₃ : t₁ ∈ B₃) (ht₂B₃ : t₂ ∈ B₃) : False
Problem97.U5QCriticalTripleClass.qcritical_exact_selected_selected_exact_right_mid_incompatibility	theorem U5QCriticalTripleClass.qcritical_exact_selected_selected_exact_right_mid_incompatibility {D : CounterexampleData} {q p t₁ t₂ t₃ u : ℝ²} {T B₁ B₃ Bu : Finset ℝ²} (htriple : U5DangerousTriple D q p T) (ht₁ : t₁ ∈ T) (ht₂ : t₂ ∈ T) (ht₃ : t₃ ∈ T) (K₁ : U5QCriticalTripleClass D q t₁ B₁) (K₃ : U5QCriticalTripleClass D q t₃ B₃) (Ku : U5QDeletedK4Class D q u Bu) (hpB₁ : p ∈ B₁) (ht₂B₁ : t₂ ∈ B₁) (huB₁ : u ∈ B₁) (ht₂B₃ : t₂ ∈ B₃) (hpBu : p ∈ Bu) (ht₂Bu : t₂ ∈ Bu) (ht₃Bu : t₃ ∈ Bu) : False
Problem97.U5QCriticalTripleClass.qcritical_exact_selected_selected_exact_right_qcritical_incompatibility	theorem U5QCriticalTripleClass.qcritical_exact_selected_selected_exact_right_qcritical_incompatibility {D : CounterexampleData} {q p t₁ t₂ t₃ u : ℝ²} {T B₁ B₃ Bu : Finset ℝ²} (htriple : U5DangerousTriple D q p T) (ht₁ : t₁ ∈ T) (ht₂ : t₂ ∈ T) (K₁ : U5QCriticalTripleClass D q t₁ B₁) (Ku : U5QDeletedK4Class D q u Bu) (K₃ : U5QCriticalTripleClass D q t₃ B₃) (hpB₁ : p ∈ B₁) (ht₂B₁ : t₂ ∈ B₁) (huB₁ : u ∈ B₁) (hpBu : p ∈ Bu) (ht₂Bu : t₂ ∈ Bu) (ht₃Bu : t₃ ∈ Bu) (ht₁B₃ : t₁ ∈ B₃) (huB₃ : u ∈ B₃) : False
Problem97.U5QCriticalTripleClass.qcritical_exact_selected_selected_exact_right_qcritical_mid_right_incompatibility	theorem U5QCriticalTripleClass.qcritical_exact_selected_selected_exact_right_qcritical_mid_right_incompatibility {D : CounterexampleData} {q p t₁ t₂ t₃ u : ℝ²} {T B₁ B₃ Bu : Finset ℝ²} (htriple : U5DangerousTriple D q p T) (ht₁ : t₁ ∈ T) (ht₂ : t₂ ∈ T) (ht₃ : t₃ ∈ T) (K₁ : U5QCriticalTripleClass D q t₁ B₁) (K₃ : U5QCriticalTripleClass D q t₃ B₃) (Ku : U5QDeletedK4Class D q u Bu) (hpB₁ : p ∈ B₁) (ht₂B₁ : t₂ ∈ B₁) (huB₁ : u ∈ B₁) (ht₁B₃ : t₁ ∈ B₃) (huB₃ : u ∈ B₃) (ht₂Bu : t₂ ∈ Bu) (ht₃Bu : t₃ ∈ Bu) : False
Problem97.U5QCriticalTripleClass.qcritical_exact_selected_selected_exact_right_qcritical_tail_exact_incompatibility	theorem U5QCriticalTripleClass.qcritical_exact_selected_selected_exact_right_qcritical_tail_exact_incompatibility {D : CounterexampleData} {q p t₁ t₂ t₃ u e : ℝ²} {T B₁ B₃ Bu Be : Finset ℝ²} (htriple : U5DangerousTriple D q p T) (ht₁ : t₁ ∈ T) (ht₂ : t₂ ∈ T) (ht₃ : t₃ ∈ T) (K₁ : U5QCriticalTripleClass D q t₁ B₁) (Ku : U5QDeletedK4Class D q u Bu) (K₃ : U5QCriticalTripleClass D q t₃ B₃) (Ke : U5QDeletedK4Class D q e Be) (hpB₁ : p ∈ B₁) (ht₂B₁ : t₂ ∈ B₁) (huB₁ : u ∈ B₁) (hpBu : p ∈ Bu) (ht₂Bu : t₂ ∈ Bu) (ht₃Bu : t₃ ∈ Bu) (huB₃ : u ∈ B₃) (heB₃ : e ∈ B₃) (hpBe : p ∈ Be) (ht₃Be : t₃ ∈ Be) (huBe : u ∈ Be) : False
Problem97.U5QCriticalTripleClass.qcritical_exact_selected_selected_exact_tail_pair_incompatibility	theorem U5QCriticalTripleClass.qcritical_exact_selected_selected_exact_tail_pair_incompatibility {D : CounterexampleData} {q p t₂ t₃ u e : ℝ²} {T B₂ B₃ Bu Be : Finset ℝ²} (htriple : U5DangerousTriple D q p T) (ht₂ : t₂ ∈ T) (ht₃ : t₃ ∈ T) (K₂ : U5QDeletedK4Class D q t₂ B₂) (K₃ : U5QDeletedK4Class D q t₃ B₃) (Ku : U5QDeletedK4Class D q u Bu) (Ke : U5QDeletedK4Class D q e Be) (hpB₂ : p ∈ B₂) (heB₂ : e ∈ B₂) (ht₂B₃ : t₂ ∈ B₃) (huB₃ : u ∈ B₃) (heB₃ : e ∈ B₃) (hpBu : p ∈ Bu) (ht₂Bu : t₂ ∈ Bu) (ht₃Bu : t₃ ∈ Bu) (hpBe : p ∈ Be) (ht₃Be : t₃ ∈ Be) : False
Problem97.U5QCriticalTripleClass.qcritical_exact_selected_selected_exact_tail_qcritical_incompatibility	theorem U5QCriticalTripleClass.qcritical_exact_selected_selected_exact_tail_qcritical_incompatibility {D : CounterexampleData} {q p t₁ t₂ t₃ u e : ℝ²} {T B₁ B₂ B₃ Bu Be : Finset ℝ²} (htriple : U5DangerousTriple D q p T) (ht₁ : t₁ ∈ T) (ht₂ : t₂ ∈ T) (ht₃ : t₃ ∈ T) (K₁ : U5QCriticalTripleClass D q t₁ B₁) (K₂ : U5QDeletedK4Class D q t₂ B₂) (K₃ : U5QDeletedK4Class D q t₃ B₃) (Ku : U5QDeletedK4Class D q u Bu) (Ke : U5QCriticalTripleClass D q e Be) (hpB₁ : p ∈ B₁) (ht₂B₁ : t₂ ∈ B₁) (hpB₂ : p ∈ B₂) (heB₂ : e ∈ B₂) (ht₂B₃ : t₂ ∈ B₃) (huB₃ : u ∈ B₃) (hpBu : p ∈ Bu) (ht₂Bu : t₂ ∈ Bu) (ht₃Bu : t₃ ∈ Bu) (ht₁Be : t₁ ∈ Be) (huBe : u ∈ Be) : False
Problem97.U5QCriticalTripleClass.qcritical_exact_selected_selected_mid_right_radius_incompatibility	theorem U5QCriticalTripleClass.qcritical_exact_selected_selected_mid_right_radius_incompatibility {D : CounterexampleData} {q p t₁ t₂ t₃ u : ℝ²} {T B₁ B₂ B₃ Bu : Finset ℝ²} (htriple : U5DangerousTriple D q p T) (ht₁ : t₁ ∈ T) (ht₂ : t₂ ∈ T) (ht₃ : t₃ ∈ T) (ht₁_ne_t₃ : t₁ ≠ t₃) (hu_mem : u ∈ (D.skeleton q).erase p) (K₁ : U5QCriticalTripleClass D q t₁ B₁) (K₂ : U5QDeletedK4Class D q t₂ B₂) (K₃ : U5QCriticalTripleClass D q t₃ B₃) (Ku : U5QDeletedK4Class D q u Bu) (hpB₁ : p ∈ B₁) (ht₂B₁ : t₂ ∈ B₁) (huB₁ : u ∈ B₁) (hpB₂ : p ∈ B₂) (huB₂ : u ∈ B₂) (huB₃ : u ∈ B₃) (ht₂Bu : t₂ ∈ Bu) (ht₃Bu : t₃ ∈ Bu) : False
Problem97.U5QCriticalTripleClass.qcritical_exact_selected_selected_qcritical_aux_exact_incompatibility	theorem U5QCriticalTripleClass.qcritical_exact_selected_selected_qcritical_aux_exact_incompatibility {D : CounterexampleData} {q p t₁ t₂ t₃ u d : ℝ²} {T B₁ Bu Bd : Finset ℝ²} (htriple : U5DangerousTriple D q p T) (ht₁ : t₁ ∈ T) (ht₂ : t₂ ∈ T) (ht₃ : t₃ ∈ T) (K₁ : U5QCriticalTripleClass D q t₁ B₁) (Ku : U5QCriticalTripleClass D q u Bu) (Kd : U5QDeletedK4Class D q d Bd) (hpB₁ : p ∈ B₁) (ht₂B₁ : t₂ ∈ B₁) (huB₁ : u ∈ B₁) (hpBu : p ∈ Bu) (ht₃Bu : t₃ ∈ Bu) (hdBu : d ∈ Bu) (hpBd : p ∈ Bd) (ht₃Bd : t₃ ∈ Bd) (huBd : u ∈ Bd) : False
Problem97.U5QCriticalTripleClass.qcritical_exact_selected_selected_qcritical_aux_qcritical_right_exact_incompatibility	theorem U5QCriticalTripleClass.qcritical_exact_selected_selected_qcritical_aux_qcritical_right_exact_incompatibility {D : CounterexampleData} {q p t₁ t₂ t₃ u d : ℝ²} {T B₁ B₂ B₃ Bu Bd : Finset ℝ²} (htriple : U5DangerousTriple D q p T) (ht₁ : t₁ ∈ T) (ht₂ : t₂ ∈ T) (ht₃ : t₃ ∈ T) (K₁ : U5QCriticalTripleClass D q t₁ B₁) (K₂ : U5QDeletedK4Class D q t₂ B₂) (K₃ : U5QDeletedK4Class D q t₃ B₃) (Ku : U5QCriticalTripleClass D q u Bu) (Kd : U5QCriticalTripleClass D q d Bd) (hpB₁ : p ∈ B₁) (ht₂B₁ : t₂ ∈ B₁) (huB₁ : u ∈ B₁) (hpBu : p ∈ Bu) (ht₃Bu : t₃ ∈ Bu) (hpB₂ : p ∈ B₂) (hdB₂ : d ∈ B₂) (huB₃ : u ∈ B₃) (hdB₃ : d ∈ B₃) (ht₁Bd : t₁ ∈ Bd) : False
Problem97.U5QCriticalTripleClass.qcritical_exact_selected_selected_qcritical_aux_qcritical_tail_exact_incompatibility	theorem U5QCriticalTripleClass.qcritical_exact_selected_selected_qcritical_aux_qcritical_tail_exact_incompatibility {D : CounterexampleData} {q p t₁ t₂ t₃ u d e : ℝ²} {T B₁ B₂ B₃ Bu Be : Finset ℝ²} (htriple : U5DangerousTriple D q p T) (ht₁ : t₁ ∈ T) (ht₂ : t₂ ∈ T) (ht₃ : t₃ ∈ T) (K₁ : U5QCriticalTripleClass D q t₁ B₁) (K₂ : U5QDeletedK4Class D q t₂ B₂) (K₃ : U5QDeletedK4Class D q t₃ B₃) (Ku : U5QCriticalTripleClass D q u Bu) (Ke : U5QDeletedK4Class D q e Be) (hpB₁ : p ∈ B₁) (ht₂B₁ : t₂ ∈ B₁) (huB₁ : u ∈ B₁) (hpB₂ : p ∈ B₂) (hdB₂ : d ∈ B₂) (heB₂ : e ∈ B₂) (ht₂B₃ : t₂ ∈ B₃) (huB₃ : u ∈ B₃) (hdB₃ : d ∈ B₃) (heB₃ : e ∈ B₃) (hpBu : p ∈ Bu) (ht₃Bu : t₃ ∈ Bu) (hdBu : d ∈ Bu) (hpBe : p ∈ Be) (ht₃Be : t₃ ∈ Be) : False
Problem97.U5QCriticalTripleClass.qcritical_exact_selected_selected_qcritical_aux_radius_incompatibility	theorem U5QCriticalTripleClass.qcritical_exact_selected_selected_qcritical_aux_radius_incompatibility {D : CounterexampleData} {q p t₁ t₂ u d : ℝ²} {T B₁ B₂ Bu Bd : Finset ℝ²} (htriple : U5DangerousTriple D q p T) (ht₁ : t₁ ∈ T) (ht₂ : t₂ ∈ T) (K₁ : U5QCriticalTripleClass D q t₁ B₁) (K₂ : U5QDeletedK4Class D q t₂ B₂) (Ku : U5QCriticalTripleClass D q u Bu) (Kd : U5QDeletedK4Class D q d Bd) (hpB₁ : p ∈ B₁) (ht₂B₁ : t₂ ∈ B₁) (huB₁ : u ∈ B₁) (hpBu : p ∈ Bu) (hdBu : d ∈ Bu) (hpB₂ : p ∈ B₂) (hdB₂ : d ∈ B₂) (ht₂Bd : t₂ ∈ Bd) (huBd : u ∈ Bd) : False
Problem97.U5QCriticalTripleClass.qcritical_exact_selected_selected_qcritical_aux_radius_chain_incompatibility	theorem U5QCriticalTripleClass.qcritical_exact_selected_selected_qcritical_aux_radius_chain_incompatibility {D : CounterexampleData} {q p t₁ t₂ u d e : ℝ²} {T B₁ B₂ Bu Bd Be : Finset ℝ²} (htriple : U5DangerousTriple D q p T) (ht₁ : t₁ ∈ T) (ht₂ : t₂ ∈ T) (K₁ : U5QCriticalTripleClass D q t₁ B₁) (K₂ : U5QDeletedK4Class D q t₂ B₂) (Ku : U5QCriticalTripleClass D q u Bu) (Kd : U5QDeletedK4Class D q d Bd) (Ke : U5QDeletedK4Class D q e Be) (hpB₁ : p ∈ B₁) (ht₂B₁ : t₂ ∈ B₁) (huB₁ : u ∈ B₁) (hpBu : p ∈ Bu) (hdBu : d ∈ Bu) (hpB₂ : p ∈ B₂) (heB₂ : e ∈ B₂) (huBd : u ∈ Bd) (heBd : e ∈ Bd) (hdBe : d ∈ Be) (ht₂Be : t₂ ∈ Be) : False
Problem97.U5QCriticalTripleClass.qcritical_exact_selected_selected_qcritical_mid_aux_qcritical_incompatibility	theorem U5QCriticalTripleClass.qcritical_exact_selected_selected_qcritical_mid_aux_qcritical_incompatibility {D : CounterexampleData} {q p t₁ t₂ u d : ℝ²} {T B₁ B₂ Bu Bd : Finset ℝ²} (htriple : U5DangerousTriple D q p T) (ht₁ : t₁ ∈ T) (ht₂ : t₂ ∈ T) (K₁ : U5QCriticalTripleClass D q t₁ B₁) (K₂ : U5QDeletedK4Class D q t₂ B₂) (Ku : U5QCriticalTripleClass D q u Bu) (Kd : U5QCriticalTripleClass D q d Bd) (hpB₁ : p ∈ B₁) (ht₂B₁ : t₂ ∈ B₁) (huB₁ : u ∈ B₁) (ht₂Bu : t₂ ∈ Bu) (hdBu : d ∈ Bu) (hpB₂ : p ∈ B₂) (hdB₂ : d ∈ B₂) (ht₁Bd : t₁ ∈ Bd) : False
Problem97.U5QCriticalTripleClass.qcritical_exact_selected_selected_qcritical_mid_aux_right_exact_incompatibility	theorem U5QCriticalTripleClass.qcritical_exact_selected_selected_qcritical_mid_aux_right_exact_incompatibility {D : CounterexampleData} {q p t₁ t₂ t₃ u d : ℝ²} {T B₁ B₃ Bu Bd : Finset ℝ²} (htriple : U5DangerousTriple D q p T) (ht₁ : t₁ ∈ T) (ht₂ : t₂ ∈ T) (ht₃ : t₃ ∈ T) (K₁ : U5QCriticalTripleClass D q t₁ B₁) (K₃ : U5QDeletedK4Class D q t₃ B₃) (Ku : U5QCriticalTripleClass D q u Bu) (Kd : U5QDeletedK4Class D q d Bd) (hpB₁ : p ∈ B₁) (ht₂B₁ : t₂ ∈ B₁) (huB₁ : u ∈ B₁) (ht₂Bu : t₂ ∈ Bu) (hdBu : d ∈ Bu) (hpBd : p ∈ Bd) (ht₃Bd : t₃ ∈ Bd) (huBd : u ∈ Bd) (ht₁B₃ : t₁ ∈ B₃) (ht₂B₃ : t₂ ∈ B₃) (huB₃ : u ∈ B₃) (hdB₃ : d ∈ B₃) : False
Problem97.U5QCriticalTripleClass.qcritical_exact_selected_selected_qcritical_mid_aux_right_exact_aux_exact_incompatibility	theorem U5QCriticalTripleClass.qcritical_exact_selected_selected_qcritical_mid_aux_right_exact_aux_exact_incompatibility {D : CounterexampleData} {q p t₁ t₂ t₃ u d : ℝ²} {T B₁ B₃ Bu Bd : Finset ℝ²} (htriple : U5DangerousTriple D q p T) (ht₁ : t₁ ∈ T) (ht₂ : t₂ ∈ T) (ht₃ : t₃ ∈ T) (K₁ : U5QCriticalTripleClass D q t₁ B₁) (K₃ : U5QDeletedK4Class D q t₃ B₃) (Ku : U5QCriticalTripleClass D q u Bu) (Kd : U5QDeletedK4Class D q d Bd) (hpB₁ : p ∈ B₁) (ht₂B₁ : t₂ ∈ B₁) (huB₁ : u ∈ B₁) (ht₂Bu : t₂ ∈ Bu) (hdBu : d ∈ Bu) (ht₁B₃ : t₁ ∈ B₃) (ht₂B₃ : t₂ ∈ B₃) (huB₃ : u ∈ B₃) (hdB₃ : d ∈ B₃) (ht₃Bd : t₃ ∈ Bd) (huBd : u ∈ Bd) : False
Problem97.U5QCriticalTripleClass.qcritical_exact_selected_selected_qcritical_mid_aux_right_exact_aux_qcritical_incompatibility	theorem U5QCriticalTripleClass.qcritical_exact_selected_selected_qcritical_mid_aux_right_exact_aux_qcritical_incompatibility {D : CounterexampleData} {q p t₁ t₂ t₃ u d : ℝ²} {T B₁ B₃ Bu Bd : Finset ℝ²} (htriple : U5DangerousTriple D q p T) (ht₁ : t₁ ∈ T) (ht₂ : t₂ ∈ T) (ht₃ : t₃ ∈ T) (K₁ : U5QCriticalTripleClass D q t₁ B₁) (K₃ : U5QDeletedK4Class D q t₃ B₃) (Ku : U5QCriticalTripleClass D q u Bu) (Kd : U5QCriticalTripleClass D q d Bd) (hpB₁ : p ∈ B₁) (ht₂B₁ : t₂ ∈ B₁) (huB₁ : u ∈ B₁) (ht₂Bu : t₂ ∈ Bu) (hdBu : d ∈ Bu) (ht₁B₃ : t₁ ∈ B₃) (ht₂B₃ : t₂ ∈ B₃) (huB₃ : u ∈ B₃) (hdB₃ : d ∈ B₃) (ht₃Bd : t₃ ∈ Bd) (huBd : u ∈ Bd) : False
Problem97.U5QCriticalTripleClass.qcritical_exact_selected_selected_qcritical_right_aux_qcritical_radius_incompatibility	theorem U5QCriticalTripleClass.qcritical_exact_selected_selected_qcritical_right_aux_qcritical_radius_incompatibility {D : CounterexampleData} {q p t₁ t₂ t₃ u d : ℝ²} {T B₁ B₂ B₃ Bu Bd : Finset ℝ²} (htriple : U5DangerousTriple D q p T) (ht₁ : t₁ ∈ T) (ht₂ : t₂ ∈ T) (ht₃ : t₃ ∈ T) (K₁ : U5QCriticalTripleClass D q t₁ B₁) (K₂ : U5QDeletedK4Class D q t₂ B₂) (K₃ : U5QDeletedK4Class D q t₃ B₃) (Ku : U5QCriticalTripleClass D q u Bu) (Kd : U5QCriticalTripleClass D q d Bd) (hpB₁ : p ∈ B₁) (ht₂B₁ : t₂ ∈ B₁) (huB₁ : u ∈ B₁) (hpB₂ : p ∈ B₂) (hdB₂ : d ∈ B₂) (ht₃Bu : t₃ ∈ Bu) (hdBu : d ∈ Bu) (huB₃ : u ∈ B₃) (hdB₃ : d ∈ B₃) (ht₁Bd : t₁ ∈ Bd) : False
Problem97.U5QCriticalTripleClass.qcritical_exact_selected_selected_qcritical_right_exact_pair_incompatibility	theorem U5QCriticalTripleClass.qcritical_exact_selected_selected_qcritical_right_exact_pair_incompatibility {D : CounterexampleData} {q p t₁ t₂ t₃ u : ℝ²} {T B₁ B₃ Bu : Finset ℝ²} (htriple : U5DangerousTriple D q p T) (ht₁ : t₁ ∈ T) (ht₂ : t₂ ∈ T) (ht₃ : t₃ ∈ T) (K₁ : U5QCriticalTripleClass D q t₁ B₁) (K₃ : U5QDeletedK4Class D q t₃ B₃) (Ku : U5QCriticalTripleClass D q u Bu) (hpB₁ : p ∈ B₁) (ht₂B₁ : t₂ ∈ B₁) (huB₁ : u ∈ B₁) (hpBu : p ∈ Bu) (ht₃Bu : t₃ ∈ Bu) (ht₁B₃ : t₁ ∈ B₃) (ht₂B₃ : t₂ ∈ B₃) : False
Problem97.U5QCriticalTripleClass.qcritical_exact_selected_selected_qcritical_right_mid_incompatibility	theorem U5QCriticalTripleClass.qcritical_exact_selected_selected_qcritical_right_mid_incompatibility {D : CounterexampleData} {q p t₁ t₂ t₃ u : ℝ²} {T B₁ B₃ Bu : Finset ℝ²} (htriple : U5DangerousTriple D q p T) (ht₁ : t₁ ∈ T) (ht₂ : t₂ ∈ T) (ht₃ : t₃ ∈ T) (K₁ : U5QCriticalTripleClass D q t₁ B₁) (K₃ : U5QCriticalTripleClass D q t₃ B₃) (Ku : U5QCriticalTripleClass D q u Bu) (hpB₁ : p ∈ B₁) (ht₂B₁ : t₂ ∈ B₁) (huB₁ : u ∈ B₁) (ht₂B₃ : t₂ ∈ B₃) (hpBu : p ∈ Bu) (ht₃Bu : t₃ ∈ Bu) : False
Problem97.U5QCriticalTripleClass.qcritical_exact_selected_selected_qcritical_right_mid_aux_exact_incompatibility	theorem U5QCriticalTripleClass.qcritical_exact_selected_selected_qcritical_right_mid_aux_exact_incompatibility {D : CounterexampleData} {q p t₁ t₂ t₃ u d : ℝ²} {T B₁ B₃ Bu Bd : Finset ℝ²} (htriple : U5DangerousTriple D q p T) (ht₁ : t₁ ∈ T) (ht₂ : t₂ ∈ T) (ht₃ : t₃ ∈ T) (K₁ : U5QCriticalTripleClass D q t₁ B₁) (K₃ : U5QCriticalTripleClass D q t₃ B₃) (Ku : U5QCriticalTripleClass D q u Bu) (Kd : U5QDeletedK4Class D q d Bd) (hpB₁ : p ∈ B₁) (ht₂B₁ : t₂ ∈ B₁) (huB₁ : u ∈ B₁) (ht₂B₃ : t₂ ∈ B₃) (hdB₃ : d ∈ B₃) (hpBu : p ∈ Bu) (ht₃Bu : t₃ ∈ Bu) (hdBu : d ∈ Bu) (hpBd : p ∈ Bd) (ht₃Bd : t₃ ∈ Bd) (huBd : u ∈ Bd) : False
Problem97.U5QCriticalTripleClass.qcritical_exact_selected_selected_qcritical_right_qcritical_incompatibility	theorem U5QCriticalTripleClass.qcritical_exact_selected_selected_qcritical_right_qcritical_incompatibility {D : CounterexampleData} {q p t₁ t₂ t₃ u : ℝ²} {T B₁ B₃ Bu : Finset ℝ²} (htriple : U5DangerousTriple D q p T) (ht₁ : t₁ ∈ T) (ht₂ : t₂ ∈ T) (ht₃ : t₃ ∈ T) (hu_mem : u ∈ (D.skeleton q).erase p) (K₁ : U5QCriticalTripleClass D q t₁ B₁) (Ku : U5QCriticalTripleClass D q u Bu) (K₃ : U5QCriticalTripleClass D q t₃ B₃) (hpB₁ : p ∈ B₁) (ht₂B₁ : t₂ ∈ B₁) (huB₁ : u ∈ B₁) (ht₂Bu : t₂ ∈ Bu) (ht₁B₃ : t₁ ∈ B₃) (huB₃ : u ∈ B₃) : False
Problem97.U5QCriticalTripleClass.qcritical_exact_selected_selected_qcritical_right_qcritical_aux_bridge_incompatibility	theorem U5QCriticalTripleClass.qcritical_exact_selected_selected_qcritical_right_qcritical_aux_bridge_incompatibility {D : CounterexampleData} {q p t₁ t₂ t₃ u d : ℝ²} {T B₁ B₃ Bu Bd : Finset ℝ²} (htriple : U5DangerousTriple D q p T) (ht₁ : t₁ ∈ T) (ht₂ : t₂ ∈ T) (ht₃ : t₃ ∈ T) (K₁ : U5QCriticalTripleClass D q t₁ B₁) (K₃ : U5QCriticalTripleClass D q t₃ B₃) (Ku : U5QCriticalTripleClass D q u Bu) (Kd : U5QDeletedK4Class D q d Bd) (hpB₁ : p ∈ B₁) (ht₂B₁ : t₂ ∈ B₁) (huB₁ : u ∈ B₁) (hpBu : p ∈ Bu) (ht₃Bu : t₃ ∈ Bu) (huB₃ : u ∈ B₃) (hdB₃ : d ∈ B₃) (hpBd : p ∈ Bd) (ht₃Bd : t₃ ∈ Bd) (huBd : u ∈ Bd) : False
Problem97.U5QCriticalTripleClass.qcritical_exact_selected_selected_qcritical_right_qcritical_aux_exact_incompatibility	theorem U5QCriticalTripleClass.qcritical_exact_selected_selected_qcritical_right_qcritical_aux_exact_incompatibility {D : CounterexampleData} {q p t₁ t₃ u d : ℝ²} {T B₁ B₃ Bu Bd : Finset ℝ²} (htriple : U5DangerousTriple D q p T) (ht₁ : t₁ ∈ T) (ht₃ : t₃ ∈ T) (K₁ : U5QCriticalTripleClass D q t₁ B₁) (Ku : U5QCriticalTripleClass D q u Bu) (K₃ : U5QCriticalTripleClass D q t₃ B₃) (Kd : U5QDeletedK4Class D q d Bd) (hpB₁ : p ∈ B₁) (huB₁ : u ∈ B₁) (ht₃Bu : t₃ ∈ Bu) (ht₁B₃ : t₁ ∈ B₃) (huB₃ : u ∈ B₃) (hdB₃ : d ∈ B₃) (ht₁Bd : t₁ ∈ Bd) (ht₃Bd : t₃ ∈ Bd) (huBd : u ∈ Bd) : False
Problem97.U5QCriticalTripleClass.qcritical_exact_selected_selected_qcritical_tail_pair_incompatibility	theorem U5QCriticalTripleClass.qcritical_exact_selected_selected_qcritical_tail_pair_incompatibility {D : CounterexampleData} {q p t₁ t₂ t₃ u e : ℝ²} {T B₁ B₂ B₃ Bu Be : Finset ℝ²} (htriple : U5DangerousTriple D q p T) (ht₁ : t₁ ∈ T) (ht₂ : t₂ ∈ T) (ht₃ : t₃ ∈ T) (K₁ : U5QCriticalTripleClass D q t₁ B₁) (K₂ : U5QDeletedK4Class D q t₂ B₂) (K₃ : U5QDeletedK4Class D q t₃ B₃) (Ku : U5QCriticalTripleClass D q u Bu) (Ke : U5QDeletedK4Class D q e Be) (hpB₁ : p ∈ B₁) (ht₂B₁ : t₂ ∈ B₁) (huB₁ : u ∈ B₁) (hpB₂ : p ∈ B₂) (heB₂ : e ∈ B₂) (ht₂B₃ : t₂ ∈ B₃) (huB₃ : u ∈ B₃) (heB₃ : e ∈ B₃) (hpBu : p ∈ Bu) (ht₃Bu : t₃ ∈ Bu) (ht₃Be : t₃ ∈ Be) (huBe : u ∈ Be) : False
Problem97.U5QCriticalTripleClass.qcritical_exact_selected_selected_right_radius_incompatibility	theorem U5QCriticalTripleClass.qcritical_exact_selected_selected_right_radius_incompatibility {D : CounterexampleData} {q p t₁ t₂ t₃ u : ℝ²} {T B₁ B₂ B₃ Bu : Finset ℝ²} (htriple : U5DangerousTriple D q p T) (ht₁ : t₁ ∈ T) (ht₂ : t₂ ∈ T) (ht₃ : t₃ ∈ T) (ht₁_ne_t₃ : t₁ ≠ t₃) (hu_mem : u ∈ (D.skeleton q).erase p) (K₁ : U5QCriticalTripleClass D q t₁ B₁) (K₂ : U5QDeletedK4Class D q t₂ B₂) (K₃ : U5QCriticalTripleClass D q t₃ B₃) (Ku : U5QDeletedK4Class D q u Bu) (hpB₁ : p ∈ B₁) (ht₂B₁ : t₂ ∈ B₁) (huB₁ : u ∈ B₁) (hpB₂ : p ∈ B₂) (huB₂ : u ∈ B₂) (huB₃ : u ∈ B₃) (ht₁Bu : t₁ ∈ Bu) (ht₃Bu : t₃ ∈ Bu) : False
Problem97.U5QCriticalTripleClass.qcritical_exact_selected_selected_right_tail_exact_incompatibility	theorem U5QCriticalTripleClass.qcritical_exact_selected_selected_right_tail_exact_incompatibility {D : CounterexampleData} {q p t₁ t₂ t₃ u e : ℝ²} {T B₁ B₃ Bu Be : Finset ℝ²} (htriple : U5DangerousTriple D q p T) (ht₁ : t₁ ∈ T) (ht₂ : t₂ ∈ T) (ht₃ : t₃ ∈ T) (K₁ : U5QCriticalTripleClass D q t₁ B₁) (K₃ : U5QDeletedK4Class D q t₃ B₃) (Ku : U5QDeletedK4Class D q u Bu) (Ke : U5QDeletedK4Class D q e Be) (hpB₁ : p ∈ B₁) (ht₂B₁ : t₂ ∈ B₁) (ht₁B₃ : t₁ ∈ B₃) (ht₂B₃ : t₂ ∈ B₃) (ht₂Bu : t₂ ∈ Bu) (ht₃Bu : t₃ ∈ Bu) (heBu : e ∈ Bu) (hpBe : p ∈ Be) (ht₁Be : t₁ ∈ Be) (ht₃Be : t₃ ∈ Be) (huBe : u ∈ Be) : False
Problem97.U5QCriticalTripleClass.two_transport_chain_exact_anchor_incompatibility	theorem U5QCriticalTripleClass.two_transport_chain_exact_anchor_incompatibility {D : CounterexampleData} {q p t₁ t₂ u d : ℝ²} {T B₁ B₂ Bu Bd : Finset ℝ²} (htriple : U5DangerousTriple D q p T) (ht₁ : t₁ ∈ T) (ht₂ : t₂ ∈ T) (K₁ : U5QDeletedK4Class D q t₁ B₁) (K₂ : U5QCriticalTripleClass D q t₂ B₂) (Ku : U5QCriticalTripleClass D q u Bu) (Kd : U5QDeletedK4Class D q d Bd) (ht₂B₁ : t₂ ∈ B₁) (huB₁ : u ∈ B₁) (hdB₁ : d ∈ B₁) (ht₁B₂ : t₁ ∈ B₂) (huB₂ : u ∈ B₂) (hpBu : p ∈ Bu) (ht₁Bu : t₁ ∈ Bu) (hpBd : p ∈ Bd) (ht₁Bd : t₁ ∈ Bd) (huBd : u ∈ Bd) : False
Problem97.U5QCriticalTripleClass.two_transport_exact_anchor_incompatibility	theorem U5QCriticalTripleClass.two_transport_exact_anchor_incompatibility {D : CounterexampleData} {q p t₁ t₂ t₃ e : ℝ²} {T B₁ B₂ B₃ Be : Finset ℝ²} (htriple : U5DangerousTriple D q p T) (ht₁ : t₁ ∈ T) (ht₂ : t₂ ∈ T) (ht₃ : t₃ ∈ T) (K₁ : U5QCriticalTripleClass D q t₁ B₁) (K₂ : U5QCriticalTripleClass D q t₂ B₂) (K₃ : U5QDeletedK4Class D q t₃ B₃) (Ke : U5QDeletedK4Class D q e Be) (ht₂B₁ : t₂ ∈ B₁) (ht₁B₂ : t₁ ∈ B₂) (heB₂ : e ∈ B₂) (ht₁B₃ : t₁ ∈ B₃) (ht₂B₃ : t₂ ∈ B₃) (heB₃ : e ∈ B₃) (hpBe : p ∈ Be) (ht₂Be : t₂ ∈ Be) (ht₃Be : t₃ ∈ Be) : False
Problem97.U5QCriticalTripleClass.two_transport_exact_root_incompatibility	theorem U5QCriticalTripleClass.two_transport_exact_root_incompatibility {D : CounterexampleData} {q p t₁ t₂ t₃ : ℝ²} {T B₁ B₂ B₃ : Finset ℝ²} (htriple : U5DangerousTriple D q p T) (ht₁ : t₁ ∈ T) (ht₂ : t₂ ∈ T) (ht₃ : t₃ ∈ T) (K₁ : U5QDeletedK4Class D q t₁ B₁) (K₂ : U5QCriticalTripleClass D q t₂ B₂) (K₃ : U5QCriticalTripleClass D q t₃ B₃) (hpB₁ : p ∈ B₁) (ht₂B₁ : t₂ ∈ B₁) (ht₃B₁ : t₃ ∈ B₁) (ht₁B₂ : t₁ ∈ B₂) (ht₂B₃ : t₂ ∈ B₃) : False
Problem97.U5QCriticalTripleClass.two_transport_mutual_delayed_anchor_incompatibility	theorem U5QCriticalTripleClass.two_transport_mutual_delayed_anchor_incompatibility {D : CounterexampleData} {q p t₁ t₂ t₃ u : ℝ²} {T B₁ B₂ B₃ Bu : Finset ℝ²} (htriple : U5DangerousTriple D q p T) (ht₁ : t₁ ∈ T) (ht₂ : t₂ ∈ T) (ht₃ : t₃ ∈ T) (K₁ : U5QDeletedK4Class D q t₁ B₁) (K₂ : U5QCriticalTripleClass D q t₂ B₂) (K₃ : U5QCriticalTripleClass D q t₃ B₃) (Ku : U5QDeletedK4Class D q u Bu) (hpB₁ : p ∈ B₁) (ht₂B₁ : t₂ ∈ B₁) (huB₁ : u ∈ B₁) (ht₃B₂ : t₃ ∈ B₂) (huB₂ : u ∈ B₂) (ht₂B₃ : t₂ ∈ B₃) (hpBu : p ∈ Bu) (ht₂Bu : t₂ ∈ Bu) : False
Problem97.U5QCriticalTripleClass.two_transport_mutual_no_p_delayed_anchor_incompatibility	theorem U5QCriticalTripleClass.two_transport_mutual_no_p_delayed_anchor_incompatibility {D : CounterexampleData} {q p t₂ t₃ u d : ℝ²} {T B₂ B₃ Bu Bd : Finset ℝ²} (htriple : U5DangerousTriple D q p T) (ht₂ : t₂ ∈ T) (ht₃ : t₃ ∈ T) (K₂ : U5QCriticalTripleClass D q t₂ B₂) (K₃ : U5QCriticalTripleClass D q t₃ B₃) (Ku : U5QDeletedK4Class D q u Bu) (Kd : U5QCriticalTripleClass D q d Bd) (ht₃B₂ : t₃ ∈ B₂) (huB₂ : u ∈ B₂) (hdB₂ : d ∈ B₂) (ht₂B₃ : t₂ ∈ B₃) (ht₂Bu : t₂ ∈ Bu) (hdBu : d ∈ Bu) (hpBd : p ∈ Bd) (huBd : u ∈ Bd) : False
Problem97.U5QCriticalTripleClass.two_transport_mutual_off_anchor_no_p_delayed_incompatibility	theorem U5QCriticalTripleClass.two_transport_mutual_off_anchor_no_p_delayed_incompatibility {D : CounterexampleData} {q p t₁ t₂ t₃ d e : ℝ²} {T B₁ B₂ B₃ Bd Be : Finset ℝ²} (htriple : U5DangerousTriple D q p T) (ht₁ : t₁ ∈ T) (ht₂ : t₂ ∈ T) (ht₃ : t₃ ∈ T) (K₁ : U5QDeletedK4Class D q t₁ B₁) (K₂ : U5QCriticalTripleClass D q t₂ B₂) (K₃ : U5QCriticalTripleClass D q t₃ B₃) (Kd : U5QCriticalTripleClass D q d Bd) (Ke : U5QDeletedK4Class D q e Be) (hpB₁ : p ∈ B₁) (ht₂B₁ : t₂ ∈ B₁) (ht₃B₂ : t₃ ∈ B₂) (hdB₂ : d ∈ B₂) (ht₂B₃ : t₂ ∈ B₃) (hpBd : p ∈ Bd) (ht₁Bd : t₁ ∈ Bd) (heBd : e ∈ Bd) (hpBe : p ∈ Be) (ht₁Be : t₁ ∈ Be) (ht₂Be : t₂ ∈ Be) (hdBe : d ∈ Be) : False
Problem97.U5QCriticalTripleClass.two_transport_panchored_exact_incompatibility	theorem U5QCriticalTripleClass.two_transport_panchored_exact_incompatibility {D : CounterexampleData} {q p t₁ t₂ e : ℝ²} {T B₁ B₂ Be : Finset ℝ²} (htriple : U5DangerousTriple D q p T) (ht₁ : t₁ ∈ T) (ht₂ : t₂ ∈ T) (K₁ : U5QCriticalTripleClass D q t₁ B₁) (K₂ : U5QCriticalTripleClass D q t₂ B₂) (Ke : U5QDeletedK4Class D q e Be) (ht₂B₁ : t₂ ∈ B₁) (ht₁B₂ : t₁ ∈ B₂) (heB₂ : e ∈ B₂) (hpBe : p ∈ Be) (ht₁Be : t₁ ∈ Be) (ht₂Be : t₂ ∈ Be) : False
Problem97.U5QCriticalTripleClass.two_transport_qanchored_incompatibility	theorem U5QCriticalTripleClass.two_transport_qanchored_incompatibility {D : CounterexampleData} {q p t₁ t₂ u : ℝ²} {T B₁ B₂ Bu : Finset ℝ²} (htriple : U5DangerousTriple D q p T) (ht₁ : t₁ ∈ T) (ht₂ : t₂ ∈ T) (K₁ : U5QCriticalTripleClass D q t₁ B₁) (K₂ : U5QCriticalTripleClass D q t₂ B₂) (Ku : U5QCriticalTripleClass D q u Bu) (ht₂B₁ : t₂ ∈ B₁) (huB₁ : u ∈ B₁) (ht₁B₂ : t₁ ∈ B₂) (hpBu : p ∈ Bu) (ht₁Bu : t₁ ∈ Bu) : False
Problem97.U5QDeletedK4Class.three_exact_classes_tetrahedron_incompatibility	theorem U5QDeletedK4Class.three_exact_classes_tetrahedron_incompatibility {D : CounterexampleData} {q x y a b : ℝ²} {Bx By Bb : Finset ℝ²} (Kx : U5QDeletedK4Class D q x Bx) (Ky : U5QDeletedK4Class D q y By) (Kb : U5QDeletedK4Class D q b Bb) (hyBx : y ∈ Bx) (haBx : a ∈ Bx) (hxBy : x ∈ By) (haBy : a ∈ By) (hbBy : b ∈ By) (hxBb : x ∈ Bb) (hyBb : y ∈ Bb) (haBb : a ∈ Bb) : False
Problem97.U5QCriticalTripleClass.qcritical_exact_aux_two_intersections_incompatibility	theorem U5QCriticalTripleClass.qcritical_exact_aux_two_intersections_incompatibility {D : CounterexampleData} {q p t₁ t₂ t₃ x : ℝ²} {T B₁ B₂ B₃ Bx : Finset ℝ²} (htriple : U5DangerousTriple D q p T) (ht₁ : t₁ ∈ T) (ht₂ : t₂ ∈ T) (ht₃ : t₃ ∈ T) (ht₁_ne_t₃ : t₁ ≠ t₃) (hx_mem : x ∈ (D.skeleton q).erase p) (hx_notin_T : x ∉ T) (K₁ : U5QCriticalTripleClass D q t₁ B₁) (K₂ : U5QDeletedK4Class D q t₂ B₂) (K₃ : U5QDeletedK4Class D q t₃ B₃) (Kx : U5QDeletedK4Class D q x Bx) (hpB₁ : p ∈ B₁) (ht₂B₁ : t₂ ∈ B₁) (hpB₂ : p ∈ B₂) (ht₃B₂ : t₃ ∈ B₂) (hpB₃ : p ∈ B₃) (hxB₃ : x ∈ B₃) (ht₁Bx : t₁ ∈ Bx) (ht₃Bx : t₃ ∈ Bx) : False
Problem97.U5QCriticalTripleClass.qcritical_chain_extra_two_intersections_incompatibility	theorem U5QCriticalTripleClass.qcritical_chain_extra_two_intersections_incompatibility {D : CounterexampleData} {q p t₁ t₂ t₃ x : ℝ²} {T B₁ B₂ B₃ : Finset ℝ²} (htriple : U5DangerousTriple D q p T) (ht₁ : t₁ ∈ T) (ht₂ : t₂ ∈ T) (ht₃ : t₃ ∈ T) (ht₁_ne_t₃ : t₁ ≠ t₃) (hx_mem : x ∈ (D.skeleton q).erase p) (hx_notin_T : x ∉ T) (K₁ : U5QCriticalTripleClass D q t₁ B₁) (K₂ : U5QDeletedK4Class D q t₂ B₂) (K₃ : U5QDeletedK4Class D q t₃ B₃) (hpB₁ : p ∈ B₁) (ht₂B₁ : t₂ ∈ B₁) (hxB₁ : x ∈ B₁) (hpB₂ : p ∈ B₂) (ht₃B₂ : t₃ ∈ B₂) (hpB₃ : p ∈ B₃) (hxB₃ : x ∈ B₃) : False
Problem97.U5QCriticalTripleClass.qcritical_exact_aux_tangent_incompatibility	theorem U5QCriticalTripleClass.qcritical_exact_aux_tangent_incompatibility {D : CounterexampleData} {q p t₁ t₂ t₃ a x : ℝ²} {T B₁ B₂ B₃ Ba Bx : Finset ℝ²} (htriple : U5DangerousTriple D q p T) (ht₁ : t₁ ∈ T) (ht₂ : t₂ ∈ T) (ht₃ : t₃ ∈ T) (ht₁_ne_t₃ : t₁ ≠ t₃) (hx_mem : x ∈ (D.skeleton q).erase p) (K₁ : U5QCriticalTripleClass D q t₁ B₁) (K₂ : U5QDeletedK4Class D q t₂ B₂) (K₃ : U5QDeletedK4Class D q t₃ B₃) (Ka : U5QDeletedK4Class D q a Ba) (Kx : U5QCriticalTripleClass D q x Bx) (hpB₁ : p ∈ B₁) (ht₂B₁ : t₂ ∈ B₁) (hpB₂ : p ∈ B₂) (ht₃B₂ : t₃ ∈ B₂) (hpB₃ : p ∈ B₃) (haB₃ : a ∈ B₃) (ht₃Ba : t₃ ∈ Ba) (hxBa : x ∈ Ba) (ht₃Bx : t₃ ∈ Bx) (haBx : a ∈ Bx) : False
Problem97.U5QCriticalTripleClass.qcritical_circumcenter_antipodal_incompatibility	theorem U5QCriticalTripleClass.qcritical_circumcenter_antipodal_incompatibility {D : CounterexampleData} {q p t₁ t₂ t₃ x : ℝ²} {T B₁ B₂ B₃ Bx : Finset ℝ²} (htriple : U5DangerousTriple D q p T) (ht₁ : t₁ ∈ T) (ht₂ : t₂ ∈ T) (ht₃ : t₃ ∈ T) (ht₁_ne_t₃ : t₁ ≠ t₃) (K₁ : U5QCriticalTripleClass D q t₁ B₁) (K₂ : U5QDeletedK4Class D q t₂ B₂) (K₃ : U5QCriticalTripleClass D q t₃ B₃) (Kx : U5QCriticalTripleClass D q x Bx) (hpB₁ : p ∈ B₁) (ht₂B₁ : t₂ ∈ B₁) (hpB₂ : p ∈ B₂) (ht₃B₂ : t₃ ∈ B₂) (hxB₃ : x ∈ B₃) (hpBx : p ∈ Bx) (ht₁Bx : t₁ ∈ Bx) : False
Problem97.U5QCriticalTripleClass.qcritical_exact_right_selected_antipodal_incompatibility	theorem U5QCriticalTripleClass.qcritical_exact_right_selected_antipodal_incompatibility {D : CounterexampleData} {q p t₁ t₂ t₃ u : ℝ²} {T B₁ B₂ B₃ : Finset ℝ²} (htriple : U5DangerousTriple D q p T) (ht₁ : t₁ ∈ T) (ht₂ : t₂ ∈ T) (ht₃ : t₃ ∈ T) (ht₁_ne_t₃ : t₁ ≠ t₃) (K₁ : U5QCriticalTripleClass D q t₁ B₁) (K₂ : U5QDeletedK4Class D q t₂ B₂) (K₃ : U5QDeletedK4Class D q t₃ B₃) (hpB₁ : p ∈ B₁) (ht₂B₁ : t₂ ∈ B₁) (huB₁ : u ∈ B₁) (hpB₂ : p ∈ B₂) (ht₃B₂ : t₃ ∈ B₂) (huB₂ : u ∈ B₂) (ht₁B₃ : t₁ ∈ B₃) (huB₃ : u ∈ B₃) : False
Problem97.U5QCriticalTripleClass.qcritical_exact_right_selected_radius_incompatibility	theorem U5QCriticalTripleClass.qcritical_exact_right_selected_radius_incompatibility {D : CounterexampleData} {q p t₁ t₂ t₃ u : ℝ²} {T B₁ B₂ B₃ : Finset ℝ²} (htriple : U5DangerousTriple D q p T) (hsel : U5SelectedCandidateSkeleton D q p T u) (ht₁ : t₁ ∈ T) (ht₂ : t₂ ∈ T) (ht₃ : t₃ ∈ T) (ht₁_ne_t₃ : t₁ ≠ t₃) (K₁ : U5QCriticalTripleClass D q t₁ B₁) (K₂ : U5QDeletedK4Class D q t₂ B₂) (K₃ : U5QDeletedK4Class D q t₃ B₃) (hpB₁ : p ∈ B₁) (ht₂B₁ : t₂ ∈ B₁) (huB₁ : u ∈ B₁) (hpB₂ : p ∈ B₂) (ht₃B₂ : t₃ ∈ B₂) (huB₂ : u ∈ B₂) (ht₂B₃ : t₂ ∈ B₃) (huB₃ : u ∈ B₃) : False
Problem97.U5QCriticalTripleClass.qcritical_exact_selected_bisector_incompatibility	theorem U5QCriticalTripleClass.qcritical_exact_selected_bisector_incompatibility {D : CounterexampleData} {q p t₁ t₂ u : ℝ²} {T B₁ B₂ Bu : Finset ℝ²} (htriple : U5DangerousTriple D q p T) (ht₁ : t₁ ∈ T) (ht₂ : t₂ ∈ T) (K₁ : U5QCriticalTripleClass D q t₁ B₁) (K₂ : U5QDeletedK4Class D q t₂ B₂) (Ku : U5QCriticalTripleClass D q u Bu) (hpB₁ : p ∈ B₁) (ht₂B₁ : t₂ ∈ B₁) (huB₁ : u ∈ B₁) (hpB₂ : p ∈ B₂) (huB₂ : u ∈ B₂) (hpBu : p ∈ Bu) : False
Problem97.U5QCriticalTripleClass.two_triple_points_incompatibility	theorem U5QCriticalTripleClass.two_triple_points_incompatibility {D : CounterexampleData} {q p center t₁ t₂ : ℝ²} {T B : Finset ℝ²} (htriple : U5DangerousTriple D q p T) (K : U5QCriticalTripleClass D q center B) (hcenter_ne_p : center ≠ p) (ht₁T : t₁ ∈ T) (ht₂T : t₂ ∈ T) (ht₁₂ : t₁ ≠ t₂) (ht₁B : t₁ ∈ B) (ht₂B : t₂ ∈ B) : False
Problem97.U5QCriticalTripleClass.qcritical_exact_qcritical_chain_incompatibility	theorem U5QCriticalTripleClass.qcritical_exact_qcritical_chain_incompatibility {D : CounterexampleData} {q p left mid right : ℝ²} {T Bleft Bmid Bright : Finset ℝ²} (htriple : U5DangerousTriple D q p T) (hmidT : mid ∈ T) (hrightT : right ∈ T) (hleft_ne_right : left ≠ right) (Kleft : U5QCriticalTripleClass D q left Bleft) (Kmid : U5QDeletedK4Class D q mid Bmid) (Kright : U5QCriticalTripleClass D q right Bright) (hpBleft : p ∈ Bleft) (hmidBleft : mid ∈ Bleft) (hpBmid : p ∈ Bmid) (hrightBmid : right ∈ Bmid) (hpBright : p ∈ Bright) : False
Problem97.U5QCriticalTripleClass.qcritical_equilateral_bridge_incompatibility	theorem U5QCriticalTripleClass.qcritical_equilateral_bridge_incompatibility {D : CounterexampleData} {q p a b x : ℝ²} {T Ba Bb Bx : Finset ℝ²} (htriple : U5DangerousTriple D q p T) (hsel : U5SelectedCandidateSkeleton D q p T x) (haT : a ∈ T) (hbT : b ∈ T) (Ka : U5QCriticalTripleClass D q a Ba) (Kb : U5QDeletedK4Class D q b Bb) (Kx : U5QCriticalTripleClass D q x Bx) (hpBa : p ∈ Ba) (hbBa : b ∈ Ba) (hxBa : x ∈ Ba) (hpBb : p ∈ Bb) (hxBb : x ∈ Bb) (haBx : a ∈ Bx) : False
