artifact_path,sha256,bytes,use
docs/audits/p97-exact17-cegar-piqd-soundness-audit-2026-08-12.md,54f3c7c4b6b1be18ce2d8a491b8ffbcc15194334861fcd594cc05b79a0131e64,24875,source-boundary or report evidence
docs/closure-matrix-2026-07-09.md,0001ddfebfc44d748020b2c85ac94a5f9a309b608fb259f2838cec45f6cd3389,415671,source-boundary or report evidence
docs/closure-plan-full-spec-2026-07-09.md,0f3a3a98c812869470d64fd76e162f4140802d47e2993c79871dc8a6f672b5fe,580686,source-boundary or report evidence
docs/computational-closure-plan-2026-07-28.md,db3b25c8adba1d9d1d2a1e620fcb2387687c27ec95d759f6ee3ef4252928a448,951141,source-boundary or report evidence
docs/exact-twelve-rigid221-ordered-v4-replay-checkpoint-2026-08-08.md,f72db49bd3ac6e0608e1e5564ee81711a5d07d57bc6eac8165c1e4015876350b,6909,source-boundary or report evidence
docs/exact12-next-row-arm-terminal-promotion-2026-08-13.md,ea56e461454128fdbdf52bd1d6f6063bb97d6fb26bee5bf4f7ec56811e493ae5,7131,source-boundary or report evidence
docs/exact12-v26-projected-model-space-2026-08-20.md,aacbf10d31fb6091a20265d3886ed414cb95a105ada61522e3fa5add87a15d29,4352,source-boundary or report evidence
docs/exact12-v26-survivor-structural-analysis-2026-08-20.md,6e92f22d6b971093be4301a4f109c495855040037a17b453a72cf2745823006a,11642,source-boundary or report evidence
docs/specs/p97-card-ge-eighteen-coverage-route-v1.md,f057317026a234d67e4bacf91107536a22511109ee7200db6b058e96859b076c,23180,source-boundary or report evidence
lean/Erdos9796Proof/P97/ATail/BlockerVExactSeventeenSourceNormalForm.lean,92cf2a9ce4e16d27d8d15c15880631eae0f534e377c9d7c4561bd863a6a567ab,37287,source-boundary or report evidence
lean/Erdos9796Proof/P97/ATail/FrontierLiveClosure/Rigid221Closure.lean,cafeac3e4bbcabfbe6ffcf1443e4d9b93c717627e5144c6158040aff5676efa8,74900,source-boundary or report evidence
lean/Erdos9796Proof/P97/ATail/FrontierLiveClosure/Rigid221SourceHeavy.lean,dbe0e37c1b6562249ff41d0754bed606c58fe70efe93ed267230d0b773318c99,846948,source-boundary or report evidence
scratch/atail-force/blocker_graph/euclidean_countermodel.py,0d5f0da94588e752c418b735437bd110de3f38adf1bb7ee129fac9761f798a97,7079,source-boundary or report evidence
scratch/atail-force/endpoint-continuation/finite_countermodel.lean,0a126cbeb59241d255025b6f3648c5b2f2d9517f3490b38ad5b11b4ff068affc,4774,source-boundary or report evidence
scratch/atail-force/residual_456_exact_witness.json,0c59485be06467015681daea1f144b2a40cc3602df5538eba4265be68b61afe9,12565,source-boundary or report evidence
scratch/child45-cells-full-summary.json,6c33fd85cc803781f68e905be3dfc97e991fdd3dab816a0de73b5e1470160bc5,89675,grouped run-wave evidence
scratch/exact17-lean-to-sat/child45-export-receipt.json,fd12b39d26f9fbe82f9e06edad9d7183b3af5b9b4c8cad1fa7ae2fa3f032e8a3,2945,grouped run-wave evidence
scratch/exact17-lean-to-sat/child46-export-receipt.json,64cc2822aa751f066f9177abd417e538be50524dd820ea250048f64a37de9ae3,5891,grouped run-wave evidence
scratch/exact17-lean-to-sat/exact17-chain-reauth-20260812.json,51c7dc964226d8920dadc2b84fd7721d0f2d4b0a146512ad09010d21eb79f36c,125682,grouped run-wave evidence
scratch/exact17-lean-to-sat/piqd-child32-core1-status-terminal-quarantined.json,b1718be45b0f59ff9a29418f79b03b0933460f95814ca416a648d4c5d73ac28d,1594,run inventory: ex17-child32
scratch/freshthird-current-cegar-audit-20260803.md,9fd4036271b7e5608fa793a3368b70275370672e30c281827790f628792e703b,3314,source-boundary or report evidence
scratch/pentagon-offclass-exact12-v2/REPORT.md,c8a41058aeb78565e0c1c9dae51d1136c6c7aeb4d9b7461db0333830dbae9441,5418,source-boundary or report evidence
scratch/pentagon-offclass-exact12-v2/cegar-d0-v2-common-v7-u-q-mask-census-50/summary.json,2644ed2cf96e2b9d7c55931c6ecb91afa28775d55b8a7b35b5f439fd8c07a935,6045,grouped run-wave evidence
scratch/pentagon-offclass-exact12-v2/cegar-d0-v2-common-v7-u-q-mask-census-500/summary.json,44008311e8a4d9da0aae1556103802ee0eed2176d88c40a3ffdc1f819f542887,6050,grouped run-wave evidence
scratch/pentagon-offclass-exact12-v2/cegar-d0-v2-dichotomy-v6-hit-u-q-run/summary.json,06e0c6ea549864e7366efd357b5fb16e4e2a2845d096a9635d6c80616cbf6a24,3953,run inventory: exact12-dichotomy-v6-hit-u-q
scratch/pentagon-offclass-exact12-v2/cegar-d0-v2-source-constraints-v4/summary.json,e22c72f703a7c181abd9958765b4c2352fc34d1f09efc86ab1b65eeb41ef2ab1,1649,run inventory: exact12-source-constraints-v4
scratch/pentagon-offclass-exact12-v2/cegar-d0-v2-source-role-deletion-v5-u-q/summary.json,56e393a0da747044f923f5ef20b81a023de2f1c2b3c165b9da2a5183a39c84d0,2945,grouped run-wave evidence
scratch/pentagon-offclass-exact12-v2/cegar-d0-v2-source-role-deletion-v5-u-w/summary.json,036e88665307a8044e7217d71572263ea2df3f1808938e395d13ae8cb59fb2c1,2945,grouped run-wave evidence
scratch/pentagon-offclass-exact12-v2/cegar-d0-v2-source-role-deletion-v5-xu-q/summary.json,04f8a0bc5d120cf1a273acdf7b220f23305ce5307479d931a46f01a1eb7fec20,2946,grouped run-wave evidence
scratch/pentagon-offclass-exact12-v2/cegar-d0-v2-source-role-deletion-v5-xu-w/summary.json,ca2c32d933b384a20bb3b863c4b32429c2d94549bfe808ee81cbd781e7ecf603,2946,grouped run-wave evidence
scratch/pentagon-offclass-exact12-v2/cegar-d0-v2-source-role-deletion-v5-xv-q/summary.json,77b7943d5cabc1e93ce77c27b71919cc229d2fa347314bc44a5ad2639c59a159,2946,grouped run-wave evidence
scratch/pentagon-offclass-exact12-v2/cegar-d0-v2-source-role-deletion-v5-xv-w/summary.json,e6f75dc12f909ecb6948a0a3c7f9ef243d5c0b03dbe7eae0fd55dfc71b6f538d,2946,grouped run-wave evidence
scratch/pentagon-offclass-exact12-v2/cegar-d0-v2-source-v3/summary.json,81a533e6629c4a2919d5466853696cc6b583ba1592f02da5b83187ae8eebfedf,702,run inventory: exact12-source-v3
scratch/pentagon-offclass-exact12-v2/model.json,5c609765921ffa48e26258c55fc99bb36acb30fb4185488edefa4e16761d7eca,4381,run inventory: exact12-model-all-42-placements
scratch/rigid221-blockerv-exact17-20260806/SOURCE-FAITHFUL-CORE-BANK-AUDIT-2026-08-07.md,13c49e922bd09c47a86162a7afafe6ad8736c511b0574fee4ea52a5548dfe5af,16512,source-boundary or report evidence
scratch/rigid221-blockerv-exact17-20260806/global-kalmanson-lazy-oracle-smoke-seed3601.analysis.json,bc44253a209468630b25d659837da532010074c3778de18e2c47ae34dac6305f,9389,canonical EX17 row/order shadow
scratch/rigid221-blockerv-exact17-20260806/lazy-global-kalmanson-loop-dihedral-parallel-a-source-frozen-20260809/iteration-0000-seed-4201/analysis.json,2027cbff02727da81c330ce13608eee3b6e6df4e8d7c030ad26852ac54bf0560,10314,canonical EX17 row/order shadow
scratch/rigid221-blockerv-exact17-20260806/lazy-global-kalmanson-loop-dihedral-parallel-a-source-frozen-20260809/iteration-0001-seed-4202/analysis.json,17e814c12fb7e598ae03a758e09c9663af7baea3b2401b02012c06c71456e642,11015,canonical EX17 row/order shadow
scratch/rigid221-blockerv-exact17-20260806/lazy-global-kalmanson-loop-dihedral-parallel-a-source-frozen-20260809/iteration-0002-seed-4203/analysis.json,fd242f4a0ff4264360778c8211a2d05925c06e440df1b3fb708d0bba7649b195,9723,canonical EX17 row/order shadow
scratch/rigid221-blockerv-exact17-20260806/lazy-global-kalmanson-loop-dihedral-parallel-a-source-frozen-20260809/iteration-0003-seed-4204/analysis.json,6f284fcf7ccc7fe8cb8068a99b9c399be9aaee0e6d4d5fb27a89b3a716fabc16,10385,canonical EX17 row/order shadow
scratch/rigid221-blockerv-exact17-20260806/lazy-global-kalmanson-loop-dihedral-parallel-b-source-frozen-20260809/iteration-0000-seed-4301/analysis.json,cddb2c6555fd00f3330d3853d90ce1fd4ebe6feaed4fc47a33ad2e874bfb50bd,9833,canonical EX17 row/order shadow
scratch/rigid221-blockerv-exact17-20260806/lazy-global-kalmanson-loop-dihedral-parallel-b-source-frozen-20260809/iteration-0001-seed-4302/analysis.json,d7c91b9720d40f59396c90be616d1e18b753c75882321ae502720aeb84586171,10734,canonical EX17 row/order shadow
scratch/rigid221-blockerv-exact17-20260806/lazy-global-kalmanson-loop-dihedral-parallel-b-source-frozen-20260809/iteration-0002-seed-4303/analysis.json,9b5c50d24ad681474c4a6e7eedbabec5a1ca14176a95463b3f49a040398552a3,9583,canonical EX17 row/order shadow
scratch/rigid221-blockerv-exact17-20260806/lazy-global-kalmanson-loop-dihedral-parallel-b-source-frozen-20260809/iteration-0003-seed-4304/analysis.json,5c0384e5976efece917a79fc78d39adddab6ce42c5e347e0df83fb67e4149291,10358,canonical EX17 row/order shadow
scratch/rigid221-blockerv-exact17-20260806/lazy-global-kalmanson-loop-dihedral-parallel-c-source-frozen-20260809/iteration-0000-seed-4401/analysis.json,d590c7ddf6c09b28813bac3f8a06d6d7e76d16f0d97e8a993f66a54d9d06f1d1,10185,canonical EX17 row/order shadow
scratch/rigid221-blockerv-exact17-20260806/lazy-global-kalmanson-loop-dihedral-parallel-c-source-frozen-20260809/iteration-0001-seed-4402/analysis.json,fa29d98c3f8cfbc0d79f50fbb760a42fcd1598cee7b7c4fcf8d8193ad6f8666a,10178,canonical EX17 row/order shadow
scratch/rigid221-blockerv-exact17-20260806/lazy-global-kalmanson-loop-dihedral-parallel-c-source-frozen-20260809/iteration-0002-seed-4403/analysis.json,046c3bb39870fc4660c5a063a901f9a664ff34f6a76b4bcc960fc37bc6c4a775,9992,canonical EX17 row/order shadow
scratch/rigid221-blockerv-exact17-20260806/lazy-global-kalmanson-loop-dihedral-parallel-c-source-frozen-20260809/iteration-0003-seed-4404/analysis.json,2b35127d026cac1d9c66f310f0c47abba2c4f5d5ea146a4aefcd6f1302ca35e6,9986,canonical EX17 row/order shadow
scratch/rigid221-blockerv-exact17-20260806/lazy-global-kalmanson-loop-dihedral-production1-source-frozen-20260809/iteration-0000-seed-4001/analysis.json,533176085f333717b5dcb763d4aa0ec2f3115684ec01b4f3f385f3142a0f0f88,10217,canonical EX17 row/order shadow
scratch/rigid221-blockerv-exact17-20260806/lazy-global-kalmanson-loop-dihedral-production1-source-frozen-20260809/iteration-0001-seed-4002/analysis.json,548d9f8eb064cf117762fa073789f15f4e1421f193932640a55a424d16460a45,9883,canonical EX17 row/order shadow
scratch/rigid221-blockerv-exact17-20260806/lazy-global-kalmanson-loop-dihedral-production1-source-frozen-20260809/iteration-0002-seed-4003/analysis.json,10c5d69ca84e945e219dc3155b13eebfbf66485070c94a443580747947969dd6,9851,canonical EX17 row/order shadow
scratch/rigid221-blockerv-exact17-20260806/lazy-global-kalmanson-loop-dihedral-production1-source-frozen-20260809/iteration-0003-seed-4004/analysis.json,c60410438e6920f26e2efaa4257e66b77f784c6ed53dbadcb4d7c6092eb77e13,10001,canonical EX17 row/order shadow
scratch/rigid221-blockerv-exact17-20260806/lazy-global-kalmanson-loop-dihedral-production2-source-frozen-20260809/iteration-0000-seed-4101/analysis.json,2dd51bf84269960c1527696bc23dc8a1c3829a967bee33c6b0ff1912774a93c4,9566,canonical EX17 row/order shadow
scratch/rigid221-blockerv-exact17-20260806/lazy-global-kalmanson-loop-dihedral-production2-source-frozen-20260809/iteration-0001-seed-4102/analysis.json,15debe7d73b2d82573e51209f15be892793c3550c7575cd0484ac255c3551e0e,9717,canonical EX17 row/order shadow
scratch/rigid221-blockerv-exact17-20260806/lazy-global-kalmanson-loop-dihedral-production2-source-frozen-20260809/iteration-0002-seed-4103/analysis.json,bb4d50e7e55a623d2f957656eaebab329f1c3608a699ce537707af576c4e2b91,9865,canonical EX17 row/order shadow
scratch/rigid221-blockerv-exact17-20260806/lazy-global-kalmanson-loop-dihedral-production2-source-frozen-20260809/iteration-0003-seed-4104/analysis.json,df9aa8ff97494846e8eebaab6f56efb2147ee32345a725addefa2453ca3d7469,9768,canonical EX17 row/order shadow
scratch/rigid221-blockerv-exact17-20260806/lazy-global-kalmanson-loop-dihedral-production2-source-frozen-20260809/iteration-0004-seed-4105/analysis.json,b1e840b1dcee09c14ab9b337124225daf9ae6d19648324dec0a5fcaa2f8c52be,10652,canonical EX17 row/order shadow
scratch/rigid221-blockerv-exact17-20260806/lazy-global-kalmanson-loop-dihedral-production2-source-frozen-20260809/iteration-0005-seed-4106/analysis.json,25fdc38252f817dabf46ee58c897067b81f0e188ddb24577be7a0eae988a9515,9885,canonical EX17 row/order shadow
scratch/rigid221-blockerv-exact17-20260806/lazy-global-kalmanson-loop-dihedral-production2-source-frozen-20260809/iteration-0006-seed-4107/analysis.json,c3f1587f2c0a9a19587833248caba7e035a84b6704122e706f1512d4258a2225,10098,canonical EX17 row/order shadow
scratch/rigid221-blockerv-exact17-20260806/lazy-global-kalmanson-loop-dihedral-production2-source-frozen-20260809/iteration-0007-seed-4108/analysis.json,55cbdd86c8547fbb4a0e60c9501c606d75212e2af2cfc5b106e544b862b0b001,10347,canonical EX17 row/order shadow
scratch/rigid221-blockerv-exact17-20260806/lazy-global-kalmanson-loop-dihedral-production2-source-frozen-20260809/iteration-0008-seed-4109/analysis.json,968f937761e8b41904064369aaa2d1e9ad2fece646df2f953e561687436d339b,9725,canonical EX17 row/order shadow
scratch/rigid221-blockerv-exact17-20260806/lazy-global-kalmanson-loop-dihedral-production2-source-frozen-20260809/iteration-0009-seed-4110/analysis.json,47b7d6f1e017b39b45140b9bdf74be678b80b24b242597993fbe280a794fa211,9990,canonical EX17 row/order shadow
scratch/rigid221-blockerv-exact17-20260806/lazy-global-kalmanson-loop-dihedral-production2-source-frozen-20260809/iteration-0010-seed-4111/analysis.json,2337c35ec4dd7f10084fb2c887b689761721a8df503d1e19536ad4f8f661594a,9732,canonical EX17 row/order shadow
scratch/rigid221-blockerv-exact17-20260806/lazy-global-kalmanson-loop-dihedral-production2-source-frozen-20260809/iteration-0011-seed-4112/analysis.json,c7a04ac1ecbe2b7702bb16679aeea0b322bc34860f29f52d6a6f491f905b94ff,11051,canonical EX17 row/order shadow
scratch/rigid221-blockerv-exact17-20260806/lazy-global-kalmanson-loop-dihedral-production2-source-frozen-20260809/iteration-0012-seed-4113/analysis.json,80934a3e6cab50d16f731c580f72ce20199cda302a5ebfdfeb067101b3eaa976,10323,canonical EX17 row/order shadow
scratch/rigid221-blockerv-exact17-20260806/lazy-global-kalmanson-loop-dihedral-production2-source-frozen-20260809/iteration-0013-seed-4114/analysis.json,6d4650d9c9e901678ac8fd4a449900e2c7b4cdaa4535214fe4e2d60a6adbfd0b,10238,canonical EX17 row/order shadow
scratch/rigid221-blockerv-exact17-20260806/lazy-global-kalmanson-loop-dihedral-production2-source-frozen-20260809/iteration-0014-seed-4115/analysis.json,ad4924ca3e126166406f66fdf4bd3418bbf1f0373bf8092d3cdb40a42e46c572,9944,canonical EX17 row/order shadow
scratch/rigid221-blockerv-exact17-20260806/lazy-global-kalmanson-loop-dihedral-production2-source-frozen-20260809/iteration-0015-seed-4116/analysis.json,8957f339097ba8b84221d739423bcfd991eb1983789b8879cadc964d3ea7518a,10279,canonical EX17 row/order shadow
scratch/rigid221-blockerv-exact17-20260806/lazy-global-kalmanson-loop-production2-20260809/iteration-0000-seed-3803/analysis.json,544ad95485c7d8b809dfb35c91900bd32f43acc544461c4fcd27af09a25d0dc6,9959,canonical EX17 row/order shadow
scratch/rigid221-blockerv-exact17-20260806/lazy-global-kalmanson-loop-production2-20260809/iteration-0001-seed-3804/analysis.json,007fb7372e98de227e10cce13d464964b30d73cd18fdd77be04f45d2a0f02a60,9989,canonical EX17 row/order shadow
scratch/rigid221-blockerv-exact17-20260806/lazy-global-kalmanson-loop-production2-20260809/iteration-0002-seed-3805/analysis.json,a68c4e30ec91abb3e0e0a557161b862d99ef736d1f583d44c6b13f86a0bfcb9e,9468,canonical EX17 row/order shadow
scratch/rigid221-blockerv-exact17-20260806/lazy-global-kalmanson-loop-production2-20260809/iteration-0003-seed-3806/analysis.json,410a05c1d3c136476a9572b0b9c2945af6c44effbe1e9795915d08429c72cd75,10072,canonical EX17 row/order shadow
scratch/rigid221-blockerv-exact17-20260806/lazy-global-kalmanson-loop-production2-20260809/iteration-0004-seed-3807/analysis.json,3db249f340937b1b38e5b4851070045cd52dc33aafe4234c52310a100a485171,10029,canonical EX17 row/order shadow
scratch/rigid221-blockerv-exact17-20260806/lazy-global-kalmanson-loop-production2-20260809/iteration-0005-seed-3808/analysis.json,9872a3ff069c50a5291181b0c550f55d2b6b4eb314721eecc7361370ce727ce9,9709,canonical EX17 row/order shadow
scratch/rigid221-blockerv-exact17-20260806/lazy-global-kalmanson-loop-production2-20260809/iteration-0006-seed-3809/analysis.json,a7668346a246972bd8ae51736e7729b23405261adbb1ef91a52d18fc7b0fe6ab,9863,canonical EX17 row/order shadow
scratch/rigid221-blockerv-exact17-20260806/lazy-global-kalmanson-loop-production2-20260809/iteration-0007-seed-3810/analysis.json,1fbde1a0fb38b53a15f9fdeaecbbcdd025004be3a6a3a6f3d840d6735278b3c8,9899,canonical EX17 row/order shadow
scratch/rigid221-blockerv-exact17-20260806/lazy-global-kalmanson-loop-production2-20260809/iteration-0008-seed-3811/analysis.json,f7f19940774f112cc5177ed5a808256a3e49eb1a73a1893f9bc573bb66958ea3,9813,canonical EX17 row/order shadow
scratch/rigid221-blockerv-exact17-20260806/lazy-global-kalmanson-loop-production2-20260809/iteration-0009-seed-3812/analysis.json,4d1765960b3dc57a40ed8967aedcaed2bc39187387378587a5061eac235fc687,9722,canonical EX17 row/order shadow
scratch/rigid221-blockerv-exact17-20260806/lazy-global-kalmanson-loop-production2-20260809/iteration-0010-seed-3813/analysis.json,663e95f2af60ca5e3d3b2a32bda8bd6014ee5d28ba446876ae973b025661a0f3,10031,canonical EX17 row/order shadow
scratch/rigid221-blockerv-exact17-20260806/lazy-global-kalmanson-loop-production2-20260809/iteration-0011-seed-3814/analysis.json,afb0f6aae9af898c970ed9cf12b4111dcc72d4936096d80a6d4ff076744385bf,9815,canonical EX17 row/order shadow
scratch/rigid221-blockerv-exact17-20260806/lazy-global-kalmanson-loop-production2-20260809/iteration-0012-seed-3815/analysis.json,d6ec12ef147ea0804b348c404073625ca00db8fabaff633dd44d367571348050,9358,canonical EX17 row/order shadow
scratch/rigid221-blockerv-exact17-20260806/lazy-global-kalmanson-loop-production2-20260809/iteration-0013-seed-3816/analysis.json,ec1b6c52a3ed7b1248a3db7a70e80b7428a6165401b8e06bc5fe77ec1cc73e32,9916,canonical EX17 row/order shadow
scratch/rigid221-blockerv-exact17-20260806/lazy-global-kalmanson-loop-production2-20260809/iteration-0014-seed-3817/analysis.json,3786b9fbc876500a106763cd6c7d603854d4ced2b1f0fc879764e271d998b8b8,10005,canonical EX17 row/order shadow
scratch/rigid221-blockerv-exact17-20260806/lazy-global-kalmanson-loop-production2-20260809/iteration-0015-seed-3818/analysis.json,cdcc8d7087f18a05ad6f9c21eef113d10baee51cc346238179bbe7e738a59e4a,3976,canonical EX17 row/order shadow
scratch/rigid221-blockerv-exact17-20260806/lazy-global-kalmanson-loop-production3-source-frozen-20260809/iteration-0000-seed-3819/analysis.json,e9de4ec02a97c7e73f395ab953190d507e747909a3ddd77374ec3b4a750f61f4,9927,canonical EX17 row/order shadow
scratch/rigid221-blockerv-exact17-20260806/lazy-global-kalmanson-loop-production3-source-frozen-20260809/iteration-0001-seed-3820/analysis.json,de3b35799afd48979ec3ee19cdd79162dcc20bbd7bb009505b47a9eb8dc58fe0,10103,canonical EX17 row/order shadow
scratch/rigid221-blockerv-exact17-20260806/lazy-global-kalmanson-loop-production3-source-frozen-20260809/iteration-0002-seed-3821/analysis.json,495ecfdee8fc61b5b5698a1e25957986ce679cd7259eb46a80d0188c081500bf,10021,canonical EX17 row/order shadow
scratch/rigid221-blockerv-exact17-20260806/lazy-global-kalmanson-loop-production3-source-frozen-20260809/iteration-0003-seed-3822/analysis.json,d9058ec5fe733aba5e90c58d80822b1ba604d0ed647a6671ff3b459121e7446d,10228,canonical EX17 row/order shadow
scratch/rigid221-blockerv-exact17-20260806/lazy-global-kalmanson-loop-production3-source-frozen-20260809/iteration-0004-seed-3823/analysis.json,3c43bab0f2bbbe38e714c6eaf48b57095e1b5574aa824712e4bc8cbc6c0a7967,10017,canonical EX17 row/order shadow
scratch/rigid221-blockerv-exact17-20260806/lazy-global-kalmanson-loop-production3-source-frozen-20260809/iteration-0005-seed-3824/analysis.json,4996fb9273cef10c8fe1e414054701c8cfeb29c2d7cef93f171af77a04b4f21f,10233,canonical EX17 row/order shadow
scratch/rigid221-blockerv-exact17-20260806/lazy-global-kalmanson-loop-production3-source-frozen-20260809/iteration-0006-seed-3825/analysis.json,f531cf4eb0eea1fff51c81f9299cc48673d99e8fd7580e7a4196f3256904c67e,10838,canonical EX17 row/order shadow
scratch/rigid221-blockerv-exact17-20260806/lazy-global-kalmanson-loop-production3-source-frozen-20260809/iteration-0007-seed-3826/analysis.json,2ed673d12a203fee5ba6aaf3adb666af1f01c65755ab68d6fdd5661bbf2ac808,9947,canonical EX17 row/order shadow
scratch/rigid221-blockerv-exact17-20260806/lazy-global-kalmanson-loop-production3-source-frozen-20260809/iteration-0008-seed-3827/analysis.json,50c4f7bad1050d0410c150151771a2ff8dd5d43731e1441f3473fa23cf0270b1,9988,canonical EX17 row/order shadow
scratch/rigid221-blockerv-exact17-20260806/lazy-global-kalmanson-loop-production3-source-frozen-20260809/iteration-0009-seed-3828/analysis.json,1ce04e674a49e1a5f249bfc2908ee017b7c3b1d578b90a7bb84ec01089e9c31f,9597,canonical EX17 row/order shadow
scratch/rigid221-blockerv-exact17-20260806/lazy-global-kalmanson-loop-production3-source-frozen-20260809/iteration-0010-seed-3829/analysis.json,6805a50dc36ff54a682218d5d5e8881ddf76542be8185c2be4bbb60143cf3808,9984,canonical EX17 row/order shadow
scratch/rigid221-blockerv-exact17-20260806/lazy-global-kalmanson-loop-production3-source-frozen-20260809/iteration-0011-seed-3830/analysis.json,ef4ac25ef878ccbe3f47566e3de120cd55e1981e20923f3938a60e1ae3cb6704,9830,canonical EX17 row/order shadow
scratch/rigid221-blockerv-exact17-20260806/lazy-global-kalmanson-loop-production3-source-frozen-20260809/iteration-0012-seed-3831/analysis.json,380daa9942bdc0710933b749951b32411144c38ff8cd640637a15a543ab76145,10586,canonical EX17 row/order shadow
scratch/rigid221-blockerv-exact17-20260806/lazy-global-kalmanson-loop-production3-source-frozen-20260809/iteration-0013-seed-3832/analysis.json,7f495ca257badacc387448464059185ec798f0f011c79ea15f1e1c1e750f0bb9,10255,canonical EX17 row/order shadow
scratch/rigid221-blockerv-exact17-20260806/lazy-global-kalmanson-loop-production3-source-frozen-20260809/iteration-0014-seed-3833/analysis.json,e8ec486dd2ac52e9c83e833cf21874d58aa4a6fcd70b50bf094837c6680b08e5,9820,canonical EX17 row/order shadow
scratch/rigid221-blockerv-exact17-20260806/lazy-global-kalmanson-loop-production3-source-frozen-20260809/iteration-0015-seed-3834/analysis.json,a74e79d7e1af47337e8ac1c170ee67f953673c54c1714a4b82bc89ba31b5f139,9822,canonical EX17 row/order shadow
scratch/rigid221-blockerv-exact17-20260806/lazy-global-kalmanson-loop-production3-source-frozen-20260809/iteration-0016-seed-3835/analysis.json,5d294316d1a7e4ff488d1dbb0bdab7ce91a3b875609d3692fea5826d4bb8f0b0,9688,canonical EX17 row/order shadow
scratch/rigid221-blockerv-exact17-20260806/lazy-global-kalmanson-loop-production3-source-frozen-20260809/iteration-0017-seed-3836/analysis.json,4461a769a739cf5ac5e49c0c61f7d6ae4e8395f8eaddbdd3cca483ed9d76a61f,10484,canonical EX17 row/order shadow
scratch/rigid221-blockerv-exact17-20260806/lazy-global-kalmanson-loop-production3-source-frozen-20260809/iteration-0018-seed-3837/analysis.json,002fa6454b476b09c3229c9b04d4d50f55c7bc738baf9ed78d3981d20a2e6f70,10217,canonical EX17 row/order shadow
scratch/rigid221-blockerv-exact17-20260806/lazy-global-kalmanson-loop-production3-source-frozen-20260809/iteration-0019-seed-3838/analysis.json,821b1332b1c38a60523c2fd1b971f159a80d0d4f702b370089139fa91402e00c,10255,canonical EX17 row/order shadow
scratch/rigid221-blockerv-exact17-20260806/lazy-global-kalmanson-loop-production3-source-frozen-20260809/iteration-0020-seed-3839/analysis.json,dd8b7973deba4c412ffc284f18b6188e7b20cac1517879ab0a20d95b4086c1e7,11338,canonical EX17 row/order shadow
scratch/rigid221-blockerv-exact17-20260806/lazy-global-kalmanson-loop-production3-source-frozen-20260809/iteration-0021-seed-3840/analysis.json,409d751347e69870fffd6bc4cca442498544613f0f79a4276ac3577e4f852bbb,10473,canonical EX17 row/order shadow
scratch/rigid221-blockerv-exact17-20260806/lazy-global-kalmanson-loop-production3-source-frozen-20260809/iteration-0022-seed-3841/analysis.json,0299596a0595e9f2537fbdb54a42400bcd0cbb4682f6e5931a3ec63fc463d3bc,10156,canonical EX17 row/order shadow
scratch/rigid221-blockerv-exact17-20260806/lazy-global-kalmanson-loop-production3-source-frozen-20260809/iteration-0023-seed-3842/analysis.json,f13af54a6632fa1a32dd1a6d86524e093315ba8575e0c7b01a082261a82dc563,10233,canonical EX17 row/order shadow
scratch/rigid221-blockerv-exact17-20260806/lazy-global-kalmanson-loop-production3-source-frozen-20260809/iteration-0024-seed-3843/analysis.json,c98a5d54ca1b7c8d96103f3355c4b6878e91d2019d097ab41a23fa91af49d88d,10562,canonical EX17 row/order shadow
scratch/rigid221-blockerv-exact17-20260806/lazy-global-kalmanson-loop-production3-source-frozen-20260809/iteration-0025-seed-3844/analysis.json,c9d2a6331ec0f556272a99bba1b2c99aeef572751aade1d92665d31e2d92ef37,11688,canonical EX17 row/order shadow
scratch/rigid221-blockerv-exact17-20260806/lazy-global-kalmanson-loop-production3-source-frozen-20260809/iteration-0026-seed-3845/analysis.json,4783a2a283a7f34181ef9d11eb405f6e309f6355c3a33269d7d58a4d0a76bd24,9719,canonical EX17 row/order shadow
scratch/rigid221-blockerv-exact17-20260806/lazy-global-kalmanson-loop-production3-source-frozen-20260809/iteration-0027-seed-3846/analysis.json,6af8b15e2a7a717aa4a14883a645f5b729d0c391c9f488fd74acd89795e0dd47,10985,canonical EX17 row/order shadow
scratch/rigid221-blockerv-exact17-20260806/lazy-global-kalmanson-loop-production3-source-frozen-20260809/iteration-0028-seed-3847/analysis.json,c82ec9a064ba7357e357da36bf89934af7c7e2e777eec36434d1211ffb9660e5,10960,canonical EX17 row/order shadow
scratch/rigid221-blockerv-exact17-20260806/lazy-global-kalmanson-loop-production3-source-frozen-20260809/iteration-0029-seed-3848/analysis.json,817582b1cd2ffdbe357163d9adc420582d96aaa61600cfd121a43da4610b51e5,10481,canonical EX17 row/order shadow
scratch/rigid221-blockerv-exact17-20260806/lazy-global-kalmanson-loop-production3-source-frozen-20260809/iteration-0030-seed-3849/analysis.json,dfc67077d4e20d4279b8ef8cc8961e3f8e13e2e00d0a9bb449138d570eea73a3,9597,canonical EX17 row/order shadow
scratch/rigid221-blockerv-exact17-20260806/lazy-global-kalmanson-loop-production3-source-frozen-20260809/iteration-0031-seed-3850/analysis.json,2ea4301998031a31f8ae75e094ae061f0a7abe56a41ea42b915aa1f21ea4a172,9936,canonical EX17 row/order shadow
scratch/rigid221-blockerv-exact17-20260806/lazy-global-kalmanson-loop-smoke-20260809-seed3802/iteration-0000-seed-3802/analysis.json,a23ee58eefca99374bd1520426b4dcb3b0b8a5aa07ab126bc68bbe3bfa4ad767,10226,canonical EX17 row/order shadow
scratch/rigid221-blockerv-exact17-20260806/lazy-two-kalmanson-label-loop-canary-v1-source-frozen-20260809/iteration-0000-seed-4/analysis.json,8a654c8909b9cbc357a4087d2393b9230bc048f01c738b4a317b585066795563,9933,canonical EX17 row/order shadow
scratch/rigid221-blockerv-exact17-20260806/lazy-two-kalmanson-label-loop-production1-source-frozen-20260809/iteration-0000-seed-5/analysis.json,6793b3c624e2cc3d3df9b860eb677121b9dbf812dabbdc574a7c68489fc79396,9558,canonical EX17 row/order shadow
scratch/rigid221-blockerv-exact17-20260806/lazy-two-kalmanson-label-loop-production1-source-frozen-20260809/iteration-0001-seed-6/analysis.json,ff77a54be0f0c48559e54ac7f36039dace1866ea80cdbb550091f9d716f20970,9574,canonical EX17 row/order shadow
scratch/rigid221-blockerv-exact17-20260806/lazy-two-kalmanson-label-loop-production1-source-frozen-20260809/iteration-0002-seed-7/analysis.json,cea3fce4c1c9297add897a25f95b1801153329ce6bbd2e8790783fd1f76094b7,9836,canonical EX17 row/order shadow
scratch/rigid221-blockerv-exact17-20260806/lazy-two-kalmanson-label-loop-production1-source-frozen-20260809/iteration-0003-seed-8/analysis.json,da933094c5c2664dbf2bab7259807a7e28ccecc900c9346742170953a0bd03c0,9151,canonical EX17 row/order shadow
scratch/rigid221-blockerv-exact17-20260806/lazy-two-kalmanson-label-loop-production1-source-frozen-20260809/iteration-0004-seed-9/analysis.json,e14fef87d2dcd6a9bd124268ff7a39fbd231000ee72cbcd19c06e080aa3a24c4,9160,canonical EX17 row/order shadow
scratch/rigid221-blockerv-exact17-20260806/lazy-two-kalmanson-label-loop-production1-source-frozen-20260809/iteration-0005-seed-10/analysis.json,9db6e2e4b7f9706861b4d8865c9829d9ca0d8b93e0c14da11ca900f0b24c0525,9161,canonical EX17 row/order shadow
scratch/rigid221-blockerv-exact17-20260806/lazy-two-kalmanson-label-loop-production1-source-frozen-20260809/iteration-0006-seed-11/analysis.json,c9e36dc6c731210d4e5a0051deca3a81cac702f2c05bf26bb99e168d51ba60d9,9434,canonical EX17 row/order shadow
scratch/rigid221-blockerv-exact17-20260806/lazy-two-kalmanson-label-loop-production1-source-frozen-20260809/iteration-0007-seed-12/analysis.json,784ad1bfb7b042eb615f2d1937474a06fe0677ed2941c458a3c5a1d11c60399a,9546,canonical EX17 row/order shadow
scratch/rigid221-blockerv-exact17-20260806/ordered-row-schema-kl-v1-source-frozen-20260809/probe-seed1/analysis.json,6ae8d62e0fe49b1b47b0578a8275ab0f5f943b88053c86bc9ade4ae95f7ae9d4,9491,canonical EX17 row/order shadow
scratch/rigid221-blockerv-exact17-20260806/ordered-row-schema-klm-v1-source-frozen-20260809/probe-seed1/analysis.json,0827ee1d43f5551e6fcd857a047e2945f4dacff89e350a30b0608b54934c4411,9817,canonical EX17 row/order shadow
scratch/rigid221-blockerv-exact17-20260806/piqd-two-k-label-canary-round1/analysis.json,c5985ce2ab6eea53fb56b856a1413ff52bdfe0fcb5ec2a7d603e7f2d8209db60,9505,canonical EX17 row/order shadow
scratch/rigid221-blockerv-exact17-20260806/piqd-two-k-label-canary-round2/analysis.json,720b763281d77a38e91f3ad1fd927a70f06fc28967d16ad630cca983078d5e04,9316,canonical EX17 row/order shadow
scratch/rigid221-blockerv-exact17-20260806/schema-c-smoke-seed1701/checkpoint.json,edd2be3aecbdef3398b2a99f6c2b3d7b36f86cfb9b5bbc3b8f80a78464d2aa2f,10039,grouped run-wave evidence
scratch/rigid221-blockerv-exact17-20260806/schema-c-wave-seed1702/checkpoint.json,93ad4380cf514f98c95f0e6e5ecbb4a1474873264504eae902a5bd0cc0a465d4,269436,grouped run-wave evidence
scratch/rigid221-blockerv-exact17-20260806/schema-c-wave-seed1703/checkpoint.json,7dd20f5ac0602db902140ac7ed20e0d45e9677a1af1ca4e868c4b460384f2237,470166,grouped run-wave evidence
scratch/rigid221-blockerv-exact17-20260806/schema-c-wave-seed1704/checkpoint.json,1448417c0849fc68c103c81332940cb3e5ab85ab68bd8d2de7521e376d95c1c7,470418,grouped run-wave evidence
scratch/rigid221-blockerv-exact17-20260806/schema-c-wave-seed1705/checkpoint.json,7a1f720a2222b87afcb202330341f95ff12a2d684daba42d34b96074dc0ec526,472613,grouped run-wave evidence
scratch/rigid221-blockerv-exact17-20260806/schema-c-wave-seed1706/checkpoint.json,bdc75556289515540f508868db6840c11fad3207fb216f10f600a309508c607f,414085,grouped run-wave evidence
scratch/rigid221-blockerv-exact17-20260806/schema-c-wave-seed1707/checkpoint.json,dcc6255dfeacaa4a6b32d4211c39cc4173f65e078e888e090448e6c60ea8f317,471067,grouped run-wave evidence
scratch/rigid221-blockerv-exact17-20260806/schema-c-wave-seed1708/checkpoint.json,51109120fa242f4348bdc3245a6cc72dd2105b8a12f5bace7152a2f621496626,470785,grouped run-wave evidence
scratch/rigid221-blockerv-exact17-20260806/schema-c-wave-seed1709/checkpoint.json,5c4fc77c129d69fd07e856a0d792aa5136f267eb91d092615e9feac745c14f59,467758,grouped run-wave evidence
scratch/rigid221-blockerv-exact17-20260806/schema-c-wave-seed1710/checkpoint.json,f59995265c9dc995cdbbfed1e22adb8de2f3d4460587cf87307de664ab47bc01,470114,grouped run-wave evidence
scratch/rigid221-blockerv-exact17-20260806/schema-c-wave-seed1711/checkpoint.json,86f553cf85d2c9045f25fcfa4b567a629ef9bd86d5277ce8e7828989693d65a4,477719,grouped run-wave evidence
scratch/rigid221-blockerv-exact17-20260806/schema-c-wave-seed1712/checkpoint.json,2236cf3634529f5dece52a92f38d97cc30443042125084f8025f3e43e679577c,477221,grouped run-wave evidence
scratch/rigid221-blockerv-exact17-20260806/schema-c-wave-seed1713/checkpoint.json,4e0d1240195222073ccbabf748407a810f584df1186158ccfeb01e73b9e9bc1c,479713,grouped run-wave evidence
scratch/rigid221-blockerv-exact17-20260806/schema-c-wave-seed1714/checkpoint.json,b625ac4ddd82a88df8db4d37232ca218c3636c458bb5c1f57fed7ac518c4bdfc,306088,grouped run-wave evidence
scratch/rigid221-blockerv-exact17-20260806/schema-c-wave-seed1715/checkpoint.json,71626a13f97defd291011a0133116d768cedcafaf9391058e88a356240f5d718,473999,grouped run-wave evidence
scratch/rigid221-blockerv-exact17-20260806/schema-c-wave-seed1716/checkpoint.json,91819b8f89ffd1ae1407b64fc3c331aee7c0df784e535420827657ea7de5f1f3,482362,grouped run-wave evidence
scratch/rigid221-blockerv-exact17-20260806/schema-c-wave-seed1717/checkpoint.json,8587bd5c65c48c79e2383d8cfb9a52cf957d44fc8ea8585c796034f6d2044613,468945,grouped run-wave evidence
scratch/rigid221-blockerv-exact17-20260806/schema-cde-wave2-seed1801/checkpoint.json,502a3cd69b2f6f02187b422ce36f3fb8d7454cfbfcd4fa15791cf40d312cc92b,1161432,grouped run-wave evidence
scratch/rigid221-blockerv-exact17-20260806/schema-cde-wave2-seed1802/checkpoint.json,2642fa916698edab26f5ba50e202fd740204653c0ac77a5cd3eeb5394fdb3e24,1155094,grouped run-wave evidence
scratch/rigid221-blockerv-exact17-20260806/schema-cde-wave2-seed1803/checkpoint.json,041e4c37fce9c207a2d8782916383c8be0c158f153d8b74b75f05f3f1806f66c,1153074,grouped run-wave evidence
scratch/rigid221-blockerv-exact17-20260806/schema-cde-wave2-seed1804/checkpoint.json,1140d2ab88180277bc9ef87ac3bea52a4c988c33f260294e3e73fe1a0120dff2,1164712,grouped run-wave evidence
scratch/rigid221-blockerv-exact17-20260806/schema-cde-wave2-seed1805/checkpoint.json,43d017605f6205f3765e046848ce24f1f8ff63ba92ccee62d162a4d2ef07be46,858560,grouped run-wave evidence
scratch/rigid221-blockerv-exact17-20260806/schema-cde-wave2-seed1806/checkpoint.json,55175312606ab43add933547a7cea9073747dbae791648bcce977ea55745cadc,1160164,grouped run-wave evidence
scratch/rigid221-blockerv-exact17-20260806/schema-cde-wave2-seed1807/checkpoint.json,17f5d94d6dfb9ece1793dcba99e51b9c889650ed532109a7599b4ad2b432a52b,183496,grouped run-wave evidence
scratch/rigid221-blockerv-exact17-20260806/schema-cde-wave2-seed1808/checkpoint.json,a2cce25aa81048f755f9ce6ecf3725f3dd99acddc15395a42e3cb4fded03321b,365917,grouped run-wave evidence
scratch/rigid221-blockerv-exact17-20260806/schema-cde-wave2-seed1809/checkpoint.json,9123f6c427be0c45bdda011ae5c7598fedc3c1a67894f2614ade14ca181fa37a,260791,grouped run-wave evidence
scratch/rigid221-blockerv-exact17-20260806/schema-cde-wave2-seed1810/checkpoint.json,3413ae1d0459c433af9db35f77ea3ee58bc846f9be55df961efad66bdd0138aa,643186,grouped run-wave evidence
scratch/rigid221-blockerv-exact17-20260806/schema-cde-wave2-seed1811/checkpoint.json,9970e11e2ed4334d1557b511a823cf3d4d6739698c86bb43344a47b2f4fb5a5b,1155268,grouped run-wave evidence
scratch/rigid221-blockerv-exact17-20260806/schema-cde-wave2-seed1812/checkpoint.json,d0c7a902c0e912c1c06ae4805f6741f5ce3b115ead45ae94e598181bcff80ecd,387647,grouped run-wave evidence
scratch/rigid221-blockerv-exact17-20260806/schema-cde-wave2-seed1813/checkpoint.json,2ec61fb526eb7c48d3e6a837f4842198c8b10af5b880e2c8e2dce08631753414,1161157,grouped run-wave evidence
scratch/rigid221-blockerv-exact17-20260806/schema-cde-wave2-seed1814/checkpoint.json,89b100c4e633b26de2c017439dd23ace0fed7794190a834f13a91c6cc2550b4b,1181669,grouped run-wave evidence
scratch/rigid221-blockerv-exact17-20260806/schema-cde-wave2-seed1815/checkpoint.json,c40e4fcc8d96cf818ba9e09f4691d39fb97b9c7f1b371275e364de7463eed90a,1169095,grouped run-wave evidence
scratch/rigid221-blockerv-exact17-20260806/schema-cde-wave2-seed1816/checkpoint.json,f7deaf8a1520d7baa9216ec0ab6530d59c27733ef2416ee6801f47faf21374f4,1175926,grouped run-wave evidence
scratch/rigid221-blockerv-exact17-20260806/schema-cdef-wave3-seed1901/checkpoint.json,2ca4c61787bd92f9cac27c88e45090d7412471ff3cd3f7d25922b3dd083da093,1161099,grouped run-wave evidence
scratch/rigid221-blockerv-exact17-20260806/schema-cdef-wave3-seed1902/checkpoint.json,a4ad9351fef0a03debfab7a6b3ed617c1b56bf2b6be72bd4e9c66797e215b77b,1167736,grouped run-wave evidence
scratch/rigid221-blockerv-exact17-20260806/schema-cdef-wave3-seed1903/checkpoint.json,123d12bf023cda1200458ddf1d2a07f6762ec802b791015f9920271ecf096943,1176052,grouped run-wave evidence
scratch/rigid221-blockerv-exact17-20260806/schema-cdef-wave3-seed1904/checkpoint.json,7c96042f99da684342bc0ff831202a9acac8ec3a91e8640a7da277b3f1cc2822,1155831,grouped run-wave evidence
scratch/rigid221-blockerv-exact17-20260806/schema-cdef-wave3-seed1905/checkpoint.json,efb36485ddd2c13905df613378fc562301832afa5b1c9aa0fa98bb330470746f,786761,grouped run-wave evidence
scratch/rigid221-blockerv-exact17-20260806/schema-cdef-wave3-seed1906/checkpoint.json,5639a356be24794b8703024ce854f1a3eea82bb04a42ebe9024b5a61f0d2c6c8,1170079,grouped run-wave evidence
scratch/rigid221-blockerv-exact17-20260806/schema-cdef-wave3-seed1907/checkpoint.json,8f11eb1e4243debcacc0f39a95e6dc8a04c0508b682af3d07a96a1beb77f8eac,1162585,grouped run-wave evidence
scratch/rigid221-blockerv-exact17-20260806/schema-cdef-wave3-seed1908/checkpoint.json,17eb4aa65df25c731557868710c5a68fa5ab5cdaeeb07c6f28d454ada07439b8,252907,grouped run-wave evidence
scratch/rigid221-blockerv-exact17-20260806/source-faithful-cap9-direct-cnf-v10-proposal-all24-analysis48/cadical-portfolio-20260808/seed-1009.analysis.json,19a86bac2500704111d0eb0c06ca17c4385f0d3aa079e8e25bbcff3cf71cf65a,9837,canonical EX17 row/order shadow
scratch/rigid221-blockerv-exact17-20260806/source-faithful-cap9-direct-cnf-v10-proposal-all24-analysis48/cadical-portfolio-20260808/seed-1013.analysis.json,46309434e14e0e8b6369a8cfca12a55e000993acff08129aff9295ff64ebae15,9832,canonical EX17 row/order shadow
scratch/rigid221-blockerv-exact17-20260806/source-faithful-cap9-direct-cnf-v10-proposal-all24-analysis48/cadical-portfolio-20260808/seed-1019.analysis.json,f6f449857a7b9c83c3d473558ccb688116666380b14a07c7559b20206355e346,9586,canonical EX17 row/order shadow
scratch/rigid221-blockerv-exact17-20260806/source-faithful-cap9-direct-cnf-v10-proposal-all24-analysis48/cadical-portfolio-20260808/seed-1021.analysis.json,36add1e945753972efbed5c6540b31af65b877998c3321d1d90b03e11d2d69c3,10348,canonical EX17 row/order shadow
scratch/rigid221-blockerv-exact17-20260806/source-faithful-cap9-direct-cnf-v10-proposal-all24-analysis48/cadical-portfolio-20260808/seed-1031.analysis.json,d3a4c515db876b8fd9c034c6d68c1b0caedbc3b6717cd4607eda661a523df4c5,9623,canonical EX17 row/order shadow
scratch/rigid221-blockerv-exact17-20260806/source-faithful-cap9-direct-cnf-v10-proposal-all24-analysis48/cadical-portfolio-20260808/seed-1039.analysis.json,a0fc302af7c0c10fa3a8c714db8279f9df86559dc525396c545e62da85ea1921,9822,canonical EX17 row/order shadow
scratch/rigid221-blockerv-exact17-20260806/source-faithful-cap9-direct-cnf-v10-proposal-all24-analysis48/cadical-portfolio-20260808/seed-1049.analysis.json,998e04c6c60fe147ad4bcd729dfd4097b784431852ae96b0692c5de4cb204fb5,10406,canonical EX17 row/order shadow
scratch/rigid221-blockerv-exact17-20260806/source-faithful-cap9-direct-cnf-v10-proposal-all24-analysis48/cadical-portfolio-20260808/seed-1051.analysis.json,5b932ef676df84fe4a36985edaf4c52e44b9a96f78d9d4f431c4cded246f3934,9623,canonical EX17 row/order shadow
scratch/rigid221-blockerv-exact17-20260806/source-faithful-cap9-direct-cnf-v10-proposal-all24-analysis48/cadical-portfolio-20260808/seed-1061.analysis.json,700415e23def67f15befcb566ba1d5024b835a75e3b48f6c1024fdbb3672a5a8,9678,canonical EX17 row/order shadow
scratch/rigid221-blockerv-exact17-20260806/source-faithful-cap9-direct-cnf-v10-proposal-all24-analysis48/cadical-portfolio-20260808/seed-1069.analysis.json,5d144a8f9bec5ee24e6510881b9bb421271fedcb7a7f4a261379ef9bdf17d397,10254,canonical EX17 row/order shadow
scratch/rigid221-blockerv-exact17-20260806/source-faithful-cap9-direct-cnf-v10-proposal-all24-analysis48/cadical-portfolio-20260808/seed-1087.analysis.json,842a179e857437634e30bed7183707768c61442397a23d2614233af4aef07ab4,9835,canonical EX17 row/order shadow
scratch/rigid221-blockerv-exact17-20260806/source-faithful-cap9-direct-cnf-v10-proposal-all24-analysis48/cadical-portfolio-20260808/seed-1091.analysis.json,26d253dbbf12dd96bfe30bce9aeedd0b069cabb9173e4ac4c1b3614ca1dd1952,9868,canonical EX17 row/order shadow
scratch/rigid221-blockerv-exact17-20260806/source-faithful-cap9-direct-cnf-v10-proposal-all24-analysis48/cadical-portfolio-20260808/seed-1097.analysis.json,27b636edd91bbe9a1d5070c5ebb6800155a0cb3ddaddc2dc478d3ee826d705f7,9816,canonical EX17 row/order shadow
scratch/rigid221-blockerv-exact17-20260806/source-faithful-cap9-direct-cnf-v10-proposal-all24-analysis48/cadical-portfolio-20260808/seed-1103.analysis.json,68f3b1d2a0c7a509483c6eb594c5acae5f9fdcc62e3738bcb0e7830323310f58,9366,canonical EX17 row/order shadow
scratch/rigid221-blockerv-exact17-20260806/source-faithful-cap9-direct-cnf-v10-proposal-all24-analysis48/cadical-portfolio-20260808/seed-1109.analysis.json,cae08fae799d0efa9f251a2b44afc1e16448690aa39c0af1061ce8f4090639af,9328,canonical EX17 row/order shadow
scratch/rigid221-blockerv-exact17-20260806/source-faithful-cap9-direct-cnf-v10-proposal-all24-analysis48/cadical-portfolio-20260808/seed-1117.analysis.json,1f218fddcac37d33bf6176532ffaa334e7fb0c7331bdbcd98631906d010b1573,9482,canonical EX17 row/order shadow
scratch/rigid221-blockerv-exact17-20260806/source-faithful-cap9-direct-cnf-v10-proposal-all24-analysis48/cadical-portfolio-20260808/seed-1123.analysis.json,4d89fc307893c2487dedb48135cd56db6e2da97e2f3bd7ab912420d66d855bbf,9651,canonical EX17 row/order shadow
scratch/rigid221-blockerv-exact17-20260806/source-faithful-cap9-direct-cnf-v10-proposal-all24-analysis48/cadical-portfolio-20260808/seed-1129.analysis.json,6509b6fcc1a426da3eb3ab8ebf11c191932819508e193baa9277368258ebbea8,9627,canonical EX17 row/order shadow
scratch/rigid221-blockerv-exact17-20260806/source-faithful-cap9-direct-cnf-v10-proposal-all24-analysis48/cadical-portfolio-20260808/seed-1151.analysis.json,0ae537663884139fda03eb69548f335cff91dd41f628d9c0a0fdec9d76324629,9534,canonical EX17 row/order shadow
scratch/rigid221-blockerv-exact17-20260806/source-faithful-cap9-direct-cnf-v10-proposal-all24-analysis48/cadical-portfolio-20260808/seed-1153.analysis.json,9aa5a933814a965d3e6c486bf8e159db68c68744bbb2a007c74d4e7a50a5fb52,10145,canonical EX17 row/order shadow
scratch/rigid221-blockerv-exact17-20260806/source-faithful-cap9-direct-cnf-v11-exact-all-cores/cadical-portfolio-20260808/seed-1201.analysis.json,e915031f4e8f7b88aff2f0d3b85dde10b2725f908a40a24d27caefbf7574bbfe,11528,canonical EX17 row/order shadow
scratch/rigid221-blockerv-exact17-20260806/source-faithful-cap9-direct-cnf-v11-exact-all-cores/cadical-portfolio-20260808/seed-1202.analysis.json,43f7a7b7320ecc3d3ee9434729d4d6a70e40d05aafef17967b858d0b3e0a6cb3,10313,canonical EX17 row/order shadow
scratch/rigid221-blockerv-exact17-20260806/source-faithful-cap9-direct-cnf-v11-exact-all-cores/cadical-portfolio-20260808/seed-1203.analysis.json,4e6ae094232557f6c8015c7858111ee85e2157a5a4ed3e8de384ee86c4a046b7,11561,canonical EX17 row/order shadow
scratch/rigid221-blockerv-exact17-20260806/source-faithful-cap9-direct-cnf-v11-exact-all-cores/cadical-portfolio-20260808/seed-1204.analysis.json,5bbf74ce0f6dbc42b369e56853f09171bbab6c9b0c2046f126f8e2396cc7b4e9,11159,canonical EX17 row/order shadow
scratch/rigid221-blockerv-exact17-20260806/source-faithful-cap9-direct-cnf-v11-exact-all-cores/cadical-portfolio-20260808/seed-1205.analysis.json,c538b16cb434e8cfda00ec52846c0478ec7b286bcad5f0c71608bd4980228937,11286,canonical EX17 row/order shadow
scratch/rigid221-blockerv-exact17-20260806/source-faithful-cap9-direct-cnf-v11-exact-all-cores/cadical-portfolio-20260808/seed-1206.analysis.json,991c8450af7e76dc70be3d3d6e004c8bc1874e2cb13fb564a42d61afcbbd55dd,11289,canonical EX17 row/order shadow
scratch/rigid221-blockerv-exact17-20260806/source-faithful-cap9-direct-cnf-v11-exact-all-cores/cadical-portfolio-20260808/seed-1207.analysis.json,f2c1e0c8497fe5786c832bdbb037071db4f7c5972706bc57189523430df133d1,11546,canonical EX17 row/order shadow
scratch/rigid221-blockerv-exact17-20260806/source-faithful-cap9-direct-cnf-v11-exact-all-cores/cadical-portfolio-20260808/seed-1208.analysis.json,cd88db18cebace9db3a1ee7a133cc85a0595ae929562f400783469095cf23c05,11286,canonical EX17 row/order shadow
scratch/rigid221-blockerv-exact17-20260806/source-faithful-cap9-direct-cnf-v11-exact-all-cores/cadical-portfolio-20260808/seed-1209.analysis.json,d264077ba4ff9ab8d3c11a5a25fe518887b4558c7ba82e5d3bd0978e713df143,11299,canonical EX17 row/order shadow
scratch/rigid221-blockerv-exact17-20260806/source-faithful-cap9-direct-cnf-v11-exact-all-cores/cadical-portfolio-20260808/seed-1210.analysis.json,2f9a0b0fb16b083cdd3bb01649454880078c46a18910bbfd549faa57cf5197f1,11162,canonical EX17 row/order shadow
scratch/rigid221-blockerv-exact17-20260806/source-faithful-cap9-direct-cnf-v11-exact-all-cores/cadical-portfolio-20260808/seed-1211.analysis.json,e7570ace532dbf05cebf0ac4c5be220b9a37c542c35dd455a9ef6124b8193620,11648,canonical EX17 row/order shadow
scratch/rigid221-blockerv-exact17-20260806/source-faithful-cap9-direct-cnf-v11-exact-all-cores/cadical-portfolio-20260808/seed-1212.analysis.json,71867e99fb6c186ebc5300418d3a5e5b5399002a6414f0159da4a4ac13113e81,11015,canonical EX17 row/order shadow
scratch/rigid221-blockerv-exact17-20260806/source-faithful-cap9-direct-cnf-v11-exact-all-cores/cadical-portfolio-20260808/seed-1213.analysis.json,84e5a3490d3dea385f82164429f35992d86e53bd7597f92d07e7a316b49fc20b,11537,canonical EX17 row/order shadow
scratch/rigid221-blockerv-exact17-20260806/source-faithful-cap9-direct-cnf-v11-exact-all-cores/cadical-portfolio-20260808/seed-1214.analysis.json,337fc983bd5dce9fb4375388d07080e2a75839ac96c2fbab69e807ca6657703c,11148,canonical EX17 row/order shadow
scratch/rigid221-blockerv-exact17-20260806/source-faithful-cap9-direct-cnf-v11-exact-all-cores/cadical-portfolio-20260808/seed-1215.analysis.json,e7fbcaf0c68518bc9b72a9d5d8ee144abaf7bd6579a6d88c520177606c33f952,11021,canonical EX17 row/order shadow
scratch/rigid221-blockerv-exact17-20260806/source-faithful-cap9-direct-cnf-v11-exact-all-cores/cadical-portfolio-20260808/seed-1216.analysis.json,6825ea2fdecffc479195e05281f9bcea7b5b5c7816ba41829587a7193dcc0756,11006,canonical EX17 row/order shadow
scratch/rigid221-blockerv-exact17-20260806/source-faithful-cap9-direct-cnf-v11-exact-all-cores/cadical-portfolio-20260808/seed-1217.analysis.json,350003237e0030336fd677d1ec3b4991864a1c71a4059d9d780b25d144fd28c8,9910,canonical EX17 row/order shadow
scratch/rigid221-blockerv-exact17-20260806/source-faithful-cap9-direct-cnf-v11-exact-all-cores/cadical-portfolio-20260808/seed-1218.analysis.json,1b558eb5b477587dddea6971aba9fb38826a3b1fed8a93371e112ebab88c1b74,11166,canonical EX17 row/order shadow
scratch/rigid221-blockerv-exact17-20260806/source-faithful-cap9-direct-cnf-v11-exact-all-cores/cadical-portfolio-20260808/seed-1219.analysis.json,aab0aca8d084b3b3a00892c93a0f7446cf93719e5a6e9f5f87482d65622c36c3,11294,canonical EX17 row/order shadow
scratch/rigid221-blockerv-exact17-20260806/source-faithful-cap9-direct-cnf-v11-exact-all-cores/cadical-portfolio-20260808/seed-1220.analysis.json,b5c4bcdc96e850840cad196c5cd5df08e393cd00876b9e885865f2cfacd58311,11404,canonical EX17 row/order shadow
scratch/rigid221-blockerv-exact17-20260806/source-faithful-cap9-direct-cnf-v11-exact-all-cores/cadical-portfolio-20260808/seed-1221.analysis.json,364e5687577bb4b92e53f6d4f916ed3cab765b9a065161f9ef4df4a2e9e0b5fc,11288,canonical EX17 row/order shadow
scratch/rigid221-blockerv-exact17-20260806/source-faithful-cap9-direct-cnf-v11-exact-all-cores/cadical-portfolio-20260808/seed-1222.analysis.json,32d4f535e03b4bac4d4d9b7b425c140368e26b0ae3b5eaca4d8db0a86beed8de,11645,canonical EX17 row/order shadow
scratch/rigid221-blockerv-exact17-20260806/source-faithful-cap9-direct-cnf-v11-exact-all-cores/cadical-portfolio-20260808/seed-1223.analysis.json,3e9295d3d6feec8d2be29fdf382cd9bbc91406b3f287fbfce6a296f66c140984,11027,canonical EX17 row/order shadow
scratch/rigid221-blockerv-exact17-20260806/source-faithful-cap9-direct-cnf-v11-exact-all-cores/cadical-portfolio-20260808/seed-1224.analysis.json,ac305dc71da8a9ffcd21136117af25d5688bbb891642b553de14fdf3d0547452,11437,canonical EX17 row/order shadow
scratch/rigid221-blockerv-exact17-20260806/source-faithful-cap9-direct-cnf-v12t-exact-all-cores-44/cadical-portfolio-20260808/seed-1301.analysis.json,b718fcd84493fd1eaedf60251807bc805ebfeaa7c493b5489071f6fa3b1f08a9,9033,canonical EX17 row/order shadow
scratch/rigid221-blockerv-exact17-20260806/source-faithful-cap9-direct-cnf-v12t-exact-all-cores-44/cadical-portfolio-20260808/seed-1302.analysis.json,4afd4dabc8b81a1a27b579bf254905d78bc3e874013db04b21476dff1d4a99bc,9539,canonical EX17 row/order shadow
scratch/rigid221-blockerv-exact17-20260806/source-faithful-cap9-direct-cnf-v12t-exact-all-cores-44/cadical-portfolio-20260808/seed-1303.analysis.json,f7e4482a671a9ead2f9d8d0bf819686148d7451b10b236f24e41ae290dcd883c,9433,canonical EX17 row/order shadow
scratch/rigid221-blockerv-exact17-20260806/source-faithful-cap9-direct-cnf-v12t-exact-all-cores-44/cadical-portfolio-20260808/seed-1304.analysis.json,6cdf62b00177d078a7d5cc9395c6c0f386ffc14dd24350dabb309613c0762de6,9020,canonical EX17 row/order shadow
scratch/rigid221-blockerv-exact17-20260806/source-faithful-cap9-direct-cnf-v12t-exact-all-cores-44/cadical-portfolio-20260808/seed-1305.analysis.json,d7f737b849950a5d6e111ee463608abf18a6f7109cbf7d3f8a0c1e07f069bad6,9124,canonical EX17 row/order shadow
scratch/rigid221-blockerv-exact17-20260806/source-faithful-cap9-direct-cnf-v12t-exact-all-cores-44/cadical-portfolio-20260808/seed-1306.analysis.json,f1c88100457b9bc9c5592a46d061f5b5b1eab867803a309584999480e13ab4ed,9119,canonical EX17 row/order shadow
scratch/rigid221-blockerv-exact17-20260806/source-faithful-cap9-direct-cnf-v12t-exact-all-cores-44/cadical-portfolio-20260808/seed-1307.analysis.json,27be32bee9df3c7f0d6611948b64f72d9fb1691d88e674ebb9cc91c0922962a6,9141,canonical EX17 row/order shadow
scratch/rigid221-blockerv-exact17-20260806/source-faithful-cap9-direct-cnf-v12t-exact-all-cores-44/cadical-portfolio-20260808/seed-1308.analysis.json,c0c03fe97152ff2e2bfb01faa81f8748dff6c9e18f0c14ccf21ebac28ec0159c,9364,canonical EX17 row/order shadow
scratch/rigid221-blockerv-exact17-20260806/source-faithful-cap9-direct-cnf-v12t-exact-all-cores-44/cadical-portfolio-20260808/seed-1309.analysis.json,86d63ed6ebd0b4cb250cc2088299f22c717f04c6e3d3eb0c902da288f6adceea,9146,canonical EX17 row/order shadow
scratch/rigid221-blockerv-exact17-20260806/source-faithful-cap9-direct-cnf-v12t-exact-all-cores-44/cadical-portfolio-20260808/seed-1310.analysis.json,0b4e3c72e5894d1bb1779875550e71484c94c7f5a4ca53e7f1924c74ba08908c,9270,canonical EX17 row/order shadow
scratch/rigid221-blockerv-exact17-20260806/source-faithful-cap9-direct-cnf-v12t-exact-all-cores-44/cadical-portfolio-20260808/seed-1311.analysis.json,d28fa4bd89fc22cd8028e274fbf388f8eda846c63f06be94372eb5fa373e0ce0,8892,canonical EX17 row/order shadow
scratch/rigid221-blockerv-exact17-20260806/source-faithful-cap9-direct-cnf-v12t-exact-all-cores-44/cadical-portfolio-20260808/seed-1312.analysis.json,5af444f706c64b93d75019b55416530fa5eecc04999eecdc235082a9a7883eef,9722,canonical EX17 row/order shadow
scratch/rigid221-blockerv-exact17-20260806/source-faithful-cap9-direct-cnf-v12t-exact-all-cores-44/cadical-portfolio-20260808/seed-1313.analysis.json,cdc941aa24b837d7376dcf6c04e055749e33a4119054aabdefaa139bbf6d0174,8892,canonical EX17 row/order shadow
scratch/rigid221-blockerv-exact17-20260806/source-faithful-cap9-direct-cnf-v12t-exact-all-cores-44/cadical-portfolio-20260808/seed-1314.analysis.json,beb7eaf77280aecd772333aee66031a9fd7d71707db1c1f700b23cf32b9fe099,9792,canonical EX17 row/order shadow
scratch/rigid221-blockerv-exact17-20260806/source-faithful-cap9-direct-cnf-v12t-exact-all-cores-44/cadical-portfolio-20260808/seed-1315.analysis.json,85b866d46820f244a325f31ea3751b49f41fa898769b5981647b5f77325fe77b,9389,canonical EX17 row/order shadow
scratch/rigid221-blockerv-exact17-20260806/source-faithful-cap9-direct-cnf-v12t-exact-all-cores-44/cadical-portfolio-20260808/seed-1316.analysis.json,f658db4251c057457d10a114cc09699c585e46e345928630dcb0ac7d13c0b0cd,9199,canonical EX17 row/order shadow
scratch/rigid221-blockerv-exact17-20260806/source-faithful-cap9-direct-cnf-v12t-exact-all-cores-44/cadical-portfolio-20260808/seed-1317.analysis.json,8ac99bdae23dfb8457f355b3fd55aa062d42eb3691e184dcffcac7ee101598f1,9132,canonical EX17 row/order shadow
scratch/rigid221-blockerv-exact17-20260806/source-faithful-cap9-direct-cnf-v12t-exact-all-cores-44/cadical-portfolio-20260808/seed-1318.analysis.json,a20241f0708d358e9d740c6c3ee01d422cbd19282b99be9a8f5fd4d4f45bef0c,8900,canonical EX17 row/order shadow
scratch/rigid221-blockerv-exact17-20260806/source-faithful-cap9-direct-cnf-v12t-exact-all-cores-44/cadical-portfolio-20260808/seed-1319.analysis.json,e71dc3c5358957688e6fabaa603bd70fc16ba3f93517dce3f026a2d1d0a12448,9148,canonical EX17 row/order shadow
scratch/rigid221-blockerv-exact17-20260806/source-faithful-cap9-direct-cnf-v12t-exact-all-cores-44/cadical-portfolio-20260808/seed-1320.analysis.json,84d4acdc86cdb88278defc24cc51bb0beb6aaca6221a4a612e0cc6c09f21fc79,9141,canonical EX17 row/order shadow
scratch/rigid221-blockerv-exact17-20260806/source-faithful-cap9-direct-cnf-v12t-exact-all-cores-44/cadical-portfolio-20260808/seed-1321.analysis.json,562b077b1f1476d8841938976274024c0206ee6b165b5ef49f32c865b20e253d,9147,canonical EX17 row/order shadow
scratch/rigid221-blockerv-exact17-20260806/source-faithful-cap9-direct-cnf-v12t-exact-all-cores-44/cadical-portfolio-20260808/seed-1322.analysis.json,2ef6e316e77973eeead8edd77f2c000e74181ef89fac4d8b9b0b126220734908,9126,canonical EX17 row/order shadow
scratch/rigid221-blockerv-exact17-20260806/source-faithful-cap9-direct-cnf-v12t-exact-all-cores-44/cadical-portfolio-20260808/seed-1323.analysis.json,e50b48c8a4e0584fbace109b2f855ad6426b243186e5b44cf18d0bc28c71471e,8886,canonical EX17 row/order shadow
scratch/rigid221-blockerv-exact17-20260806/source-faithful-cap9-direct-cnf-v12t-exact-all-cores-44/cadical-portfolio-20260808/seed-1324.analysis.json,0dfff995f0d7156ff6502b0d54e29753f13d2078f6eb19f11c19cb6c3d78b28f,9517,canonical EX17 row/order shadow
scratch/rigid221-blockerv-exact17-20260806/source-faithful-cap9-direct-cnf-v13-schema-h-canary/cadical-canary-20260809/seed-2101.analysis.json,ce60b47ff7bcb98893beb97c6c1b1e3492f6111b3d5cf941dd5dd7c804df655b,9537,canonical EX17 row/order shadow
scratch/rigid221-blockerv-exact17-20260806/source-faithful-cap9-direct-cnf-v13-schema-h-canary/cadical-canary-20260809/seed-2102.analysis.json,484df2f4eadc87bb1a40ccc672502863df6fc0ebe6526f30508430fde0973342,9272,canonical EX17 row/order shadow
scratch/rigid221-blockerv-exact17-20260806/source-faithful-cap9-direct-cnf-v13-schema-h-canary/cadical-canary-20260809/seed-2103.analysis.json,a6487bf8ccd5a65f2808d5cfd0b727073b23409595ae0888307036440d2538a7,8882,canonical EX17 row/order shadow
scratch/rigid221-blockerv-exact17-20260806/source-faithful-cap9-direct-cnf-v13-schema-h-canary/cadical-canary-20260809/seed-2104.analysis.json,0930b6dd7f8fd931807578931c1fa7a335916c8b760bc90b4132e478d2c5d4a5,9307,canonical EX17 row/order shadow
scratch/rigid221-blockerv-exact17-20260806/source-faithful-cap9-direct-cnf-v14b-all72-exact-cores/cadical-canary-20260809/seed-2201.analysis.json,0b9512adae53b6d49403fa5a790bc629d78b5495b23014be60689db501f852c6,9008,canonical EX17 row/order shadow
scratch/rigid221-blockerv-exact17-20260806/source-faithful-cap9-direct-cnf-v14b-all72-exact-cores/cadical-canary-20260809/seed-2202.analysis.json,81d9f32e892b5384852a46322a693c01c17c2a43772f5cb91042febdf118c640,9568,canonical EX17 row/order shadow
scratch/rigid221-blockerv-exact17-20260806/source-faithful-cap9-direct-cnf-v14b-all72-exact-cores/cadical-canary-20260809/seed-2203.analysis.json,1ec6e6812443ea5b4a6d1b838db638403dbe4443f702bcf3b949c4e2bb7c1c6c,9108,canonical EX17 row/order shadow
scratch/rigid221-blockerv-exact17-20260806/source-faithful-cap9-direct-cnf-v14b-all72-exact-cores/cadical-canary-20260809/seed-2204.analysis.json,fdd9819ee7919de3a720f8916d8e4c8cbd19bc610290962573db8428eb3493d0,8889,canonical EX17 row/order shadow
scratch/rigid221-blockerv-exact17-20260806/source-faithful-cap9-direct-cnf-v15-schema-i-all72/cadical-canary-20260809/seed-2301.analysis.json,2034f78821efedb64f03cab9bff0e4f39bba53f8625254ddad0fa88c55fe00b6,11114,canonical EX17 row/order shadow
scratch/rigid221-blockerv-exact17-20260806/source-faithful-cap9-direct-cnf-v15-schema-i-all72/cadical-canary-20260809/seed-2302.analysis.json,d7df0365d52d0beb1547dc7bb0bc46d531bd9c019251885e7ed885f3350934ba,11114,canonical EX17 row/order shadow
scratch/rigid221-blockerv-exact17-20260806/source-faithful-cap9-direct-cnf-v15-schema-i-all72/cadical-canary-20260809/seed-2303.analysis.json,6868d31358108316df594aa0afef756e94f625341d3094e83722ad48d884879a,11114,canonical EX17 row/order shadow
scratch/rigid221-blockerv-exact17-20260806/source-faithful-cap9-direct-cnf-v15-schema-i-all72/cadical-canary-20260809/seed-2304.analysis.json,c8f4680b2738b1d5f8055f06c1f6e569619c322065dc72d63de048d358a183ae,11114,canonical EX17 row/order shadow
scratch/rigid221-blockerv-exact17-20260806/source-faithful-cap9-direct-cnf-v16-schema-j-all76/cadical-canary-20260809/seed-2401.analysis.json,78ecbd5f9e382d1fc7b8869b75ea08c2e3d0ae6bb1ed5ae3d4ecfc9dc67844b1,11783,canonical EX17 row/order shadow
scratch/rigid221-blockerv-exact17-20260806/source-faithful-cap9-direct-cnf-v16-schema-j-all76/cadical-canary-20260809/seed-2402.analysis.json,faf6133fb04e06b24c0c02e427af89fe292dc9c03d1fd7cd892176f2c2663704,11783,canonical EX17 row/order shadow
scratch/rigid221-blockerv-exact17-20260806/source-faithful-cap9-direct-cnf-v16-schema-j-all76/cadical-canary-20260809/seed-2403.analysis.json,598dc81e8331896f3fbd7a6a423a29c714a66613d85af329d4fb1568d29e1906,11783,canonical EX17 row/order shadow
scratch/rigid221-blockerv-exact17-20260806/source-faithful-cap9-direct-cnf-v16-schema-j-all76/cadical-canary-20260809/seed-2404.analysis.json,5f78c99945646578c06a70721b5bc6b7f20c7cb075c784eb653f1c37c9f935ab,11783,canonical EX17 row/order shadow
scratch/rigid221-blockerv-exact17-20260806/source-faithful-cap9-direct-cnf-v17-existing-bank-all80/cadical-canary-20260809/seed-2501.analysis.json,3dcc1195278b65bb65b6e91eb394a1f9bd61643b1f504c7a31bf8c667f0fd369,13969,canonical EX17 row/order shadow
scratch/rigid221-blockerv-exact17-20260806/source-faithful-cap9-direct-cnf-v17-existing-bank-all80/cadical-canary-20260809/seed-2502.analysis.json,ece58c6f629c38db569a5615dc04466541c112ddd7f71bf4e3062ec347a6f508,13969,canonical EX17 row/order shadow
scratch/rigid221-blockerv-exact17-20260806/source-faithful-cap9-direct-cnf-v17-existing-bank-all80/cadical-canary-20260809/seed-2503.analysis.json,ef4dd631274c0b379d9915ca1380cede611b859214fbfa6fb7657279cfc115f6,13969,canonical EX17 row/order shadow
scratch/rigid221-blockerv-exact17-20260806/source-faithful-cap9-direct-cnf-v17-existing-bank-all80/cadical-canary-20260809/seed-2504.analysis.json,71ead90820e8cc69ba06195243fcccc0983debaed178c84f109efd7269747f23,13969,canonical EX17 row/order shadow
scratch/rigid221-blockerv-exact17-20260806/source-faithful-cap9-direct-cnf-v18-existing-bank-all84/diagnostic-canary-20260809/seed-2901.scan.analysis.json,9c91b866b9bec6328996f06ed0926f4e92ba0ae6655faf7e6d5ed74d1e51fa5d,8981,canonical EX17 row/order shadow
scratch/rigid221-blockerv-exact17-20260806/source-faithful-cap9-direct-cnf-v18b-existing-bank-all84/cadical-canary-20260809/seed-2601.all-bank.analysis.json,94f2bcf5bcbd8c08e3da547193859e8d583f831a1e4b4a951f8d975cd1622b7a,83394,canonical EX17 row/order shadow
scratch/rigid221-blockerv-exact17-20260806/source-faithful-cap9-direct-cnf-v18b-existing-bank-all84/cadical-canary-20260809/seed-2601.analysis.json,d862d377e9b02b1abf5966cb8a1d291ac40fbbf1e729933189e1a225bceaef2f,25191,canonical EX17 row/order shadow
scratch/rigid221-blockerv-exact17-20260806/source-faithful-cap9-direct-cnf-v18b-existing-bank-all84/cadical-canary-20260809/seed-2602.analysis.json,85187a00e1d72762830105658f44a6879c2c07583ace74739dd69f489f5d07e7,25191,canonical EX17 row/order shadow
scratch/rigid221-blockerv-exact17-20260806/source-faithful-cap9-direct-cnf-v18b-existing-bank-all84/cadical-canary-20260809/seed-2603.analysis.json,6fefa141ac21604e2054da1266252ce1efa50d083e3df4e5da6421c46e5d2640,25191,canonical EX17 row/order shadow
scratch/rigid221-blockerv-exact17-20260806/source-faithful-cap9-direct-cnf-v18b-existing-bank-all84/cadical-canary-20260809/seed-2604.analysis.json,06f4e33035bcf418fc62a5a359fdb25d08212e859256d189f842b7d5624f250f,25191,canonical EX17 row/order shadow
scratch/rigid221-blockerv-exact17-20260806/source-faithful-cap9-direct-cnf-v19-bulk-bank-all85/cadical-canary-20260809/seed-2701.all-bank.analysis.json,8abc598b606bee08579844dcda4d1e6de54ab5de41ca8bbd2bf21702b4a96884,39733,canonical EX17 row/order shadow
scratch/rigid221-blockerv-exact17-20260806/source-faithful-cap9-direct-cnf-v19-bulk-bank-all85/cadical-canary-20260809/seed-2701.scan.analysis.json,4496cbc05ea5994c8d0e240c08d12c49241ab77e471bdd5f1957bfc7f809f280,14579,canonical EX17 row/order shadow
scratch/rigid221-blockerv-exact17-20260806/source-faithful-cap9-direct-cnf-v19-bulk-bank-all85/cadical-canary-20260809/seed-2702.scan.analysis.json,b31028a4b334a9bc2df8d1864a6e3d73b06a8f0eaa67065a8c63c3b492c951f2,14579,canonical EX17 row/order shadow
scratch/rigid221-blockerv-exact17-20260806/source-faithful-cap9-direct-cnf-v19-bulk-bank-all85/cadical-canary-20260809/seed-2703.scan.analysis.json,d28549aea7aaaffc80a0f4518223b89114584199242d2d55229a3f034c569099,14579,canonical EX17 row/order shadow
scratch/rigid221-blockerv-exact17-20260806/source-faithful-cap9-direct-cnf-v19-bulk-bank-all85/cadical-canary-20260809/seed-2704.scan.analysis.json,b569210c5d2bb829bcbd2cd5a4b35f7f120e4822bcf633bd983f311abf0d306a,14579,canonical EX17 row/order shadow
scratch/rigid221-blockerv-exact17-20260806/source-faithful-cap9-direct-cnf-v20-bulk-bank-all86/cadical-canary-20260809/seed-2801.all-bank.analysis.json,6bc58b006d81f9a41136a455a3ca0a868fd33b099b084717302c6aa0eb25278d,27887,canonical EX17 row/order shadow
scratch/rigid221-blockerv-exact17-20260806/source-faithful-cap9-direct-cnf-v20-bulk-bank-all86/cadical-canary-20260809/seed-2801.scan.analysis.json,a97c930e7c0be1d1a41d3266a802ce06359b13d9daa5cb6148a67c9ac4ba265b,11612,canonical EX17 row/order shadow
scratch/rigid221-blockerv-exact17-20260806/source-faithful-cap9-direct-cnf-v20-bulk-bank-all86/cadical-canary-20260809/seed-2802.scan.analysis.json,b3abebccc187ee06dc677685016bfb5ec6b2d430f4b5bfd34130580de844cbbe,11612,canonical EX17 row/order shadow
scratch/rigid221-blockerv-exact17-20260806/source-faithful-cap9-direct-cnf-v20-bulk-bank-all86/cadical-canary-20260809/seed-2803.scan.analysis.json,19cd1da11733b444563ce55902944d49bf4df20743544e8f281ec578947881ae,11612,canonical EX17 row/order shadow
scratch/rigid221-blockerv-exact17-20260806/source-faithful-cap9-direct-cnf-v20-bulk-bank-all86/cadical-canary-20260809/seed-2804.scan.analysis.json,f1a051b407816bce5a428b05d01dc38d356a710f5ec3178baab2dfcfeaded66d,11612,canonical EX17 row/order shadow
scratch/rigid221-blockerv-exact17-20260806/source-faithful-cap9-direct-cnf-v21-bulk-bank-all87/cadical-canary-20260809/seed-3001.all-bank.analysis.json,995f206140413cc82a4fb3a56ed6519f02cf2db246df741339e80ea4eb4d0445,19569,canonical EX17 row/order shadow
scratch/rigid221-blockerv-exact17-20260806/source-faithful-cap9-direct-cnf-v21-bulk-bank-all87/cadical-canary-20260809/seed-3001.scan.analysis.json,ed5e02e0981394b27760a0502a14939e4789e457ed6f0dfb51c698764d29a1c7,9294,canonical EX17 row/order shadow
scratch/rigid221-blockerv-exact17-20260806/source-faithful-cap9-direct-cnf-v21-bulk-bank-all87/cadical-canary-20260809/seed-3002.scan.analysis.json,ec8164f7944890d452200612674b461334c33468897037f630276dc6c6857625,9294,canonical EX17 row/order shadow
scratch/rigid221-blockerv-exact17-20260806/source-faithful-cap9-direct-cnf-v21-bulk-bank-all87/cadical-canary-20260809/seed-3003.scan.analysis.json,dd1bac3da04b1fa276adb6135705a3863ef120c223866fec5f412ad3a9be6d34,9294,canonical EX17 row/order shadow
scratch/rigid221-blockerv-exact17-20260806/source-faithful-cap9-direct-cnf-v21-bulk-bank-all87/cadical-canary-20260809/seed-3004.scan.analysis.json,a8e88109c91d0a7d90c50cc1173fe51b7a5042249279ed67d27a1aa74631ec34,9294,canonical EX17 row/order shadow
scratch/rigid221-blockerv-exact17-20260806/source-faithful-cap9-direct-cnf-v22-bulk-bank-all88/cadical-canary-20260809/seed-3201.all-bank.analysis.json,e8e99cf0b3435df6ffe1e48370acaa28c8568422586bd5f4ea6f8d0ee97ce276,28532,canonical EX17 row/order shadow
scratch/rigid221-blockerv-exact17-20260806/source-faithful-cap9-direct-cnf-v22-bulk-bank-all88/cadical-canary-20260809/seed-3201.scan.analysis.json,a3340d9f9b2a6e1a1c48f9f695edf861579e3592095c8d81010a86e57872a321,11994,canonical EX17 row/order shadow
scratch/rigid221-blockerv-exact17-20260806/source-faithful-cap9-direct-cnf-v22-bulk-bank-all88/cadical-canary-20260809/seed-3202.scan.analysis.json,57994682216cef5c58db390606a67e7cd130c810d280c343c519e381e1d6afc4,11994,canonical EX17 row/order shadow
scratch/rigid221-blockerv-exact17-20260806/source-faithful-cap9-direct-cnf-v22-bulk-bank-all88/cadical-canary-20260809/seed-3203.scan.analysis.json,650cd2a7b9064b5de7453aa1db9bd100f2880a73b6e85d39770f7ec484cd649f,11994,canonical EX17 row/order shadow
scratch/rigid221-blockerv-exact17-20260806/source-faithful-cap9-direct-cnf-v22-bulk-bank-all88/cadical-canary-20260809/seed-3204.scan.analysis.json,1deea33b48016acfda19b62e2e906d43594d445b2ccaf98a7c290a8ef0a3975c,11994,canonical EX17 row/order shadow
scratch/rigid221-blockerv-exact17-20260806/source-faithful-cap9-direct-cnf-v23-bulk-bank-all89/cadical-canary-20260809/seed-3401.scan.analysis.json,ea36a53e3b227a79c5191ae8f4a32037553d31062ff5c06c6d8e6567f5ce4cfe,11084,canonical EX17 row/order shadow
scratch/rigid221-blockerv-exact17-20260806/source-faithful-cap9-direct-cnf-v23-bulk-bank-all89/cadical-canary-20260809/seed-3402.scan.analysis.json,ca88800493f68c7e2f91d1ed5b11ec11c4e37e5759e840848ca314861f4ad3ef,11084,canonical EX17 row/order shadow
scratch/rigid221-blockerv-exact17-20260806/source-faithful-cap9-direct-cnf-v23-bulk-bank-all89/cadical-canary-20260809/seed-3403.scan.analysis.json,e23eca2ed1c186001b00730e7d1349ba079e2481e14e2fe31c0229f8de76c223,11084,canonical EX17 row/order shadow
scratch/rigid221-blockerv-exact17-20260806/source-faithful-cap9-direct-cnf-v23-bulk-bank-all89/cadical-canary-20260809/seed-3404.scan.analysis.json,445394870d0e03983e92c7955d6c75cf3cb1be25402bfa3590fc6971b449cfcf,11084,canonical EX17 row/order shadow
scratch/rigid221-blockerv-exact17-20260806/source-faithful-cap9-direct-cnf-v23t-all89/cadical-canary-20260809/seed-3601.analysis.json,fb4968e2675eae880a15f07059c7a36196776e94a280a1048207e42182b001e4,20128,canonical EX17 row/order shadow
scratch/rigid221-blockerv-exact17-20260806/source-faithful-cap9-direct-cnf-v23t-all89/cadical-canary-20260809/seed-3602.analysis.json,8ea154c8043e72fa079664c6b88e21976cb871099285730d0f55de5160eafdd4,20444,canonical EX17 row/order shadow
scratch/rigid221-blockerv-exact17-20260806/source-faithful-cap9-direct-cnf-v23t-all89/cadical-canary-20260809/seed-3603.analysis.json,691b7b8485a5f9e2b4a9b1cf2da9a1ec4094c4581196792ffa96478576bfdc7f,20971,canonical EX17 row/order shadow
scratch/rigid221-blockerv-exact17-20260806/source-faithful-cap9-direct-cnf-v23t-all89/cadical-canary-20260809/seed-3604.analysis.json,163a51ce1b007ca72e6acca0b2011a28a8a4f0dc843a181272335d9d448c8d19,20119,canonical EX17 row/order shadow
scratch/rigid221-blockerv-exact17-20260806/source-faithful-cap9-direct-cnf-v23t-all89/cadical-canary-20260809/seed-3605.analysis.json,2cdc4234d58af5139de3322865a7d1ac16ed6b172bbf09d01c595f56a8cb7eac,20619,canonical EX17 row/order shadow
scratch/rigid221-blockerv-exact17-20260806/source-faithful-cap9-direct-cnf-v23t-all89/cadical-canary-20260809/seed-3606.analysis.json,b3f1a86a9323f8499acb0ebc4a11a6ec47ba442e0afe64e195837a16e4e6a75e,20413,canonical EX17 row/order shadow
scratch/rigid221-blockerv-exact17-20260806/source-faithful-cap9-direct-cnf-v23t-all89/cadical-canary-20260809/seed-3607.analysis.json,1d56ced9bc7f05684b2c515ef9adf1d65293c436142fcf90ea98a2e63d90b12d,21445,canonical EX17 row/order shadow
scratch/rigid221-blockerv-exact17-20260806/source-faithful-cap9-direct-cnf-v23t-all89/cadical-canary-20260809/seed-3608.analysis.json,9f9b64a1698f90865218067d41d78429b8a196621623c49389c982f8427e9833,20702,canonical EX17 row/order shadow
scratch/rigid221-blockerv-exact17-20260806/source-faithful-cap9-direct-cnf-v23t-all89/cadical-canary-20260809/seed-3609.analysis.json,59f883a8ebb984b0b86d863456b0f02babda1a0ec61903811859f9b815fa8bc5,20977,canonical EX17 row/order shadow
scratch/rigid221-blockerv-exact17-20260806/source-faithful-cap9-direct-cnf-v24t-nine-models/cadical-canary-20260809/seed-3701.analysis.json,f1067451a795269de7fbd9a26a1f17e68891aeb8e55ab1702025bddcc1cc19f8,9345,canonical EX17 row/order shadow
scratch/rigid221-blockerv-exact17-20260806/source-faithful-cap9-direct-cnf-v25t-global-lra-nine/cadical-canary-20260809/seed-3801.analysis.json,14cfe3c402782cd7eba4adabade1f6a6174e9b57cdc9f91db7ee71741e98e2a7,10327,canonical EX17 row/order shadow
scratch/rigid221-blockerv-exact17-20260806/source-faithful-cap9-direct-cnf-v5-live14/cadical-portfolio-20260808/seed-11.analysis.json,808893f9754c53a589359b189a88937b04c3867e7df7c9b528293f51c8fb8b25,9298,canonical EX17 row/order shadow
scratch/rigid221-blockerv-exact17-20260806/source-faithful-cap9-direct-cnf-v5-live14/cadical-portfolio-20260808/seed-29.analysis.json,f83fb5fc008fa0fa801b9a7fb99992b8cb4da21da02f440d9c2f32688db8a4a6,9542,canonical EX17 row/order shadow
scratch/rigid221-blockerv-exact17-20260806/source-faithful-cap9-direct-cnf-v5-live14/cadical-portfolio-20260808/seed-47.analysis.json,2d2c7c96e784c12e74c9221547897d03ffc8b2e6860ffdff7664b015dcfc0f34,9608,canonical EX17 row/order shadow
scratch/rigid221-blockerv-exact17-20260806/source-faithful-cap9-direct-cnf-v5-live14/cadical-portfolio-20260808/seed-83.analysis.json,95ef489a5d8f85947ef398c5bfec442ffcca607e226ec7692397cd9eca8779f5,9587,canonical EX17 row/order shadow
scratch/rigid221-blockerv-exact17-20260806/source-faithful-cap9-direct-cnf-v6-analysis4/cadical-portfolio-20260808/seed-101.analysis.json,ae3aad6ecfef5f77704219c8df086084d18b4dc6a2d3ca1d61320202f220fc37,10715,canonical EX17 row/order shadow
scratch/rigid221-blockerv-exact17-20260806/source-faithful-cap9-direct-cnf-v6-analysis4/cadical-portfolio-20260808/seed-131.analysis.json,cfe84618cdfcca3465a42dc6d27991af581ac10d42f0a13d6e175f38904f6a9e,9717,canonical EX17 row/order shadow
scratch/rigid221-blockerv-exact17-20260806/source-faithful-cap9-direct-cnf-v6-analysis4/cadical-portfolio-20260808/seed-167.analysis.json,b654bf5c40955fadeacf9afb62643fa8daad52f8ba7f917dd5823e0c19db8fd1,9280,canonical EX17 row/order shadow
scratch/rigid221-blockerv-exact17-20260806/source-faithful-cap9-direct-cnf-v6-analysis4/cadical-portfolio-20260808/seed-193.analysis.json,af26cbcbbf21ecdd65d09d62f227a52dda6fb4097115b03ee428660bafad9854,9801,canonical EX17 row/order shadow
scratch/rigid221-blockerv-exact17-20260806/source-faithful-cap9-direct-cnf-v7-analysis8/cadical-portfolio-20260808/seed-211.analysis.json,0f86e38afec237c2b995c09b8757859608d7460393e4bc10ba5ad015e5873729,9439,canonical EX17 row/order shadow
scratch/rigid221-blockerv-exact17-20260806/source-faithful-cap9-direct-cnf-v7-analysis8/cadical-portfolio-20260808/seed-251.analysis.json,5ca8e0c5c85ea06862701ae1294165263d1b09a0e900755c631403ab40b24ece,9475,canonical EX17 row/order shadow
scratch/rigid221-blockerv-exact17-20260806/source-faithful-cap9-direct-cnf-v7-analysis8/cadical-portfolio-20260808/seed-277.analysis.json,1454e2dbe310f6879c917a808bebcb90fc0f1c7f9183d96b06efaa96600b1036,9773,canonical EX17 row/order shadow
scratch/rigid221-blockerv-exact17-20260806/source-faithful-cap9-direct-cnf-v7-analysis8/cadical-portfolio-20260808/seed-307.analysis.json,4887c6c054259757dbbba1387e05a6fc1c6c2d41872901db142ca958700a519a,9589,canonical EX17 row/order shadow
scratch/rigid221-blockerv-exact17-20260806/source-faithful-cap9-direct-cnf-v8-proposal-analysis12/cadical-portfolio-20260808/seed-401.analysis.json,eec9fb2057edbb9d0c93cdfd9286e16c0885a1e592e9781169d170ec0ddfd34d,9668,canonical EX17 row/order shadow
scratch/rigid221-blockerv-exact17-20260806/source-faithful-cap9-direct-cnf-v8-proposal-analysis12/cadical-portfolio-20260808/seed-409.analysis.json,f81d5a2e03ccaa00702ec6d52bf04e98f99c02b2e96a91dcb286caa9916cbb2b,9584,canonical EX17 row/order shadow
scratch/rigid221-blockerv-exact17-20260806/source-faithful-cap9-direct-cnf-v8-proposal-analysis12/cadical-portfolio-20260808/seed-419.analysis.json,5d9d3582e11cf96d67c1ae6d095057db3e03663a0f451f104116206e2f7e63e9,9697,canonical EX17 row/order shadow
scratch/rigid221-blockerv-exact17-20260806/source-faithful-cap9-direct-cnf-v8-proposal-analysis12/cadical-portfolio-20260808/seed-431.analysis.json,684287c50a682ceffe7811fa5e1d748310ccd1cb4bee69f08d87d1d1ae31d51f,10409,canonical EX17 row/order shadow
scratch/rigid221-blockerv-exact17-20260806/source-faithful-cap9-direct-cnf-v8-proposal-analysis12/cadical-portfolio-20260808/seed-443.analysis.json,fa553a0f2e9e449ac872036c57de6257023c44554fe833bef72608cdce072478,10062,canonical EX17 row/order shadow
scratch/rigid221-blockerv-exact17-20260806/source-faithful-cap9-direct-cnf-v8-proposal-analysis12/cadical-portfolio-20260808/seed-457.analysis.json,ee62c34a0d879720a99f9e9fdd87405568b8e419629e95186bf153cb7e17bed6,9589,canonical EX17 row/order shadow
scratch/rigid221-blockerv-exact17-20260806/source-faithful-cap9-direct-cnf-v8-proposal-analysis12/cadical-portfolio-20260808/seed-467.analysis.json,40a8809735aef2135c4e820bc681359ac22581779b2399a70c8f217dbdd4ea2c,9710,canonical EX17 row/order shadow
scratch/rigid221-blockerv-exact17-20260806/source-faithful-cap9-direct-cnf-v8-proposal-analysis12/cadical-portfolio-20260808/seed-479.analysis.json,326aff5d24496ec80508dc2a8dd007d294a5fc3b8a9e38edd34284e20b5da932,9855,canonical EX17 row/order shadow
scratch/rigid221-blockerv-exact17-20260806/source-faithful-cap9-direct-cnf-v8-proposal-analysis12/cadical-portfolio-20260808/seed-491.analysis.json,30bd9ce81c881bd54bfee7774ce59c351460b5d9c6a776d412a1d8bc2541ba24,9467,canonical EX17 row/order shadow
scratch/rigid221-blockerv-exact17-20260806/source-faithful-cap9-direct-cnf-v8-proposal-analysis12/cadical-portfolio-20260808/seed-503.analysis.json,6734fe6a7994130d26fafe7e73e6221c8bbc9012e29f565ff3983b40e2275ed9,9351,canonical EX17 row/order shadow
scratch/rigid221-blockerv-exact17-20260806/source-faithful-cap9-direct-cnf-v8-proposal-analysis12/cadical-portfolio-20260808/seed-521.analysis.json,5517dc670395cb9e861309cc7b78b51264f428511d40b3b475ec7270542ece2f,10307,canonical EX17 row/order shadow
scratch/rigid221-blockerv-exact17-20260806/source-faithful-cap9-direct-cnf-v8-proposal-analysis12/cadical-portfolio-20260808/seed-541.analysis.json,89dd7d8218c3ab49b0e554a726e97fe95281f860c9be20b831693dcbfff11180,9619,canonical EX17 row/order shadow
scratch/rigid221-blockerv-exact17-20260806/source-faithful-cap9-direct-cnf-v8-proposal-analysis12/cadical-portfolio-20260808/seed-557.analysis.json,2f020f9d03d098b77a7f49f745c785664ebc4ae3f654d30cf9f3e155b3335815,9315,canonical EX17 row/order shadow
scratch/rigid221-blockerv-exact17-20260806/source-faithful-cap9-direct-cnf-v8-proposal-analysis12/cadical-portfolio-20260808/seed-571.analysis.json,83cd5179c7680ba5c08a5cf7cdbd440a0385149cd7670087bc9cf9e666e22134,9960,canonical EX17 row/order shadow
scratch/rigid221-blockerv-exact17-20260806/source-faithful-cap9-direct-cnf-v8-proposal-analysis12/cadical-portfolio-20260808/seed-587.analysis.json,36e45f4edfa6414f8745ea449ee600b22dbb74d3ddbc03f018d0b8da8a290799,9314,canonical EX17 row/order shadow
scratch/rigid221-blockerv-exact17-20260806/source-faithful-cap9-direct-cnf-v8-proposal-analysis12/cadical-portfolio-20260808/seed-601.analysis.json,50f22a2fb2f82b35f19932aae48fbea188f3907ba28e52ea44830c17b9558abe,9962,canonical EX17 row/order shadow
scratch/rigid221-blockerv-exact17-20260806/source-faithful-cap9-direct-cnf-v9-proposal-analysis28/cadical-portfolio-20260808/seed-701.analysis.json,5342abd6dc14346e555d02f1abe238783cda9d5d88624df671c5076561fb5b2b,9582,canonical EX17 row/order shadow
scratch/rigid221-blockerv-exact17-20260806/source-faithful-cap9-direct-cnf-v9-proposal-analysis28/cadical-portfolio-20260808/seed-709.analysis.json,52c27d07f8b31be441b1a12c1fb077e6f39f558db7d4499283aee17c3144b5f6,9701,canonical EX17 row/order shadow
scratch/rigid221-blockerv-exact17-20260806/source-faithful-cap9-direct-cnf-v9-proposal-analysis28/cadical-portfolio-20260808/seed-719.analysis.json,7014550394afd3acb94f29cc0d7dec3031044f270029145687cc986c5a776fa9,9567,canonical EX17 row/order shadow
scratch/rigid221-blockerv-exact17-20260806/source-faithful-cap9-direct-cnf-v9-proposal-analysis28/cadical-portfolio-20260808/seed-733.analysis.json,92102a38fa95d58540b027a565ac49c29b9b138e2f0a827d9cbd5116127b94b9,9552,canonical EX17 row/order shadow
scratch/rigid221-blockerv-exact17-20260806/source-faithful-cap9-direct-cnf-v9-proposal-analysis28/cadical-portfolio-20260808/seed-743.analysis.json,b3611a7b5f8c90f21c203da863fb60f6fd650dc18e303eb25281508d5b7f441f,9722,canonical EX17 row/order shadow
scratch/rigid221-blockerv-exact17-20260806/source-faithful-cap9-direct-cnf-v9-proposal-analysis28/cadical-portfolio-20260808/seed-751.analysis.json,d2a7380b04e20358a3289c75ee2e9f6236489c117ace34693c775c997a50cbab,9979,canonical EX17 row/order shadow
scratch/rigid221-blockerv-exact17-20260806/source-faithful-cap9-direct-cnf-v9-proposal-analysis28/cadical-portfolio-20260808/seed-761.analysis.json,b045f26a3663e857815ec8d31234235dfc874acd4481599536e052542f44508c,9226,canonical EX17 row/order shadow
scratch/rigid221-blockerv-exact17-20260806/source-faithful-cap9-direct-cnf-v9-proposal-analysis28/cadical-portfolio-20260808/seed-773.analysis.json,a63e4eec58c664e823b582a1b5379f63a9053055a543ecac07e982e7b88c9655,9812,canonical EX17 row/order shadow
scratch/rigid221-blockerv-exact17-20260806/source-faithful-cap9-direct-cnf-v9-proposal-analysis28/cadical-portfolio-20260808/seed-787.analysis.json,7599058095679408000df8ee4246a5fe6802024d8a2853d8178db3e69d02384b,9598,canonical EX17 row/order shadow
scratch/rigid221-blockerv-exact17-20260806/source-faithful-cap9-direct-cnf-v9-proposal-analysis28/cadical-portfolio-20260808/seed-797.analysis.json,0feb2e69593eb5472f0649d023365e35c3bb7e0d48f9c87c7abfd2e4baf7cd85,9943,canonical EX17 row/order shadow
scratch/rigid221-blockerv-exact17-20260806/source-faithful-cap9-direct-cnf-v9-proposal-analysis28/cadical-portfolio-20260808/seed-809.analysis.json,5e989768459cd6f3e443c069bd43e2b9809ca631c92dad78277e8a738047e8e1,10400,canonical EX17 row/order shadow
scratch/rigid221-blockerv-exact17-20260806/source-faithful-cap9-direct-cnf-v9-proposal-analysis28/cadical-portfolio-20260808/seed-821.analysis.json,4f7e7ed5a95946574bfa885f8cf41d1116695c154b4b9c6ef68ba1fd31e20ffa,9718,canonical EX17 row/order shadow
scratch/rigid221-blockerv-exact17-20260806/source-faithful-cap9-direct-cnf-v9-proposal-analysis28/cadical-portfolio-20260808/seed-829.analysis.json,15c812d373f1400a419f9d2cc33441cbcfefc3060781e14730eaea832624fa96,9908,canonical EX17 row/order shadow
scratch/rigid221-blockerv-exact17-20260806/source-faithful-cap9-direct-cnf-v9-proposal-analysis28/cadical-portfolio-20260808/seed-839.analysis.json,607cc6320632ebaec82c14d89ff4e1665eb78bb6b90f787763b108b8b18cb20e,10113,canonical EX17 row/order shadow
scratch/rigid221-blockerv-exact17-20260806/source-faithful-cap9-direct-cnf-v9-proposal-analysis28/cadical-portfolio-20260808/seed-853.analysis.json,1e92c944501051b6fbfc13410b4bf60b6e7e3be7ea413d385b9a8135d46fa344,9331,canonical EX17 row/order shadow
scratch/rigid221-blockerv-exact17-20260806/source-faithful-cap9-direct-cnf-v9-proposal-analysis28/cadical-portfolio-20260808/seed-863.analysis.json,f638cc56c74f6be56f2bc73b1c5ec891fd41cc65b24cff1f4a93cbee4dff50b6,9851,canonical EX17 row/order shadow
scratch/rigid221-blockerv-exact17-20260806/source-faithful-cap9-direct-cnf-v9-proposal-analysis28/cadical-portfolio-20260808/seed-877.analysis.json,f82ff904934a2f56a66e125cf77ff8f76e58631b250e8e10474d89da0ab65b46,10126,canonical EX17 row/order shadow
scratch/rigid221-blockerv-exact17-20260806/source-faithful-cap9-direct-cnf-v9-proposal-analysis28/cadical-portfolio-20260808/seed-887.analysis.json,fdfeda31fb6ffe87b84d558871dc1f941638616254ac506a9613bafdfbbfb346,9444,canonical EX17 row/order shadow
scratch/rigid221-blockerv-exact17-20260806/source-faithful-cap9-direct-cnf-v9-proposal-analysis28/cadical-portfolio-20260808/seed-907.analysis.json,311407aaba2fce7810b0b8a2780594685fc8aa9a340de53853ec518d34c7a40f,9541,canonical EX17 row/order shadow
scratch/rigid221-blockerv-exact17-20260806/source-faithful-cap9-direct-cnf-v9-proposal-analysis28/cadical-portfolio-20260808/seed-919.analysis.json,4e3e663f82caabba4ec269d7b2b23c9354a53b8215e8c81f82338c2de4e0e618,10076,canonical EX17 row/order shadow
scratch/rigid221-blockerv-exact17-20260806/source-faithful-cap9-transitive-v2/o0-p0-1.analysis.json,4434485b66d7aae373e629b979b781d0bc86ccd783f15ef0ec458ec89f582e8f,10163,canonical EX17 row/order shadow
scratch/rigid221-blockerv-exact17-20260806/source-faithful-cap9-transitive-v2/pinned-refine2-o0-p0-1.analysis.json,4f35d8f1d710167d3a3ebfd7edaf1eaf0e921122b2a520348ff0f460965673ae,10470,canonical EX17 row/order shadow
scratch/rigid221-blockerv-exact17-20260806/source-faithful-cap9-transitive-v2/pinned-refine2-static-g-fivepoint-proposal-o0-p0-1.analysis.json,2d2a7fbc39d4fb28d065423de2ae1ffddbfb11b85d0f190b45d6f7ee15742364,9350,canonical EX17 row/order shadow
scratch/rigid221-blockerv-exact17-20260806/source-faithful-cap9-transitive-v2/pinned-refine2-static-g-proposal-o0-p0-1.analysis.json,b594055b7dc3bf24a3b6b23831c80f5c4082d2f6782ae19f40d88f1df7e7e2f5,10409,canonical EX17 row/order shadow
scratch/rigid221-blockerv-exact17-20260806/source-faithful-cap9-transitive-v2/pinned-refine3-o0-p0-1.analysis.json,9b9309421d6fb173d0b59629a394d89909db943342f684c5aa6409858c88585c,10467,canonical EX17 row/order shadow
scratch/rigid221-blockerv-exact17-20260806/source-faithful-cap9-transitive-v2/pinned-refine3-static-g-fivepoint-proposal-o0-p0-1.analysis.json,38859557384788c92a8ef28f25a52621938715376e2b5581e434b78a8f8f8f1c,9329,canonical EX17 row/order shadow
scratch/rigid221-blockerv-exact17-20260806/source-faithful-cap9-transitive-v2/pinned-refine4-generalized-two-kalmanson-proposal-o0-p0-1.analysis.json,8eeaf723033a624fd287a6b7dc3f7684f9e60c77227f019dda63573a80acd468,9304,canonical EX17 row/order shadow
scratch/rigid221-blockerv-exact17-20260806/source-faithful-cap9-transitive-v2/pinned-refine4-o0-p0-1.analysis.json,6fd7d46619cfda3ec788d555de4c2f3afe65c068b61ae7269a80070f3d9cda70,10213,canonical EX17 row/order shadow
scratch/rigid221-blockerv-exact17-20260806/source-faithful-cap9-transitive-v2/pinned-refine5-generalized-two-kalmanson-proposal-o0-p0-1.analysis.json,705623caaed528990ed352f6a5854904a2fdd3ae6f854161ba2427f68cd148e5,9634,canonical EX17 row/order shadow
scratch/rigid221-blockerv-exact17-20260806/source-faithful-cap9-transitive-v2/pinned-refine6-all-edge-two-kalmanson-proposal-o0-p0-1.analysis.json,501c047dc7f35a8e1ebd439f6507e5d4d004e05b1338dc8cea3f38eca1569a52,10389,canonical EX17 row/order shadow
scratch/rigid221-blockerv-exact17-20260806/source-faithful-cap9-transitive-v2/refine1-o0-p0-1.analysis.json,1ff2a99f4bff4434377a9dc22a2f72aa955d886743fcbdcacb925c76d4ebe4da,10658,canonical EX17 row/order shadow
scratch/rigid221-blockerv-exact17-20260806/source-faithful-cap9-v1/proposal-model-analysis-o0-p0-4.json,6beb545cbd52addd2be9f7dbc0a4f42399c3df04f4f2c35429edaf7c4b8f8e4f,12051,canonical EX17 row/order shadow
scratch/rigid221-blockerv-exact17-20260806/two-kalmanson-path-motif-v1-source-frozen-20260809/probe-seed1/analysis.json,2aa0b9e39f41bd0911b9a7443d6978eea6ce4742eed3dcdfd82fc10e175261c2,20807,canonical EX17 row/order shadow
scratch/rigid221-blockerv-exact17-20260806/two-kalmanson-six-role-motif-v1-source-frozen-20260809/probe-seed1/analysis.json,bd2ee474a9d0b07aeab754fb03e5c2962c00cc5d810377da8822ce440509be02,20916,canonical EX17 row/order shadow
scratch/rigid221-blockerv-offclass-exact16-probe-20260806/full-kalmanson-o0-i10.json,7549fa51c2cca19235c81baeb9630a5ab6eba980c56157a2598c623ccc974208,1369,EX16 aggregate cell summary
scratch/rigid221-blockerv-offclass-exact16-probe-20260806/full-kalmanson-o0-i11.json,db568d92cc6672271ba1464ca5ec762f5c10921f62d150ec02f07eaaee9356dc,1369,EX16 aggregate cell summary
scratch/rigid221-blockerv-offclass-exact16-probe-20260806/full-kalmanson-o0-i12.json,fd3d5f58f9e8623b836f7a1c761a78ed5415387f6f242c919372e78e3f29c62c,1369,EX16 aggregate cell summary
scratch/rigid221-blockerv-offclass-exact16-probe-20260806/full-kalmanson-o0-i13.json,cc753044efbad3e9c884a8b8a2318205611c18902ed6789a5927186b9097a7d1,1369,EX16 aggregate cell summary
scratch/rigid221-blockerv-offclass-exact16-probe-20260806/full-kalmanson-o0-i14.json,ab95c515c3155692fabfeb9e4e60e73ec927043e55296b7dcf26063e57b8680e,1369,EX16 aggregate cell summary
scratch/rigid221-blockerv-offclass-exact16-probe-20260806/full-kalmanson-o0-i15.json,97e42220c6c79ce13a661c1eede981e15c496587aa55dde12372bd80a5b0a010,1369,EX16 aggregate cell summary
scratch/rigid221-blockerv-offclass-exact16-probe-20260806/full-kalmanson-o0-i9.json,dd744d330af016c33a7f256b8538c25ba754ac09be226fe2a222a1ef74740cfa,1368,EX16 aggregate cell summary
scratch/rigid221-blockerv-offclass-exact16-probe-20260806/full-kalmanson-o1-i10.json,54b6972bcabf82352769dfca4a77c7d7bca4ea3e490d8e4c870894ec57f77b41,1369,EX16 aggregate cell summary
scratch/rigid221-blockerv-offclass-exact16-probe-20260806/full-kalmanson-o1-i11.json,23a0a8d2e5b6fbf7a2f46262425814658684d11ea1485caf7d9b40af0f172719,1369,EX16 aggregate cell summary
scratch/rigid221-blockerv-offclass-exact16-probe-20260806/full-kalmanson-o1-i12.json,f4b9c0daf50044d71460434104f70a95d1d7478ea00375ca2cf3ab162a1e1fae,1369,EX16 aggregate cell summary
scratch/rigid221-blockerv-offclass-exact16-probe-20260806/full-kalmanson-o1-i13.json,dddafd7bde65de5b5249b85a9182620ed7f15e8e1661c5fe35ebfe105e85932b,1369,EX16 aggregate cell summary
scratch/rigid221-blockerv-offclass-exact16-probe-20260806/full-kalmanson-o1-i14.json,b6329b252465a2dcb5a9aa75657d151cbc630110fa9b7bd68b7e084cbfd4e745,1369,EX16 aggregate cell summary
scratch/rigid221-blockerv-offclass-exact16-probe-20260806/full-kalmanson-o1-i15.json,d8e5bbb61d2b46845585d4f3dabeae6697344efd572adc9ac7e2e0d99c73a8ea,1369,EX16 aggregate cell summary
scratch/rigid221-blockerv-offclass-exact16-probe-20260806/full-kalmanson-o1-i9.json,f124e717b23c1bc0ba2a40dae50cb7140bdc810cc371ca092410ed69c0134515,1368,EX16 aggregate cell summary
scratch/rigid221-blockerv-offclass-probe-20260806/REPORT.md,c38463238163143bfa08631b15f5022b9a524a8902b68999be97b688c00acf83,1516,source-boundary or report evidence
scratch/rigid221-blockerv-offclass-probe-20260806/probe.json,6fb2e97688822afa5590b9f8ba958f81efb9dbb8fa788cb655a3750fd46255ae,1333,run inventory: r221-large-offclass-incidence-probe-n16
scratch/runs/exact17-cocircular-pentagon-order-20260819/terminal-v1/events/decoded-model.json,551334ec69df322fbe64caca70e5151f699b0d3cf0fa572fdb49c01c168132b8,820,decoded EX17 Boolean row assignment
scratch/runs/exact17-cocircular-pentagon-order-20260819/terminal-v1/events/sat-refinement-decoded-model.json,d0d42656374239174ce463d1b61ac7599ffb89f8ab8c0b8a86826519e9d5e0d9,1214,decoded EX17 Boolean row assignment
scratch/runs/firstnonhit-all-large-caps-v4/n17-one-shot-audit-approved/terminal-receipt.json,d3abcc462ae393275fda9990b4211b51c73f552c8c067a2de419abd8839ab797,6239,run inventory: firstnonhit-all-large-caps-v4/n17-one-shot-audit-approved
scratch/runs/firstnonhit-overlap-v5/n17-one-shot-audit-approved/terminal-receipt.json,5beae580e3c6363cfd1c60a7719539c0039391ba361974e1e173dd68d3210783,6615,run inventory: firstnonhit-overlap-v5/n17-one-shot-audit-approved
scratch/two-shell-partial-euclidean-model/REPORT.md,e7d46cb5d64c7d833ddcee6a365a7d5f5d7c669c11c52966ade441b6321dd7d2,2767,source-boundary or report evidence
